Liên kết gốc,Sub_id1,Sub_id2,Sub_id3,Sub_id4,Sub_id5,Liên kết chuyển đổi,Lí do thất bại
https://shopeefood.vn/ho-chi-minh/minh-chien-hai-san-vua-hai-san-tan-ky-tan-quy,,,,,,https://shope.ee/4fwaRG6FQD,
https://shopeefood.vn/ho-chi-minh/red-round-pizza-pasta-hung-gia-2,,,,,,https://shope.ee/5Asr2B4LPK,
https://shopeefood.vn/ho-chi-minh/quan-oc-hem-cho-hoang-hoa-tham,,,,,,https://shope.ee/50ZQps4ykJ,
https://shopeefood.vn/ho-chi-minh/com-hai-san-phu-trung-healthy,,,,,,https://shope.ee/2qUwFtDE8u,
https://shopeefood.vn/ho-chi-minh/oc-hai-san-mai-u,,,,,,https://shope.ee/2gBW3aDrTt,
https://shopeefood.vn/ho-chi-minh/xo-hai-san-sot-cajun-101-hoang-dieu-2,,,,,,https://shope.ee/3B7meVBxT0,
https://shopeefood.vn/ho-chi-minh/the-cajun-cua-nha-hang-hai-san,,,,,,https://shope.ee/30oMSCCanz,
https://shopeefood.vn/ho-chi-minh/go79-seafood-goi-oc-chao-hai-san-nha-trang-vanh-dai-trong,,,,,,https://shope.ee/3Vkd37Agn6,
https://shopeefood.vn/ho-chi-minh/hai-san-207b,,,,,,https://shope.ee/3LRCqoBK85,
https://shopeefood.vn/ho-chi-minh/xo-hai-san-sot-cajun-huynh-van-banh,,,,,,https://shope.ee/3qNTRj9Q7C,
https://shopeefood.vn/ho-chi-minh/an-cua-com-hai-san-le-thanh-ton,,,,,,https://shope.ee/3g43FQA3SB,
https://shopeefood.vn/ho-chi-minh/bun-hai-san-nguyen-thi-thap,,,,,,https://shope.ee/1VzYfRIIqm,
https://shopeefood.vn/ho-chi-minh/hai-san-rung-tram-6-hai-san-phan-van-hon.l9m31f,,,,,,https://shope.ee/1Lg8T8IwBl,
https://shopeefood.vn/ho-chi-minh/com-hai-san-phu-trung-544-huong-lo-2,,,,,,https://shope.ee/1qcP43H2As,
https://shopeefood.vn/ho-chi-minh/chi-ha-trung-cut-chen-nuong-hai-san,,,,,,https://shope.ee/1gIyrkHfVr,
https://shopeefood.vn/ho-chi-minh/banh-mi-mien-dac-san-hai-duong,,,,,,https://shope.ee/2BFFSfFlUy,
https://shopeefood.vn/ho-chi-minh/xo-hai-san-sot-cajun,,,,,,https://shope.ee/20vpGMGOpx,
https://shopeefood.vn/ho-chi-minh/nha-hang-hai-san-phi-pho-bien,,,,,,https://shope.ee/2Vs5rHEUp4,
https://shopeefood.vn/ho-chi-minh/the-crab-shack-nha-hang-hai-san-tu-xuong,,,,,,https://shope.ee/2LYfeyF8A3,
https://shopeefood.vn/ho-chi-minh/chao-hai-san-1-doan-van-bo,,,,,,https://shope.ee/BUB4zNNYe,
https://shopeefood.vn/ho-chi-minh/com-hai-san-phu-trung-quan-9,,,,,,https://shope.ee/1AksgO0td,
https://shopeefood.vn/ho-chi-minh/com-hai-san-matcha-seoul-nguyen-van-thu,,,,,,https://shope.ee/W71TbM6sk,
https://shopeefood.vn/ho-chi-minh/bun-hai-san-767-doan-van-bo,,,,,,https://shope.ee/LnbHIMkDj,
https://shopeefood.vn/ho-chi-minh/dac-san-plus-hai-san-tuoi-song-duong-so-23,,,,,,https://shope.ee/qjrsDKqCq,
https://shopeefood.vn/ho-chi-minh/hai-san-xanh-food-quoc-lo-13,,,,,,https://shope.ee/gQRfuLTXp,
https://shopeefood.vn/ho-chi-minh/com-hai-san-han-quoc-cuu-long,,,,,,https://shope.ee/1BMiGpJZWw,
https://shopeefood.vn/ho-chi-minh/alocua-hai-san-cua-ca-mau-phan-van-tri,,,,,,https://shope.ee/113I4WKCrv,
https://shopeefood.vn/ho-chi-minh/go79-seafood-goi-oc-chao-hai-san-nha-trang-nguyen-huy-luong,,,,,,https://shope.ee/9V1qC8nqca,
https://shopeefood.vn/ho-chi-minh/pizza-ngot-pizza-thuc-an-nhanh-bac-hai.5n2psx,,,,,,https://shope.ee/9KiPzpoTxZ,
https://shopeefood.vn/ho-chi-minh/quan-hu-tieu-hai-san-hau-giang,,,,,,https://shope.ee/9pegakmZwg,
https://shopeefood.vn/ho-chi-minh/dai-hai-san-premium,,,,,,https://shope.ee/9fLGORnDHf,
https://shopeefood.vn/ho-chi-minh/kamike-mi-tron-hai-san-mi-tron-kim-chi,,,,,,https://shope.ee/AAHWzMlJGm,
https://shopeefood.vn/ho-chi-minh/ghien-chao-hai-san-suon-nguyen-lam,,,,,,https://shope.ee/9zy6n3lwbl,
https://shopeefood.vn/ha-noi/shin-mi-cay-mi-tron-indomie-bun-thai-hai-san-my-dinh,,,,,,https://shope.ee/AUuNNyk2as,
https://shopeefood.vn/ha-noi/688-food-bun-oc-lieu-chau-bun-thai-hai-san-my-dinh,,,,,,https://shope.ee/AKaxBfkfvr,
https://shopeefood.vn/ha-noi/trang-beo-ship-do-an-dem,,,,,,https://shope.ee/8AWSbgsvKS,
https://shopeefood.vn/ha-noi/na-vau-tiem-my-tuoi-hai-san,,,,,,https://shope.ee/80D2PNtYfR,
https://shopeefood.vn/ha-noi/the-pizza-company-xuan-dieu,,,,,,https://shope.ee/8V9J0IreeY,
https://shopeefood.vn/ha-noi/my-cay-my-hai-san-duong-linh-food,,,,,,https://shope.ee/8KpsnzsHzX,
https://shopeefood.vn/ha-noi/the-pizza-company-linh-dam,,,,,,https://shope.ee/8pm9OuqNye,
https://shopeefood.vn/ha-noi/bun-thai-hai-san-mi-tomyum-tran-duy-hung,,,,,,https://shope.ee/8fSjCbr1Jd,
https://shopeefood.vn/ha-noi/the-pizza-company-nguyen-co-thach,,,,,,https://shope.ee/9AOznWp7Ik,
https://shopeefood.vn/ha-noi/the-pizza-company-the-manor,,,,,,https://shope.ee/905ZbDpkdj,
https://shopeefood.vn/ha-noi/the-pizza-company-doan-tran-nghiep,,,,,,https://shope.ee/6q151Ey02K,
https://shopeefood.vn/ha-noi/the-pizza-company-nguyen-van-loc,,,,,,https://shope.ee/6fheovydNJ,
https://shopeefood.vn/ha-noi/the-pizza-company-nguyen-thi-dinh,,,,,,https://shope.ee/7AdvPqwjMQ,
https://shopeefood.vn/ha-noi/lau-thai-pattaya-lau-hai-san-thit-bo-my,,,,,,https://shope.ee/70KVDXxMhP,
https://shopeefood.vn/ha-noi/bun-rieu-cua-my-chua-cay-hai-san-xoi-khu-tap-the-a1-thanh-cong,,,,,,https://shope.ee/7VGloSvSgW,
https://shopeefood.vn/ha-noi/tam-cook-banh-mi-pate-cot-den-dac-san-hai-phong-9-hong-mai,,,,,,https://shope.ee/7KxLc9w61V,
https://shopeefood.vn/ha-noi/sinh-vien-food-mi-tron-indomie-mi-tron-hai-san-shop-online,,,,,,https://shope.ee/7ptcD4uC0c,
https://shopeefood.vn/ha-noi/dac-san-bun-ca-cay-hai-phong-my-dinh,,,,,,https://shope.ee/7faC0lupLb,
https://shopeefood.vn/ha-noi/phuong-food-mi-tron-indomie-cha-ca-hai-san-ha-long,,,,,,https://shope.ee/5VVhQn34kC,
https://shopeefood.vn/ha-noi/haha-steam-my-thai-hai-san-tra-hoa-qua,,,,,,https://shope.ee/5LCHEU3i5B,
https://shopeefood.vn/ha-noi/ga-ran-va-mi-y-jollibee-ec-ha-noi-2-thai-thinh,,,,,,https://shope.ee/5q8XpP1o4I,
https://shopeefood.vn/ha-noi/bep-me-dau-my-chua-cay-tim-cat-bo-hai-san-kim-giang,,,,,,https://shope.ee/5fp7d62RPH,
https://shopeefood.vn/ha-noi/agu-mi-cay-hai-san-bun-mien-tron-pho-hang-mam,,,,,,https://shope.ee/6AlOE10XOO,
https://shopeefood.vn/ha-noi/my-thai-hai-san-lau-coc-lau-thai-dinh-cong-thuong,,,,,,https://shope.ee/60Ry1i1AjN,
https://shopeefood.vn/ha-noi/mi-chua-cay-hai-san-hang-dao,,,,,,https://shope.ee/6VOEcczGiU,
https://shopeefood.vn/ha-noi/bun-hai-san-xoi-banh-mi-ngo-110-tran-duy-hung,,,,,,https://shope.ee/6L4oQJzu3T,
https://shopeefood.vn/ha-noi/tyty-bun-hai-san-mi-chua-cay-hoang-quoc-viet,,,,,,https://shope.ee/40gte28mn2,
https://shopeefood.vn/ha-noi/banh-mi-pate-pho-cot-den-dac-san-hai-phong-tho-thap,,,,,,https://shope.ee/4B0JqL89S5,
https://shopeefood.vn/ha-noi/bep-nha-dua-bun-thai-hai-san-bap-bo-my-tron,,,,,,https://shope.ee/4LJk2e7W78,
https://shopeefood.vn/ha-noi/san-bakery-banh-ngot-pizza-mi-y-online,,,,,,https://shope.ee/4VdAEx6smB,
https://shopeefood.vn/ha-noi/lau-nuong-1st-mi-hai-san-luong-dinh-cua,,,,,,https://shope.ee/4fwaRG6FRE,
https://shopeefood.vn/ha-noi/tiem-my-cay-a-ri-ngon-my-cay-bo-xuc-xich-hai-san-my-tron-indomie,,,,,,https://shope.ee/4qG0dZ5c6H,
https://shopeefood.vn/ha-noi/my-chang-my-tron-indomie-my-hai-san-chua-cay-chua-boc,,,,,,https://shope.ee/50ZQps4ylK,
https://shopeefood.vn/ha-noi/phuong-bong-banh-mi-truyen-thong-mi-tron-hai-san-luong-dinh-cua,,,,,,https://shope.ee/5Asr2B4LQN,
https://shopeefood.vn/ha-noi/b-food-mi-chua-cay-lau-thai-hai-san,,,,,,https://shope.ee/2gBW3aDrUu,
https://shopeefood.vn/ha-noi/bepchang-my-thai-hai-san-74-dong-thanh,,,,,,https://shope.ee/2qUwFtDE9x,
https://shopeefood.vn/ha-noi/dinh-oc-my-cay-bun-rieu-chao-hai-san-nguyen-co-thach.ipmoor,,,,,,https://shope.ee/30oMSCCap0,
https://shopeefood.vn/ha-noi/ong-hoang-banh-my-hai-san-ta-quang-buu,,,,,,https://shope.ee/3B7meVBxU3,
https://shopeefood.vn/ha-noi/bun-ca-bun-hai-san-quang-ninh-my-dinh,,,,,,https://shope.ee/3LRCqoBK96,
https://shopeefood.vn/ha-noi/banh-mi-pate-cot-den-dac-san-hai-phong-banh-mi-pate-phu-dien.vdeoty,,,,,,https://shope.ee/3Vkd37Ago9,
https://shopeefood.vn/ha-noi/bep-me-mut-bun-thai-mi-cay-hai-san-online,,,,,,https://shope.ee/3g43FQA3TC,
https://shopeefood.vn/ha-noi/bun-hai-san-giang-dinh-my-dinh,,,,,,https://shope.ee/3qNTRj9Q8F,
https://shopeefood.vn/ha-noi/banh-my-hai-san-dac-san-ly-son-quang-ngai-hoang-cong-chat,,,,,,https://shope.ee/1Lg8T8IwCm,
https://shopeefood.vn/ha-noi/panini-sandwiches-banh-mi-truyen-thong-y-hai-ba-trung,,,,,,https://shope.ee/1VzYfRIIrp,
https://shopeefood.vn/ha-noi/thu-thuy-banh-mi-cay-dac-san-hai-phong,,,,,,https://shope.ee/1gIyrkHfWs,
https://shopeefood.vn/ha-noi/nguyet-banh-mi-cay-dac-san-hai-phong-online,,,,,,https://shope.ee/1qcP43H2Bv,
https://shopeefood.vn/ha-noi/bepchang-my-thai-hai-san,,,,,,https://shope.ee/20vpGMGOqy,
https://shopeefood.vn/ha-noi/hai-san-duong-pho-bun-hai-san-my-xao-hai-san-duong-khue,,,,,,https://shope.ee/2BFFSfFlW1,
https://shopeefood.vn/ha-noi/bep-kim-phat-mi-ech-mi-thai-hai-san,,,,,,https://shope.ee/2LYfeyF8B4,
https://shopeefood.vn/ha-noi/mi-thai-hai-san-tomyum-nguyen-an-ninh,,,,,,https://shope.ee/2Vs5rHEUq7,
https://shopeefood.vn/ha-noi/nha-hang-kinger-com-pho-my-y-2-luong-ngoc-quyen,,,,,,https://shope.ee/1AksgO0ue,
https://shopeefood.vn/da-nang/papasteak-dien-bien-phu,,,,,,https://shope.ee/BUB4zNNZh,
https://shopeefood.vn/da-nang/xingfu-mi-cay-tra-sua-do-an-vat-152-van-tien-dung,,,,,,https://shope.ee/LnbHIMkEk,
https://shopeefood.vn/da-nang/mi-y-ca-phe-co-phuong-51-hai-son,,,,,,https://shope.ee/W71TbM6tn,
https://shopeefood.vn/da-nang/my-phuc-hai-san-ho-nghinh.gnrvk1,,,,,,https://shope.ee/gQRfuLTYq,
https://shopeefood.vn/da-nang/co-zy-bun-thai-hai-san-my-tron-an-vat,,,,,,https://shope.ee/qjrsDKqDt,
https://shopeefood.vn/da-nang/sea-bo-hai-san-sot-cay-my-cay-hoang-thi-loan,,,,,,https://shope.ee/113I4WKCsw,
https://shopeefood.vn/da-nang/trai-cay-tuoi-cat-san-nuoc-dua-08-phuoc-my-2,,,,,,https://shope.ee/1BMiGpJZXz,
https://shopeefood.vn/da-nang/ben-bo-quan-hai-san-ga-ca-9-my-an-9,,,,,,https://shope.ee/9KiPzpoTya,
https://shopeefood.vn/da-nang/my-quang-ba-cam-my-ca-chinh-pho-san-que-son-462-duong-2-thang-9,,,,,,https://shope.ee/9V1qC8nqdd,
https://shopeefood.vn/da-nang/banh-mi-hai-san,,,,,,https://shope.ee/9fLGORnDIg,
https://shopeefood.vn/da-nang/banh-mi-que-hai-phong-banh-mi-pate-dac-san-hai-phong,,,,,,https://shope.ee/9pegakmZxj,
https://shopeefood.vn/ho-chi-minh/mi-cay-hai-san-subi-ho-hoc-lam,,,,,,https://shope.ee/9zy6n3lwcm,
https://shopeefood.vn/ho-chi-minh/mi-tron-hai-san-xot-thai-68-tran-quang-khai,,,,,,https://shope.ee/AAHWzMlJHp,
https://shopeefood.vn/ho-chi-minh/doya-jjambbong-korean-chinese-restaurant-mi-cay-hai-san-champong-mi-tuong-den,,,,,,https://shope.ee/AKaxBfkfws,
https://shopeefood.vn/ho-chi-minh/mi-quang-ga-ta-3-mien-banh-cuon-hai-san-cung-dinh-15-bay-hien,,,,,,https://shope.ee/AUuNNyk2bv,
https://shopeefood.vn/ho-chi-minh/mi-y-2-pasta-online-bong-sao,,,,,,https://shope.ee/80D2PNtYgS,
https://shopeefood.vn/ho-chi-minh/pho-spaghetti-mi-y-va-ga-ran-nguyen-van-luong,,,,,,https://shope.ee/9pegakm66R,
https://shopeefood.vn/ho-chi-minh/bep-cua-bo-my-y-cafe-tra-duong-so-2,,,,,,https://shope.ee/8fSjCbqXTE,
https://shopeefood.vn/ho-chi-minh/taisot-mi-y-29k-vo-van-kiet,,,,,,https://shope.ee/8pm9Oupu8H,
https://shopeefood.vn/ho-chi-minh/my-hai-san-hao-xiang-champong-막둥이네-짬뽕,,,,,,https://shope.ee/905ZbDpGnK,
https://shopeefood.vn/ho-chi-minh/ga-ran-va-my-y-jollibee-ec-au-co-2,,,,,,https://shope.ee/9AOznWodSN,
https://shopeefood.vn/ho-chi-minh/quan-an-maika-bun-thai-com-tron-nguyen-dinh-chieu,,,,,,https://shope.ee/80D2PNt4pA,
https://shopeefood.vn/ho-chi-minh/quan-an-maika-bun-thai-com-tron-tan-da,,,,,,https://shope.ee/8AWSbgsRUD,
https://shopeefood.vn/ho-chi-minh/the-pizza-company-vanh-dai-trong,,,,,,https://shope.ee/8Kpsnzro9G,
https://shopeefood.vn/ho-chi-minh/com-ga-hoa-binh-pham-the-hien,,,,,,https://shope.ee/8V9J0IrAoJ,
https://shopeefood.vn/ho-chi-minh/ga-ran-va-mi-y-jollibee-huong-lo-2,,,,,,https://shope.ee/7KxLc9vcB6,
https://shopeefood.vn/ho-chi-minh/ga-ran-va-my-y-jollibee-ec-le-duc-tho-2,,,,,,https://shope.ee/7VGloSuyq9,
https://shopeefood.vn/ho-chi-minh/the-pizza-company-phan-van-tri,,,,,,https://shope.ee/7faC0luLVC,
https://shopeefood.vn/ho-chi-minh/the-pizza-company-hau-giang,,,,,,https://shope.ee/7ptcD4tiAF,
https://shopeefood.vn/ho-chi-minh/the-pizza-company-bau-cat,,,,,,https://shope.ee/6fheovy9X2,
https://shopeefood.vn/ho-chi-minh/the-pizza-company-nguyen-thi-minh-khai,,,,,,https://shope.ee/6q151ExWC5,
https://shopeefood.vn/ho-chi-minh/ga-ran-va-mi-y-jollibee-ec-nguyen-duy-trinh-2,,,,,,https://shope.ee/70KVDXwsr8,
https://shopeefood.vn/ho-chi-minh/the-pizza-company-thong-nhat,,,,,,https://shope.ee/7AdvPqwFWB,
https://shopeefood.vn/ho-chi-minh/banh-mi-chao-vien-xiu-mai-sun-nhan-hai-san,,,,,,https://shope.ee/60Ry1i0gsy,
https://shopeefood.vn/ho-chi-minh/the-pizza-company-phan-xich-long,,,,,,https://shope.ee/6AlOE103Y1,
https://shopeefood.vn/ho-chi-minh/be-bu-mi-nui-hu-tieu-xao-hai-san-huynh-tan-phat,,,,,,https://shope.ee/6L4oQJzQD4,
https://shopeefood.vn/ho-chi-minh/the-pizza-company-quang-trung,,,,,,https://shope.ee/6VOEccyms7,
https://shopeefood.vn/ho-chi-minh/mi-y-co-tam-so-2-lo-s-cu-xa-vinh-hoi,,,,,,https://shope.ee/5LCHEU3EEu,
https://shopeefood.vn/ho-chi-minh/the-pizza-company-giga-mall,,,,,,https://shope.ee/5VVhQn2atx,
https://shopeefood.vn/ho-chi-minh/tiem-mi-xao-1965-mi-nui-xao-bo-hai-san,,,,,,https://shope.ee/5fp7d61xZ0,
https://shopeefood.vn/ho-chi-minh/ha-cao-bi-hung-thinh-mi-xao-hai-san-nui-xao-bo,,,,,,https://shope.ee/5q8XpP1KE3,
https://shopeefood.vn/ho-chi-minh/tiem-137-sui-cao-mi-xa-xiu-hai-san,,,,,,https://shope.ee/4fwaRG5laq,
https://shopeefood.vn/ho-chi-minh/the-pizza-company-vo-van-ngan,,,,,,https://shope.ee/4qG0dZ58Ft,
https://shopeefood.vn/ho-chi-minh/hu-tieu-hai-san-mi-tron-chan-ga-sot-thai-79,,,,,,https://shope.ee/50ZQps4Uuw,
https://shopeefood.vn/ho-chi-minh/mi-tron-hai-san-rong-bien-chan-ga-sot-trung-non-nguyen-thi-thap,,,,,,https://shope.ee/5Asr2B3rZz,
https://shopeefood.vn/ho-chi-minh/mi-y-com-ga-hai-nam-224,,,,,,https://shope.ee/40gte28Iwm,
https://shopeefood.vn/ha-noi/lau-bo-lau-ech-lau-ca-chep-ca-tam,,,,,,https://shope.ee/4B0JqL7fbp,
https://shopeefood.vn/ha-noi/trau-lon-gac-bep-tom-muc-nuong-lau-bo-ech-ca,,,,,,https://shope.ee/4LJk2e72Gs,
https://shopeefood.vn/ha-noi/lau-ech-lau-thai-lau-ca-tam-ha-noi,,,,,,https://shope.ee/4VdAEx6Ovv,
https://shopeefood.vn/ha-noi/lau-ca-chep-gion-lau-bo-lau-ech-1,,,,,,https://shope.ee/3LRCqoAqIi,
https://shopeefood.vn/ha-noi/lau-bo-co-tu-quan-nhan,,,,,,https://shope.ee/3Vkd37ACxl,
https://shopeefood.vn/ha-noi/nha-hang-xanh-lau-bo-chua-cay-lau-ca-qua-chua-cay-67-69-tran-nhan-tong.nsul1u,,,,,,https://shope.ee/3g43FQ9Zco,
https://shopeefood.vn/ha-noi/pho-bo-com-rang-lau-bo-nhan-my,,,,,,https://shope.ee/3qNTRj8wHr,
https://shopeefood.vn/ha-noi/yen-tiec-duong-nhan-lau-bo-tuoi-trieu-chau-chinh-hieu,,,,,,https://shope.ee/2gBW3aDNee,
https://shopeefood.vn/ha-noi/tiem-nha-bo-lau-ly-mi-tron-do-an-vat-doi-nhan,,,,,,https://shope.ee/2qUwFtCkJh,
https://shopeefood.vn/ha-noi/quan-nga-hien-lau-bo-lau-ca-thanh-xuan-bac.c6xovb,,,,,,https://shope.ee/30oMSCC6yk,
https://shopeefood.vn/ha-noi/thai-nga-quan-pho-bo-lau-bo-269-pho-quan-nhan-phuong-nhan-chinh-quan-thanh-xuan-ha-noi.hqapek,,,,,,https://shope.ee/3B7meVBTdn,
https://shopeefood.vn/ha-noi/bo-tuoi-thu-ha-lau-bo-lau-rieu-cua-lau-ca-105-nghia-tan-keo-dai.vzgkro,,,,,,https://shope.ee/20vpGMFv0a,
https://shopeefood.vn/da-nang/ut-ki-quan-lau-bo-lau-ca-tam-ca-tam-nuong-2-thang-9,,,,,,https://shope.ee/2BFFSfFHfd,
https://shopeefood.vn/ho-chi-minh/lau-bo-lau-ca-nhut-tam-nguyen-huu-tri,,,,,,https://shope.ee/2LYfeyEeKg,
https://shopeefood.vn/ho-chi-minh/pha-lau-bo-do-nuong-ca-phe-nguyen-thi-ngau,,,,,,https://shope.ee/2Vs5rHE0zj,
https://shopeefood.vn/ho-chi-minh/lau-bo-heo-met-va-cac-mon-ca-minh-phat,,,,,,https://shope.ee/1Lg8T8ISMW,
https://shopeefood.vn/ho-chi-minh/lau-nha-lieu-lau-hai-san-lau-bo-ca-cac-loai-nguyen-duy,,,,,,https://shope.ee/1VzYfRHp1Z,
https://shopeefood.vn/ho-chi-minh/lau-ba-thuy-lau-bo-lau-ca-mu-lau-ca-tam,,,,,,https://shope.ee/1gIyrkHBgc,
https://shopeefood.vn/ho-chi-minh/banh-canh-ca-loc-bo-ne-lau-rieu-cua-bap-bo-subon-quan,,,,,,https://shope.ee/1qcP43GYLf,
https://shopeefood.vn/ho-chi-minh/sup-bao-ngu-vi-ca-vuong-hau-tinh-hoa-duong-nhan-bo-khi,,,,,,https://shope.ee/gQRfuKziS,
https://shopeefood.vn/ho-chi-minh/bun-bo-688-ca-nhan-so-2.wryhwo,,,,,,https://shope.ee/qjrsDKMNV,
https://shopeefood.vn/ho-chi-minh/quan-pha-lau-bo-singapore-tran-nhan-ton,,,,,,https://shope.ee/113I4WJj2Y,
https://shopeefood.vn/ho-chi-minh/lau-boss-lau-mang-ve-lau-thai-hai-san-lau-bo-my-lau-ca-thong-nhat.ik0tcg,,,,,,https://shope.ee/1BMiGpJ5hb,
https://shopeefood.vn/ho-chi-minh/moc-pha-lau-bo-ca-phe-le-van-khuong,,,,,,https://shope.ee/1AksgNX4O,
https://shopeefood.vn/ho-chi-minh/ba-na-food-lau-thai-hai-san-lau-bo-mi-tron-ca-vien-chien-cn-quan-10,,,,,,https://shope.ee/BUB4zMtjR,
https://shopeefood.vn/ho-chi-minh/quan-co-dep-lau-bo-lau-ca-phan-van-khoe,,,,,,https://shope.ee/LnbHIMGOU,
https://shopeefood.vn/ho-chi-minh/ca-ri-ga-pha-lau-bo-co-ba,,,,,,https://shope.ee/W71TbLd3X,
https://shopeefood.vn/ho-chi-minh/bo-vien-a-ta-t-bo-vien-nhan-so-t-ho-ng-kong-cao-van-la-u.7kej4q,,,,,,https://shope.ee/AAHWzMkpRQ,
https://shopeefood.vn/ho-chi-minh/sai-gon-d2-ca-tai-tuong-chien-xu-lau-bo-lau-ca-mang-chua,,,,,,https://shope.ee/9zy6n3lSmP,
https://shopeefood.vn/ha-noi/pho-ga-ngon-pho-ton-that-tung,,,,,,https://shope.ee/AUuNNyjYlW,
https://shopeefood.vn/ha-noi/pho-ga-doi-pho-bun-mien-so-22a-ngo-38.m6atkl,,,,,,https://shope.ee/AKaxBfkC6V,
https://shopeefood.vn/ha-noi/huong-beo-bun-mien-ngan-pho-ga-ta,,,,,,https://shope.ee/9V1qC8nMnM,
https://shopeefood.vn/ha-noi/quan-thuan-pho-ga-yen-phuc,,,,,,https://shope.ee/9KiPzpo08L,
https://shopeefood.vn/ha-noi/pho-lua-pho-ga-mai-dong,,,,,,https://shope.ee/9pegakm67S,
https://shopeefood.vn/ha-noi/pho-ga-ta-19-tran-hoa,,,,,,https://shope.ee/9fLGORmjSR,
https://shopeefood.vn/ha-noi/bun-ngan-pho-ga-73-sai-dong,,,,,,https://shope.ee/8pm9Oupu9I,
https://shopeefood.vn/ha-noi/pho-ga-ta-564-ngo-gia-tu,,,,,,https://shope.ee/8fSjCbqXUH,
https://shopeefood.vn/ha-noi/pho-bop-pho-ga-ta-bun-mien-ngan-tron,,,,,,https://shope.ee/9AOznWodTO,
https://shopeefood.vn/ha-noi/pho-ga-phat-loc,,,,,,https://shope.ee/905ZbDpGoN,
https://shopeefood.vn/ha-noi/pho-ga-79,,,,,,https://shope.ee/8AWSbgsRVE,
https://shopeefood.vn/ha-noi/pho-ga-huong-vi-moc-thai-thinh,,,,,,https://shope.ee/80D2PNt4qD,
https://shopeefood.vn/ha-noi/pho-chat-pho-ga-pho-tron-bun-thang-107-vuong-thua-vu,,,,,,https://shope.ee/8V9J0IrApK,
https://shopeefood.vn/ha-noi/quoc-huong-pho-ga-pho-co,,,,,,https://shope.ee/8KpsnzroAJ,
https://shopeefood.vn/ha-noi/pho-ga-157-kdt-van-khe,,,,,,https://shope.ee/7VGloSuyrA,
https://shopeefood.vn/ha-noi/pho-ga-ta-pho-xom,,,,,,https://shope.ee/7KxLc9vcC9,
https://shopeefood.vn/ha-noi/vui-pho-ga-ta-pho-co,,,,,,https://shope.ee/7ptcD4tiBG,
https://shopeefood.vn/ha-noi/kieu-linh-pho-ga-bun-ga-mi-ga-nuoc-tron,,,,,,https://shope.ee/7faC0luLWF,
https://shopeefood.vn/ha-noi/quan-an-dem-pho-ga-ta,,,,,,https://shope.ee/6q151ExWD6,
https://shopeefood.vn/ha-noi/quyen-pho-ga-tron-dac-biet,,,,,,https://shope.ee/6fheovy9Y5,
https://shopeefood.vn/ha-noi/pho-ga-hong-phuc-giai-phong,,,,,,https://shope.ee/7AdvPqwFXC,
https://shopeefood.vn/ha-noi/pho-ga-thuy-beo-137-tran-dai-nghia,,,,,,https://shope.ee/70KVDXwssB,
https://shopeefood.vn/ha-noi/pho-ga-huong-xua,,,,,,https://shope.ee/6AlOE103Z2,
https://shopeefood.vn/ha-noi/pho-ga-doi-phu-dien,,,,,,https://shope.ee/60Ry1i0gu1,
https://shopeefood.vn/ha-noi/pho-ga-cham-vo-chi-cong,,,,,,https://shope.ee/6VOEccymt8,
https://shopeefood.vn/ha-noi/linh-pho-pho-ga-phuc-tan,,,,,,https://shope.ee/6L4oQJzQE7,
https://shopeefood.vn/ha-noi/quan-thai-thinh-pho-ga-mien-ngan-nghia-tan,,,,,,https://shope.ee/5VVhQn2auy,
https://shopeefood.vn/ha-noi/pho-ga-nam-ngu,,,,,,https://shope.ee/5LCHEU3EFx,
https://shopeefood.vn/ha-noi/pho-ga-ong-hung-ngo-quyen,,,,,,https://shope.ee/5q8XpP1KF4,
https://shopeefood.vn/ha-noi/pho-van-pho-ga-ta-bun-mien-ngan-nguyen-khang,,,,,,https://shope.ee/5fp7d61xa3,
https://shopeefood.vn/ha-noi/thuy-mau-pho-ga-hoa-binh-7.uvynos,,,,,,https://shope.ee/4qG0dZ58Gu,
https://shopeefood.vn/ha-noi/com-ga-pho-ga-bep-co-do,,,,,,https://shope.ee/4fwaRG5lbt,
https://shopeefood.vn/ha-noi/pho-ga-87-lo-duc-pho-ga-pho-ga-tron-cac-mon-chuyen-ve-ga,,,,,,https://shope.ee/5Asr2B3rb0,
https://shopeefood.vn/ha-noi/pho-ga-vi-pho-long-bien,,,,,,https://shope.ee/50ZQps4Uvz,
https://shopeefood.vn/ha-noi/pho-ga-ta-thuong-hai,,,,,,https://shope.ee/4B0JqL7fcq,
https://shopeefood.vn/ha-noi/pho-ga-32-tram-troi,,,,,,https://shope.ee/40gte28Ixp,
https://shopeefood.vn/ha-noi/pho-ga-tuong-beo-176-phu-thuong,,,,,,https://shope.ee/4VdAEx6Oww,
https://shopeefood.vn/ha-noi/pho-ga-ta-dac-biet-kham-thien,,,,,,https://shope.ee/4LJk2e72Hv,
https://shopeefood.vn/ha-noi/502-pho-ga-bun-moc-tran-cung.7kejg9,,,,,,https://shope.ee/3Vkd37ACym,
https://shopeefood.vn/ha-noi/pho-ga-ta-pho-ga-sach-trang-tay-xoi-ga-nguyen-khanh-toan,,,,,,https://shope.ee/3LRCqoAqJl,
https://shopeefood.vn/ha-noi/pho-ga-66-ngoc-ha,,,,,,https://shope.ee/3qNTRj8wIs,
https://shopeefood.vn/ha-noi/duy-pho-ga-29-hang-vai,,,,,,https://shope.ee/80D2PNtUOq,
https://shopeefood.vn/ha-noi/trang-anh-chuyen-pho-bo-pho-ga,,,,,,https://shope.ee/8AWSbgsr3t,
https://shopeefood.vn/ha-noi/pho-ga-an-dien,,,,,,https://shope.ee/8KpsnzsDiw,
https://shopeefood.vn/ha-noi/phuong-chi-bun-ca-pho-ga-ta-mai-dich,,,,,,https://shope.ee/8V9J0IraNz,
https://shopeefood.vn/ha-noi/pho-ga-dong-tao-quoc-vuong-pho-ga-dong-tao-pho-ga-tron,,,,,,https://shope.ee/9zy6n3lsLI,
https://shopeefood.vn/ha-noi/pho-ga-trang-lien-mac,,,,,,https://shope.ee/AAHWzMlF0L,
https://shopeefood.vn/ha-noi/pho-ga-lan-thu,,,,,,https://shope.ee/AKaxBfkbfO,
https://shopeefood.vn/ha-noi/pho-ga-nga-beo-pho-tron-18-bach-dang.jivivx,,,,,,https://shope.ee/AUuNNyjyKR,
https://shopeefood.vn/ha-noi/ga-chay-bo-com-ga-pho-ga,,,,,,https://shope.ee/9KiPzpoPhE,
https://shopeefood.vn/ha-noi/pho-ga-thinh-vuong-co-bi,,,,,,https://shope.ee/9V1qC8nmMH,
https://shopeefood.vn/ha-noi/pho-kao-pho-ga-ta,,,,,,https://shope.ee/9fLGORn91K,
https://shopeefood.vn/ha-noi/pho-ga-ta-ecohome-1,,,,,,https://shope.ee/9pegakmVgN,
https://shopeefood.vn/ha-noi/khoi-quan-pho-ga-ta-tran-quoc-hoan,,,,,,https://shope.ee/gQRfuLPHc,
https://shopeefood.vn/ha-noi/pho-ga-hk,,,,,,https://shope.ee/qjrsDKlwf,
https://shopeefood.vn/ha-noi/pho-ga-thanh-tam,,,,,,https://shope.ee/113I4WK8bi,
https://shopeefood.vn/ha-noi/pho-ga-co-phuong-linh-nam,,,,,,https://shope.ee/1BMiGpJVGl,
https://shopeefood.vn/ha-noi/pho-ga-tien-duoc,,,,,,https://shope.ee/1AksgNwdY,
https://shopeefood.vn/ha-noi/pho-phong-pho-ga-tron-mien-ga-tron-to-hieu,,,,,,https://shope.ee/BUB4zNJIb,
https://shopeefood.vn/ha-noi/pho-ga-ta-pho-co-nguyen-canh-di,,,,,,https://shope.ee/LnbHIMfxe,
https://shopeefood.vn/ha-noi/pho-kao-pho-ga-ta-quan-hoa,,,,,,https://shope.ee/W71TbM2ch,
https://shopeefood.vn/ha-noi/pho-ga-68-phu-dien,,,,,,https://shope.ee/20vpGMGKa0,
https://shopeefood.vn/ha-noi/pho-quyen-beo-pho-ga-tran-thai-tong,,,,,,https://shope.ee/2BFFSfFhF3,
https://shopeefood.vn/ha-noi/pho-an-pho-ga-pho-co,,,,,,https://shope.ee/2LYfeyF3u6,
https://shopeefood.vn/ha-noi/pho-ga-pho-co-co-mai-trinh-cong-son,,,,,,https://shope.ee/2Vs5rHEQZ9,
https://shopeefood.vn/ha-noi/pho-ga-doi-do-quang.rk2cw0,,,,,,https://shope.ee/1Lg8T8Irvw,
https://shopeefood.vn/ha-noi/quan-ba-hai-pho-mien,,,,,,https://shope.ee/1VzYfRIEaz,
https://shopeefood.vn/ha-noi/pho-ga-vu-cong-xuan-la,,,,,,https://shope.ee/1gIyrkHbG2,
https://shopeefood.vn/ha-noi/pho-ga-tron-khanh-beo,,,,,,https://shope.ee/1qcP43Gxv5,
https://shopeefood.vn/ha-noi/pho-ga-ngon,,,,,,https://shope.ee/3LRCqoBFsO,
https://shopeefood.vn/ha-noi/huong-gia-ky-com-tam-pho-ga-hu-tiu,,,,,,https://shope.ee/3Vkd37AcXR,
https://shopeefood.vn/ha-noi/pho-ga-vov-ct1a-chung-cu-vov,,,,,,https://shope.ee/3g43FQ9zCU,
https://shopeefood.vn/ha-noi/thuy-pho-ga-xiu-moc-com-dao-pho-tron,,,,,,https://shope.ee/3qNTRj9LrX,
https://shopeefood.vn/ha-noi/pho-ga-gia-truyen-ngoc-anh,,,,,,https://shope.ee/2gBW3aDnEK,
https://shopeefood.vn/ha-noi/oanh-pho-ga-xoi-ga,,,,,,https://shope.ee/2qUwFtD9tN,
https://shopeefood.vn/ha-noi/pho-hong-pho-ga,,,,,,https://shope.ee/30oMSCCWYQ,
https://shopeefood.vn/ha-noi/pho-ga-phuong-nguyen-canh-di,,,,,,https://shope.ee/3B7meVBtDT,
https://shopeefood.vn/ha-noi/pho-ga-trang-vinh-tuy,,,,,,https://shope.ee/4fwaRG6BAm,
https://shopeefood.vn/ha-noi/pho-ga-com-rang-pho-xao-tung-beo,,,,,,https://shope.ee/4qG0dZ5Xpp,
https://shopeefood.vn/ha-noi/pho-van-pho-ga-ta-bun-mien-ngan,,,,,,https://shope.ee/50ZQps4uUs,
https://shopeefood.vn/ha-noi/com-tam-pho-ga-dang-anh-nghia-do,,,,,,https://shope.ee/5Asr2B4H9v,
https://shopeefood.vn/ha-noi/pho-ga-dong-tao-co-hai,,,,,,https://shope.ee/40gte28iWi,
https://shopeefood.vn/ha-noi/pho-ga-ta-kdt-thanh-pho-giao-luu,,,,,,https://shope.ee/4B0JqL85Bl,
https://shopeefood.vn/ha-noi/pho-ga-lien-kdt-xa-la,,,,,,https://shope.ee/4LJk2e7Rqo,
https://shopeefood.vn/ha-noi/pho-ga-ta-69-pho-ga,,,,,,https://shope.ee/4VdAEx6oVr,
https://shopeefood.vn/ha-noi/pho-lua-pho-ga,,,,,,https://shope.ee/6AlOE10T8C,
https://shopeefood.vn/ha-noi/pho-ga-pho-co-bao-phuc-6b-le-van-thiem.f2t7xq,,,,,,https://shope.ee/60Ry1i16TB,
https://shopeefood.vn/ha-noi/pho-ga-pho-co-trieu-viet-vuong,,,,,,https://shope.ee/6VOEcczCSI,
https://shopeefood.vn/ha-noi/pho-ga-doi-nguyen-cao-luyen,,,,,,https://shope.ee/6L4oQJzpnH,
https://shopeefood.vn/ha-noi/yen-thanh-quan-pho-ga-bun-cha,,,,,,https://shope.ee/5VVhQn30U8,
https://shopeefood.vn/ha-noi/pho-ga-holifood-pho-mien-tron-banh-mi-sot-vang-cho-xanh,,,,,,https://shope.ee/5LCHEU3dp7,
https://shopeefood.vn/ha-noi/pho-ga-phuong-pho-ga-pho-tron-ngo-luong-su-c.bqion2,,,,,,https://shope.ee/5q8XpP1joE,
https://shopeefood.vn/ha-noi/pho-ga-le-gia-cac-mon-ga,,,,,,https://shope.ee/5fp7d62N9D,
https://shopeefood.vn/ha-noi/gia-bao-pho-ga-pho-tron-chua-ngot-chao-ngan-vit,,,,,,https://shope.ee/7VGloSvOQa,
https://shopeefood.vn/ha-noi/pho-ga-bun-bo-pho-trinh-cong-son,,,,,,https://shope.ee/7KxLc9w1lZ,
https://shopeefood.vn/ha-noi/chat-pho-ga-com-ga-xoi-ga,,,,,,https://shope.ee/7ptcD4u7kg,
https://shopeefood.vn/ho-chi-minh/mien-pho-ga-43-mac-dinh-chi-le-duc-tho,,,,,,https://shope.ee/7faC0lul5f,
https://shopeefood.vn/ho-chi-minh/pho-ga-mr-king-ong-hoang,,,,,,https://shope.ee/6q151ExvmW,
https://shopeefood.vn/ho-chi-minh/pho-ga-ta-tu-binh,,,,,,https://shope.ee/6fheovyZ7V,
https://shopeefood.vn/ho-chi-minh/pho-ga-91-pho-ga-mieng-tron-pho-tron-18z-phan-van-tri-phuong-10-quan-go-vap-tp-hcm.jonwag,,,,,,https://shope.ee/7AdvPqwf6c,
https://shopeefood.vn/ho-chi-minh/pho-ga-bun-mien-quan-dung,,,,,,https://shope.ee/70KVDXxIRb,
https://shopeefood.vn/ho-chi-minh/pho-ga-pho-co-tran-xuan-soan,,,,,,https://shope.ee/8pm9OuqJiy,
https://shopeefood.vn/ho-chi-minh/pho-hang-ngua-thang-co-pho-ga-pho-ngua-thang-co-ton-that-tung.uob3pt,,,,,,https://shope.ee/8fSjCbqx3x,
https://shopeefood.vn/ho-chi-minh/pho-ga-thu-hien,,,,,,https://shope.ee/9AOznWp334,
https://shopeefood.vn/ho-chi-minh/pho-ga-co-le,,,,,,https://shope.ee/905ZbDpgO3,
https://shopeefood.vn/ho-chi-minh/pho-ga-ta-pho-co,,,,,,https://shope.ee/8AWSbgsr4u,
https://shopeefood.vn/ho-chi-minh/pho-ga-29-le-loi,,,,,,https://shope.ee/80D2PNtUPt,
https://shopeefood.vn/ho-chi-minh/pho-cau-tinh-com-ga-pho-ga-1264a-doan-nguyen-tuan,,,,,,https://shope.ee/8V9J0IraP0,
https://shopeefood.vn/ho-chi-minh/pho-ga-pho-co-tran-trong-cung,,,,,,https://shope.ee/8KpsnzsDjz,
https://shopeefood.vn/ho-chi-minh/pho-ga-moc-nguyen-van-huong,,,,,,https://shope.ee/AAHWzMlF1M,
https://shopeefood.vn/ho-chi-minh/pho-ga-ha-do-duong-so-8,,,,,,https://shope.ee/9zy6n3lsML,
https://shopeefood.vn/ho-chi-minh/pho-ga-ba-cong,,,,,,https://shope.ee/AUuNNyjyLS,
https://shopeefood.vn/ho-chi-minh/pho-ga-ha-noi-com-ga-dung-cuu-long,,,,,,https://shope.ee/AKaxBfkbgR,
https://shopeefood.vn/ho-chi-minh/pho-ga-pho-co-cac-mon-nhau-chuan-vi-bac,,,,,,https://shope.ee/9V1qC8nmNI,
https://shopeefood.vn/ho-chi-minh/pho-ga-69,,,,,,https://shope.ee/9KiPzpoPiH,
https://shopeefood.vn/ho-chi-minh/pho-ga-chao-ga-ngo-gia-tu,,,,,,https://shope.ee/9pegakmVhO,
https://shopeefood.vn/ho-chi-minh/mien-ga-son-nga,,,,,,https://shope.ee/9fLGORn92N,
https://shopeefood.vn/ho-chi-minh/pho-ga-suong-ha-noi-bach-dang,,,,,,https://shope.ee/qjrsDKlxg,
https://shopeefood.vn/ho-chi-minh/pho-bo-pho-ga-tam-anh,,,,,,https://shope.ee/gQRfuLPIf,
https://shopeefood.vn/ho-chi-minh/com-pho-ga-015-c3,,,,,,https://shope.ee/1BMiGpJVHm,
https://shopeefood.vn/ho-chi-minh/kim-ke-pho-pho-ga-pho-tron-bun-thang-tran-ngoc-dien,,,,,,https://shope.ee/113I4WK8cl,
https://shopeefood.vn/ho-chi-minh/pho-ga-trang-anh,,,,,,https://shope.ee/BUB4zNJJc,
https://shopeefood.vn/ho-chi-minh/mien-pho-ga-sam-do-tran-quoc-toan,,,,,,https://shope.ee/1AksgNweb,
https://shopeefood.vn/ho-chi-minh/ha-pho-ga,,,,,,https://shope.ee/W71TbM2di,
https://shopeefood.vn/ho-chi-minh/pho-ga-pho-co-nguyen-van-khoi,,,,,,https://shope.ee/LnbHIMfyh,
https://shopeefood.vn/ho-chi-minh/pho-ga-phuong-beo-nguyen-huy-tu,,,,,,https://shope.ee/2BFFSfFhG4,
https://shopeefood.vn/ho-chi-minh/madame-thao-pho-ga-bun-thang-pho-co,,,,,,https://shope.ee/20vpGMGKb3,
https://shopeefood.vn/ho-chi-minh/pho-ga-ta-co-thu,,,,,,https://shope.ee/2Vs5rHEQaA,
https://shopeefood.vn/ho-chi-minh/pho-ga-trung-90-binh-gia,,,,,,https://shope.ee/2LYfeyF3v9,
https://shopeefood.vn/ho-chi-minh/ganh-pho-xua-pho-ga-nguyen-quy-duc,,,,,,https://shope.ee/1VzYfRIEc0,
https://shopeefood.vn/ho-chi-minh/mien-ga-pho-ga-son-nga-nguyen-trong-tuyen,,,,,,https://shope.ee/1Lg8T8Irwz,
https://shopeefood.vn/ho-chi-minh/pho-ga-pho-co-ni-su-huynh-lien,,,,,,https://shope.ee/1qcP43Gxw6,
https://shopeefood.vn/ho-chi-minh/son-nga-pho-ga-cho-binh-khanh,,,,,,https://shope.ee/1gIyrkHbH5,
https://shopeefood.vn/ho-chi-minh/pho-ga-pho-co-phan-xich-long,,,,,,https://shope.ee/3Vkd37AcYS,
https://shopeefood.vn/ho-chi-minh/pho-ga-ba-xuyen-duong-so-7,,,,,,https://shope.ee/3LRCqoBFtR,
https://shopeefood.vn/ho-chi-minh/pho-sua-pho-ha-noi-xua-pho-kho-pho-ga,,,,,,https://shope.ee/3qNTRj9LsY,
https://shopeefood.vn/ho-chi-minh/pho-ga-pho-co-ba-boo-no-trang-long,,,,,,https://shope.ee/3g43FQ9zDX,
https://shopeefood.vn/ho-chi-minh/pho-ga-bao-khanh-hoa-hung,,,,,,https://shope.ee/2qUwFtD9uO,
https://shopeefood.vn/ho-chi-minh/pho-nga-gia-truyen-pho-ga-ngon-tan-phu-tan-huong,,,,,,https://shope.ee/2gBW3aDnFN,
https://shopeefood.vn/ho-chi-minh/pho-ga-linh-trang-anh-pho-phan-huy-thuc.nc6qcb,,,,,,https://shope.ee/3B7meVBtEU,
https://shopeefood.vn/ho-chi-minh/pho-ga-ta-binh-minh-duong-so-21,,,,,,https://shope.ee/30oMSCCWZT,
https://shopeefood.vn/ho-chi-minh/mien-pho-ga-hai-phong-le-van-sy,,,,,,https://shope.ee/9KiPzpsOtk,
https://shopeefood.vn/ho-chi-minh/pho-dau-pho-ga-mien-ga-ga-chat-de-tham,,,,,,https://shope.ee/9V1qC8rlYn,
https://shopeefood.vn/ho-chi-minh/pho-ga-gia-truyen-pho-co,,,,,,https://shope.ee/9fLGORr8Dq,
https://shopeefood.vn/ho-chi-minh/pho-ga-ta-24h-duong-so-7,,,,,,https://shope.ee/9pegakqUst,
https://shopeefood.vn/ho-chi-minh/pho-ga-bao-khanh-tran-hung-dao,,,,,,https://shope.ee/9zy6n3prXw,
https://shopeefood.vn/ho-chi-minh/pho-ga-a-xe,,,,,,https://shope.ee/AAHWzMpECz,
https://shopeefood.vn/ho-chi-minh/kim-ke-pho-pho-ga-pho-tron-bun-thang-cao-duc-lan,,,,,,https://shope.ee/AKaxBfoas2,
https://shopeefood.vn/ho-chi-minh/pho-ga-van,,,,,,https://shope.ee/AUuNNynxX5,
https://shopeefood.vn/ho-chi-minh/hưng-phở-gà-hà-nội-112,,,,,,https://shope.ee/80D2PNxTbc,
https://shopeefood.vn/ho-chi-minh/pho-bo-pho-ga-pho-tron-thu-suong-quan-ap-chien-luoc,,,,,,https://shope.ee/8AWSbgwqGf,
https://shopeefood.vn/ho-chi-minh/pho-nha-khoai-pho-ga-bun-thang,,,,,,https://shope.ee/8KpsnzwCvi,
https://shopeefood.vn/ho-chi-minh/linh-trang-anh-pho-ga-bun-thang-pho-co-ha-noi-duong-79,,,,,,https://shope.ee/8V9J0IvZal,
https://shopeefood.vn/ho-chi-minh/pho-ngoc-pho-bo-pho-ga-tan-quy-dong,,,,,,https://shope.ee/8fSjCbuwFo,
https://shopeefood.vn/ho-chi-minh/pho-ga-pho-co-duong-so-10,,,,,,https://shope.ee/8pm9OuuIur,
https://shopeefood.vn/ho-chi-minh/ut-cung-pho-bo-pho-ga,,,,,,https://shope.ee/905ZbDtfZu,
https://shopeefood.vn/ho-chi-minh/pho-ga-dong-tao-pho-ly-quoc-su-dac-san-quoc-gia,,,,,,https://shope.ee/9AOznWt2Ex,
https://shopeefood.vn/ho-chi-minh/kim-ke-pho-pho-ga-pho-tron-bun-thang-chung-cu-sky9,,,,,,https://shope.ee/6fheow2YJU,
https://shopeefood.vn/ho-chi-minh/mien-ga-pho-ga-son-nga-tran-thien-chanh,,,,,,https://shope.ee/6q151F1uyX,
https://shopeefood.vn/ho-chi-minh/pho-sang-pho-bo-pho-ga-duong-so-2,,,,,,https://shope.ee/70KVDY1Hda,
https://shopeefood.vn/ho-chi-minh/mien-ga-pho-ga-son-nga-mien-ga-pho-ga-pho-quang,,,,,,https://shope.ee/7AdvPr0eId,
https://shopeefood.vn/ho-chi-minh/pho-ong-phe-5-pho-bo-pho-ga-com-ga-xoi-mo,,,,,,https://shope.ee/7KxLcA00xg,
https://shopeefood.vn/ho-chi-minh/mien-pho-ga-43-mac-dinh-chi-tran-cao-van,,,,,,https://shope.ee/7VGloSzNcj,
https://shopeefood.vn/ho-chi-minh/pho-ga-phuc-long-pho-ga-mien-ga-bun-thang-ho-ba-kien,,,,,,https://shope.ee/7faC0lykHm,
https://shopeefood.vn/ho-chi-minh/pho-ga-suong-ha-noi-duong-so-8,,,,,,https://shope.ee/7ptcD4y6wp,
https://shopeefood.vn/ho-chi-minh/kim-ke-pho-pho-ga-pho-tron-bun-thang-homyland-riverside,,,,,,https://shope.ee/5LCHEU7d1M,
https://shopeefood.vn/ho-chi-minh/pho-nhon-pho-bo-pho-ga-com-ga-31-nguyen-van-ba,,,,,,https://shope.ee/5VVhQn6zgP,
https://shopeefood.vn/ho-chi-minh/pho-ga-dzai-nhan-pho-ga-mien-ga-bun-ca,,,,,,https://shope.ee/5fp7d66MLS,
https://shopeefood.vn/ho-chi-minh/bun-thuy-ha-noi-bun-moc-pho-ga-mien-ga,,,,,,https://shope.ee/5q8XpP5j0V,
https://shopeefood.vn/ho-chi-minh/ly-sin-2-pho-bo-pho-ga,,,,,,https://shope.ee/60Ry1i55fY,
https://shopeefood.vn/ho-chi-minh/pho-ga-trang-an,,,,,,https://shope.ee/6AlOE14SKb,
https://shopeefood.vn/ho-chi-minh/pho-nhon-pho-bo-pho-ga-com-ga-52-nguyen-thong,,,,,,https://shope.ee/6L4oQK3oze,
https://shopeefood.vn/ho-chi-minh/pho-ga-pho-co,,,,,,https://shope.ee/6VOEcd3Beh,
https://shopeefood.vn/ho-chi-minh/pho-ga-que-nha-pho-ga-bun-thit-nuong-phan-van-tri,,,,,,https://shope.ee/40gte2ChjE,
https://shopeefood.vn/ha-noi/cuon-xua-pho-cuon-ha-thanh-hoang-hoa-tham,,,,,,https://shope.ee/4B0JqLC4OH,
https://shopeefood.vn/ha-noi/pho-cuon-la-thanh,,,,,,https://shope.ee/4LJk2eBR3K,
https://shopeefood.vn/ha-noi/bui-dat-nem-nuong-nha-trang-pho-cuon-my-dinh,,,,,,https://shope.ee/4VdAExAniN,
https://shopeefood.vn/ha-noi/bin-tit-tra-hoa-qua-pho-cuon-mi-indomie,,,,,,https://shope.ee/4fwaRGAANQ,
https://shopeefood.vn/ha-noi/pho-chien-phong-pho-chien-gion-pho-cuon-sai-dong,,,,,,https://shope.ee/4qG0dZ9X2T,
https://shopeefood.vn/ha-noi/pho-cuon-dieu-minh-la-thanh,,,,,,https://shope.ee/50ZQps8thW,
https://shopeefood.vn/ha-noi/ga-u-muoi-ga-hun-khoi-pho-cuon-cau-dien,,,,,,https://shope.ee/5Asr2B8GMZ,
https://shopeefood.vn/ha-noi/cuon-xua-pho-cuon-ha-thanh-tay-mo,,,,,,https://shope.ee/2gBW3aHmR6,
https://shopeefood.vn/ha-noi/huong-son-pho-cuon-bun-thai-hai-san,,,,,,https://shope.ee/2qUwFtH969,
https://shopeefood.vn/ha-noi/cuon-xua-pho-cuon-ha-thanh-duong-800a,,,,,,https://shope.ee/30oMSCGVlC,
https://shopeefood.vn/ha-noi/cuon-xua-pho-cuon-ha-thanh-tran-cung,,,,,,https://shope.ee/3B7meVFsQF,
https://shopeefood.vn/ha-noi/tiem-nha-ruby-pho-cuon-truyen-thong,,,,,,https://shope.ee/3LRCqoFF5I,
https://shopeefood.vn/ha-noi/bep-me-bo-chan-ga-sot-thai-pho-cuon-com-cuon-ngai-cau,,,,,,https://shope.ee/3Vkd37EbkL,
https://shopeefood.vn/ha-noi/cuon-xua-pho-cuon-ha-thanh-thanh-cong,,,,,,https://shope.ee/3g43FQDyPO,
https://shopeefood.vn/ha-noi/hybra-nem-nuong-nha-trang-pho-cuon-my-dinh,,,,,,https://shope.ee/3qNTRjDL4R,
https://shopeefood.vn/ha-noi/hana-fruit-tea-tra-trai-cay-tuoi-pho-cuon-do-an-vat-co-linh,,,,,,https://shope.ee/1Lg8T8Mr8y,
https://shopeefood.vn/ha-noi/cuon-xua-pho-cuon-ha-thanh-ton-that-tung,,,,,,https://shope.ee/1VzYfRMDo1,
https://shopeefood.vn/ha-noi/cuon-xua-pho-cuon-ha-thanh-bui-xuong-trach,,,,,,https://shope.ee/1gIyrkLaT4,
https://shopeefood.vn/ha-noi/nana-fruit-tea-tra-trai-cay-tuoi-pho-cuon-do-an-vat-ngoc-thuy,,,,,,https://shope.ee/1qcP43Kx87,
https://shopeefood.vn/ha-noi/pho-cuon-goi-cuon-bun-tron-tiem-cai-cuon-dinh-cong-thuong,,,,,,https://shope.ee/20vpGMKJnA,
https://shopeefood.vn/ha-noi/tra-trai-cay-tuoi-pho-cuon-do-an-vat-co-ha-giap-nhat,,,,,,https://shope.ee/2BFFSfJgSD,
https://shopeefood.vn/ha-noi/pho-cuon-nem-nuong-trieu-khuc,,,,,,https://shope.ee/2LYfeyJ37G,
https://shopeefood.vn/ha-noi/pho-cuon-hung-ben-118-tran-vu,,,,,,https://shope.ee/2Vs5rHIPmJ,
https://shopeefood.vn/ha-noi/pho-cuon-bun-tron-83-dao-tan,,,,,,https://shope.ee/1AksgRvqq,
https://shopeefood.vn/ha-noi/cuon-xua-pho-cuon-ha-thanh-tan-mai,,,,,,https://shope.ee/BUB4zRIVt,
https://shopeefood.vn/ha-noi/cuon-xua-pho-cuon-ha-thanh-vu-huu,,,,,,https://shope.ee/LnbHIQfAw,
https://shopeefood.vn/ha-noi/cuon-xua-pho-cuon-ha-thanh-au-co,,,,,,https://shope.ee/W71TbQ1pz,
https://shopeefood.vn/ha-noi/pho-cuon-thanh-hang,,,,,,https://shope.ee/gQRfuPOV2,
https://shopeefood.vn/ha-noi/pho-cuon-thanh-nhan-quang-tien,,,,,,https://shope.ee/qjrsDOlA5,
https://shopeefood.vn/ha-noi/pho-cuon-di-tuat-shop-online,,,,,,https://shope.ee/113I4WO7p8,
https://shopeefood.vn/ha-noi/pho-cuon-an-an,,,,,,https://shope.ee/1BMiGpNUUB,
https://shopeefood.vn/ha-noi/tiem-nha-bap-nem-nuong-nha-trang-pho-cuon-my-tron-indomie,,,,,,https://shope.ee/9V1qC8rlZo,
https://shopeefood.vn/ha-noi/pho-cuon-thit-nuong-melusa-food,,,,,,https://shope.ee/9KiPzpsOun,
https://shopeefood.vn/ha-noi/ngoctupham-pho-cuon-tom-cuon-bun-dau,,,,,,https://shope.ee/9pegakqUtu,
https://shopeefood.vn/ha-noi/upa-food-bun-bo-tron-pho-cuon-ngoc-ha,,,,,,https://shope.ee/9fLGORr8Et,
https://shopeefood.vn/ha-noi/quan-co-nga-pho-cuon-bun-tron-hoa-qua-tuoi-dai-tu,,,,,,https://shope.ee/AAHWzMpEE0,
https://shopeefood.vn/ha-noi/pho-cuon-anh-thai,,,,,,https://shope.ee/9zy6n3prYz,
https://shopeefood.vn/ha-noi/pho-cuon-com-rang-duong-khue,,,,,,https://shope.ee/AUuNNynxY6,
https://shopeefood.vn/ha-noi/my-lan-pho-cuon-pho-tron-pho-xao-do-an-vat,,,,,,https://shope.ee/AKaxBfoat5,
https://shopeefood.vn/ha-noi/cuon-xua-pho-cuon-ha-thanh-dong-me,,,,,,https://shope.ee/8AWSbgwqHg,
https://shopeefood.vn/ha-noi/pho-cuon-nem-nuong-bun-dau-duong-lai-xa,,,,,,https://shope.ee/80D2PNxTcf,
https://shopeefood.vn/ha-noi/bibo-fruit-tea-tra-trai-cay-tuoi-pho-cuon-bun-tron-do-an-vat-le-trong-tan,,,,,,https://shope.ee/8V9J0IvZbm,
https://shopeefood.vn/ha-noi/cuon-xua-pho-cuon-ha-thanh-vinh-tuy,,,,,,https://shope.ee/8KpsnzwCwl,
https://shopeefood.vn/ha-noi/goi-cuon-pho-cuon-bun-tron-thu-beo,,,,,,https://shope.ee/8pm9OuuIvs,
https://shopeefood.vn/ha-noi/pho-cuon-huong-mai-nguyen-khac-can,,,,,,https://shope.ee/8fSjCbuwGr,
https://shopeefood.vn/ha-noi/thai-pho-cuon-truong-dinh,,,,,,https://shope.ee/9AOznWt2Fy,
https://shopeefood.vn/ha-noi/pan-cuon-pho-cuon-nguyen-ngoc-vu,,,,,,https://shope.ee/905ZbDtfax,
https://shopeefood.vn/ha-noi/bep-dung-huyen-pho-cuon-pho-chien-phong-my-xao,,,,,,https://shope.ee/6q151F1uzY,
https://shopeefood.vn/ha-noi/pho-cuon-anh-tu,,,,,,https://shope.ee/6fheow2YKX,
https://shopeefood.vn/ha-noi/pho-cuon-ngu-xa-to-hieu,,,,,,https://shope.ee/7AdvPr0eJe,
https://shopeefood.vn/ha-noi/cuon-xua-pho-cuon-ha-thanh-dai-tu,,,,,,https://shope.ee/70KVDY1Hed,
https://shopeefood.vn/ha-noi/pho-cuon-huong-mai-hoang-cau,,,,,,https://shope.ee/7VGloSzNdk,
https://shopeefood.vn/ha-noi/cuon-xua-pho-cuon-ha-thanh-nguyen-khang,,,,,,https://shope.ee/7KxLcA00yj,
https://shopeefood.vn/ha-noi/phuc-hung-pho-cuon-lang-ha.zhtb6c,,,,,,https://shope.ee/7ptcD4y6xq,
https://shopeefood.vn/ha-noi/pho-cuon-hello-ocean-park,,,,,,https://shope.ee/7faC0lykIp,
https://shopeefood.vn/ha-noi/pho-cuon-di-tuat-nem-nuong-nha-trang-hong-tuyet-co-so-2,,,,,,https://shope.ee/5VVhQn6zhQ,
https://shopeefood.vn/ha-noi/bibo-fruit-tea-tra-trai-cay-tuoi-pho-cuon-bun-tron-do-an-vat-308-le-trong-tan,,,,,,https://shope.ee/5LCHEU7d2P,
https://shopeefood.vn/ha-noi/pho-cuon-huong-mai-ngu-xa,,,,,,https://shope.ee/5q8XpP5j1W,
https://shopeefood.vn/ha-noi/cuon-tu-do-pho-cuon-goi-cuon-my-tron-35-ngo-191-khuong-thuong,,,,,,https://shope.ee/5fp7d66MMV,
https://shopeefood.vn/ha-noi/pho-cuon-duy-map-79-truc-bach,,,,,,https://shope.ee/6AlOE14SLc,
https://shopeefood.vn/ha-noi/xoi-pho-cuon-chi-ngon-me-ly-chua-lang.pii2mq,,,,,,https://shope.ee/60Ry1i55gb,
https://shopeefood.vn/ha-noi/pho-cuon-gia-hien-minh-khai,,,,,,https://shope.ee/6VOEcd3Bfi,
https://shopeefood.vn/ha-noi/pho-cuon-di-tuat-tran-binh,,,,,,https://shope.ee/6L4oQK3p0h,
https://shopeefood.vn/ha-noi/pho-cuon-nem-nuong-nha-trang-mi-tron-indomine-chuan-vi-kim-giang-kim-giang,,,,,,https://shope.ee/4B0JqLC4PI,
https://shopeefood.vn/ha-noi/pho-cuon-huong-mai-le-dai-hanh,,,,,,https://shope.ee/40gte2ChkH,
https://shopeefood.vn/ha-noi/pho-cuon-di-tuat-ngo-2-phu-do-shop-online,,,,,,https://shope.ee/4VdAExAnjO,
https://shopeefood.vn/ha-noi/linh-xiu-pho-cuon-bun-tron,,,,,,https://shope.ee/4LJk2eBR4N,
https://shopeefood.vn/ha-noi/tu-food-pho-cuon-geleximco-b,,,,,,https://shope.ee/4fwaRGAAOT,
https://shopeefood.vn/ha-noi/goc-bep-nho-pho-cuon-cuon-tom-thit,,,,,,https://shope.ee/5Asr2B8GNa,
https://shopeefood.vn/ha-noi/pho-cuon-nem-nuong-bun-tron-thu-beo,,,,,,https://shope.ee/50ZQps8tiZ,
https://shopeefood.vn/ha-noi/pho-cuon-nha-pi-pho-cuon-nghia-tan,,,,,,https://shope.ee/2qUwFtH97A,
https://shopeefood.vn/ha-noi/com-cuon-pho-cuon-com-ngon-ho-tung-mau,,,,,,https://shope.ee/2gBW3aHmS9,
https://shopeefood.vn/ha-noi/cuon-xua-pho-cuon-ha-thanh-phan-trong-tue,,,,,,https://shope.ee/3B7meVFsRG,
https://shopeefood.vn/ha-noi/coc-coc-quan-bun-bo-pho-cuon-shop-online,,,,,,https://shope.ee/30oMSCGVmF,
https://shopeefood.vn/ha-noi/pho-cuon-chinh-thang,,,,,,https://shope.ee/3Vkd37EblM,
https://shopeefood.vn/ha-noi/pho-cuon-bun-bo-nam-bo-nem-chua-ran-tam-thuong,,,,,,https://shope.ee/3LRCqoFF6L,
https://shopeefood.vn/ha-noi/winnie-pho-cuon-yen-xa,,,,,,https://shope.ee/3qNTRjDL5S,
https://shopeefood.vn/ha-noi/bi-coi-pho-cuon-pho-tron-bun-tron-han-quoc-luong-dinh-cua,,,,,,https://shope.ee/3g43FQDyQR,
https://shopeefood.vn/ha-noi/bun-pho-cuon-goi-cuon-min-meo-food,,,,,,https://shope.ee/1VzYfRMDp2,
https://shopeefood.vn/ha-noi/tiem-nha-ke-pho-cuon-nuoc-ep-trai-cay,,,,,,https://shope.ee/1Lg8T8MrA1,
https://shopeefood.vn/ha-noi/bii-food-bun-tron-pho-cuon-ga-nugget-phan-van-truong,,,,,,https://shope.ee/1qcP43Kx98,
https://shopeefood.vn/ha-noi/pho-cuon-chi-em,,,,,,https://shope.ee/1gIyrkLaU7,
https://shopeefood.vn/ha-noi/cuon-xua-pho-cuon-ha-thanh-doan-ke-thien,,,,,,https://shope.ee/2BFFSfJgTE,
https://shopeefood.vn/ha-noi/cuon-xua-pho-cuon-ha-thanh-bach-mai,,,,,,https://shope.ee/20vpGMKJoD,
https://shopeefood.vn/da-nang/123-pho-nhe-pho-cuon-bun-cha-ha-noi,,,,,,https://shope.ee/2Vs5rHIPnK,
https://shopeefood.vn/da-nang/pho-cuon-ha-noi,,,,,,https://shope.ee/2LYfeyJ38J,
https://shopeefood.vn/da-nang/pho-cuon-ha-noi-le-do,,,,,,https://shope.ee/BUB4zRIWu,
https://shopeefood.vn/da-nang/phuong-hien-banh-tom-ho-tay-pho-cuon,,,,,,https://shope.ee/1AksgRvrt,
https://shopeefood.vn/ha-noi/chao-bun-moc-suon-my-tron-co-huyen-beo-linh-dam,,,,,,https://shope.ee/W71TbQ1r0,
https://shopeefood.vn/ha-noi/bun-moc-hang-luoc,,,,,,https://shope.ee/LnbHIQfBz,
https://shopeefood.vn/ha-noi/bun-moc-ham-long,,,,,,https://shope.ee/qjrsDOlB6,
https://shopeefood.vn/ha-noi/bun-moc-ha-noi-xua-co-thoa-hang-ga,,,,,,https://shope.ee/gQRfuPOW5,
https://shopeefood.vn/ha-noi/bun-moc-doc-mung-chao-suon-sot-vang-thanh-truc,,,,,,https://shope.ee/1BMiGpNUVC,
https://shopeefood.vn/ha-noi/huong-beo-bun-moc-thit-mong-doc-mung,,,,,,https://shope.ee/113I4WO7qB,
https://shopeefood.vn/ha-noi/bun-moc-suon-doc-mung-lau-cac-loai-ha-cau,,,,,,https://shope.ee/9fLGORr8Fs,
https://shopeefood.vn/ha-noi/com-bun-moc-ngon-hoang-dao-thuy,,,,,,https://shope.ee/9pegakqUuv,
https://shopeefood.vn/ha-noi/bun-moc-doc-mung-ba-phuong-vo-chi-cong,,,,,,https://shope.ee/9KiPzpsOvq,
https://shopeefood.vn/ha-noi/thuy-bun-moc-suon-ngoc-thuy,,,,,,https://shope.ee/9V1qC8rlat,
https://shopeefood.vn/ha-noi/bun-cha-bun-moc-tien-hoi-vinh-hoang,,,,,,https://shope.ee/AKaxBfoau4,
https://shopeefood.vn/ha-noi/quan-bun-moc-thit-mong-gio-thuy-khue,,,,,,https://shope.ee/AUuNNynxZ7,
https://shopeefood.vn/ha-noi/bun-moc-mong-gio-suon-thach-minh,,,,,,https://shope.ee/9zy6n3pra2,
https://shopeefood.vn/ha-noi/bun-moc-co-hanh-kdt-dinh-cong,,,,,,https://shope.ee/AAHWzMpEF5,
https://shopeefood.vn/ha-noi/bun-moc-co-ngoc-bun-moc-bun-ngan-thanh-cong,,,,,,https://shope.ee/8KpsnzwCxk,
https://shopeefood.vn/ha-noi/bun-moc-nha-lam-ha-dinh,,,,,,https://shope.ee/8V9J0IvZcn,
https://shopeefood.vn/ha-noi/hoa-bun-moc-trung-tu,,,,,,https://shope.ee/80D2PNxTdi,
https://shopeefood.vn/ha-noi/bun-moc-gia-truyen-bun-moc-minh-khai.uajtof,,,,,,https://shope.ee/8AWSbgwqIl,
https://shopeefood.vn/ha-noi/bun-moc-phuong-thao,,,,,,https://shope.ee/905ZbDtfbw,
https://shopeefood.vn/ha-noi/bun-ngan-muoi-beo-bun-moc-mien-ngan-bui-xuong-trach,,,,,,https://shope.ee/9AOznWt2Gz,
https://shopeefood.vn/ha-noi/bun-moc-ba-cuc-bun-doc-mung-hoang-hoa-tham,,,,,,https://shope.ee/8fSjCbuwHu,
https://shopeefood.vn/ha-noi/bun-moc-co-mai-nguyen-trai,,,,,,https://shope.ee/8pm9OuuIwx,
https://shopeefood.vn/ha-noi/bun-moc-cha-kim-son,,,,,,https://shope.ee/70KVDY1Hfc,
https://shopeefood.vn/ha-noi/bun-moc-banh-mi-me-bo-bun-moc-banh-mi-8-ngo-143-de-tran-khat-chan.k1ufu7,,,,,,https://shope.ee/7AdvPr0eKf,
https://shopeefood.vn/ha-noi/bun-moc-bun-suon-thit-147-ngo-1194-duong-lang,,,,,,https://shope.ee/6fheow2YLa,
https://shopeefood.vn/ha-noi/co-ngoc-bun-moc-bun-doc-mung-kham-thien,,,,,,https://shope.ee/6q151F1v0d,
https://shopeefood.vn/ha-noi/bun-moc-suon-68-tran-quy-cap,,,,,,https://shope.ee/7faC0lykJo,
https://shopeefood.vn/ha-noi/bun-moc-co-bich-bun-moc-chan-gio-bun-moc-ngo-4-phuong-mai.efyuee,,,,,,https://shope.ee/7ptcD4y6yr,
https://shopeefood.vn/ha-noi/bun-moc-doc-mung-phu-gia,,,,,,https://shope.ee/7KxLcA00zm,
https://shopeefood.vn/ha-noi/bun-huong-bun-doc-mung-bun-moc-mang-kho-duong-bo-song-set,,,,,,https://shope.ee/7VGloSzNep,
https://shopeefood.vn/ha-noi/bun-moc-thuy-dao-duy-tu,,,,,,https://shope.ee/5fp7d66MNU,
https://shopeefood.vn/ha-noi/co-hien-beo-bun-moc-bun-bo-nam-bo,,,,,,https://shope.ee/5q8XpP5j2X,
https://shopeefood.vn/ha-noi/le-beo-bun-moc-thit-doi-can.mz7l21,,,,,,https://shope.ee/5LCHEU7d3S,
https://shopeefood.vn/ha-noi/bun-moc-chat-thanh-tri,,,,,,https://shope.ee/5VVhQn6ziV,
https://shopeefood.vn/ha-noi/bun-moc-suon-le-hong-phong,,,,,,https://shope.ee/6L4oQK3p1g,
https://shopeefood.vn/ha-noi/bun-moc-ngon-suon-mong-thanh-xuan.o5o1c9,,,,,,https://shope.ee/6VOEcd3Bgj,
https://shopeefood.vn/ha-noi/bun-moc-suon-2t-thuc-pham-vu-xuan-thieu,,,,,,https://shope.ee/60Ry1i55he,
https://shopeefood.vn/ha-noi/bun-cha-bun-moc-thit-nem-nuong-nha-trang-abeo,,,,,,https://shope.ee/6AlOE14SMh,
https://shopeefood.vn/ha-noi/bun-moc-nha-dan,,,,,,https://shope.ee/4LJk2eBR5M,
https://shopeefood.vn/ha-noi/bun-moc-bun-pho-sot-vang-mooc-quan-291-ha-huy-tap,,,,,,https://shope.ee/4VdAExAnkP,
https://shopeefood.vn/ha-noi/bun-moc-doc-mung-pho-bun-ngan-quan-nha-nhung-tien,,,,,,https://shope.ee/40gte2ChlK,
https://shopeefood.vn/ha-noi/bun-moc-ngon-nha-dan,,,,,,https://shope.ee/4B0JqLC4QN,
https://shopeefood.vn/ha-noi/bun-moc-gia-cay-com-rang-kim-ma,,,,,,https://shope.ee/50ZQps8tjY,
https://shopeefood.vn/ha-noi/huong-foody-bun-moc-doc-mung-ngo-14-hai-ba-trung,,,,,,https://shope.ee/5Asr2B8GOb,
https://shopeefood.vn/ha-noi/nga-bun-moc,,,,,,https://shope.ee/4fwaRGAAPW,
https://shopeefood.vn/ha-noi/bun-moc-hang-luoc-tran-huu-tuoc,,,,,,https://shope.ee/4qG0dZ9X4Z,
https://shopeefood.vn/ha-noi/ha-beo-bun-moc-bun-suon-bun-ngan,,,,,,https://shope.ee/30oMSCGVnE,
https://shopeefood.vn/ha-noi/bun-moc-ba-hoan-ngo-van-huong,,,,,,https://shope.ee/3B7meVFsSH,
https://shopeefood.vn/ha-noi/bun-moc-mang-kho-nha-soc-truong-dinh,,,,,,https://shope.ee/2gBW3aHmTC,
https://shopeefood.vn/ha-noi/tiem-bun-co-ut-bun-moc-doc-mung-nghia-tan,,,,,,https://shope.ee/2qUwFtH98F,
https://shopeefood.vn/ha-noi/huy-lun-bun-moc-suon-bun-hai-san,,,,,,https://shope.ee/3g43FQDyRQ,
https://shopeefood.vn/ha-noi/lan-anh-bun-ga-bun-moc,,,,,,https://shope.ee/3qNTRjDL6T,
https://shopeefood.vn/ha-noi/bun-moc-mang-pho-co-den-lu-hoang-mai,,,,,,https://shope.ee/3LRCqoFF7O,
https://shopeefood.vn/ha-noi/xoi-thit-bun-moc-chinh-kinh,,,,,,https://shope.ee/3Vkd37EbmR,
https://shopeefood.vn/ha-noi/bun-dau-bun-gia-cay-bun-moc-nguyen-thi-dinh,,,,,,https://shope.ee/1gIyrkLaV6,
https://shopeefood.vn/ha-noi/bun-moc-mang-368-nguyen-van-cu,,,,,,https://shope.ee/1qcP43KxA9,
https://shopeefood.vn/ha-noi/pho-nguyet-pho-ga-bun-moc-phuong-mai,,,,,,https://shope.ee/1Lg8T8MrB4,
https://shopeefood.vn/ha-noi/bun-moc-cafe-trinh,,,,,,https://shope.ee/1VzYfRMDq7,
https://shopeefood.vn/ha-noi/quan-ly-bun-moc-mong-gio-nguyen-thiep.gmq0la,,,,,,https://shope.ee/2LYfeyJ39I,
https://shopeefood.vn/ha-noi/bun-di-quy-bun-moc-tim-cat-bun-dau-met,,,,,,https://shope.ee/2Vs5rHIPoL,
https://shopeefood.vn/ha-noi/bun-moc-doc-mung-mang-kho-nga-nga-dao-tan,,,,,,https://shope.ee/20vpGMKJpG,
https://shopeefood.vn/ha-noi/bun-moc-bao-khanh-nam-ngu,,,,,,https://shope.ee/2BFFSfJgUJ,
https://shopeefood.vn/ha-noi/hanh-beo-bun-moc-banh-cuon-cha-nuong-khuat-duy-tien,,,,,,https://shope.ee/LnbHIQfCy,
https://shopeefood.vn/ha-noi/quan-phuong-beo-pho-ga-bun-moc,,,,,,https://shope.ee/W71TbQ1s1,
https://shopeefood.vn/ha-noi/tiem-beo-9-bun-bo-nam-bo-bun-moc-suon-thit-times-city,,,,,,https://shope.ee/1AksgRvsw,
https://shopeefood.vn/ha-noi/bun-cha-bun-moc-bo-phuc-hoa-my-dinh,,,,,,https://shope.ee/BUB4zRIXz,
https://shopeefood.vn/ha-noi/bun-moc-chao-suon-sun-356,,,,,,https://shope.ee/113I4WO7rA,
https://shopeefood.vn/ha-noi/bun-moc-suon-chua-bun-moc-trung-phung,,,,,,https://shope.ee/1BMiGpNUWD,
https://shopeefood.vn/ha-noi/bun-moc-doc-mung-phuong-anh,,,,,,https://shope.ee/gQRfuPOX8,
https://shopeefood.vn/ha-noi/bun-moc-lien-bao-khanh-bun-moc-hang-hanh.wfxmzi,,,,,,https://shope.ee/qjrsDOlCB,
https://shopeefood.vn/ha-noi/bun-ngan-muoi-beo-bun-moc-mien-ngan-65-khuong-dinh,,,,,,https://shope.ee/9pegakqUvw,
https://shopeefood.vn/ha-noi/moc-nha-anh-bun-moc,,,,,,https://shope.ee/9fLGORr8Gv,
https://shopeefood.vn/ha-noi/co-dong-bun-cha-bun-tron-bun-moc-pho-trieu-khuc,,,,,,https://shope.ee/9V1qC8rlbu,
https://shopeefood.vn/ha-noi/hien-beo-bun-moc-bun-cha,,,,,,https://shope.ee/9KiPzpsOwt,
https://shopeefood.vn/ha-noi/quan-com-tam-sai-gon-bun-moc-nguyen-xien,,,,,,https://shope.ee/AUuNNynxa8,
https://shopeefood.vn/ha-noi/quan-co-beo-bun-moc-suon,,,,,,https://shope.ee/AKaxBfoav7,
https://shopeefood.vn/da-nang/ba-beo-bun-cha-ha-noi-bun-moc-doc-mung,,,,,,https://shope.ee/AAHWzMpEG6,
https://shopeefood.vn/da-nang/bun-moc-tu-rom,,,,,,https://shope.ee/9zy6n3prb5,
https://shopeefood.vn/da-nang/nam-beo-bun-cha-bun-moc-ha-noi,,,,,,https://shope.ee/8V9J0IvZdo,
https://shopeefood.vn/da-nang/bun-moc-suon,,,,,,https://shope.ee/5fp7d66heQ,
https://shopeefood.vn/ho-chi-minh/bun-moc-401-bun-moc-cach-mang-thang-8.6ddhwa,,,,,,https://shope.ee/5q8XpP64JT,
https://shopeefood.vn/ho-chi-minh/bun-moc-duc-long-dien-bien-phu,,,,,,https://shope.ee/7KxLcA0MGm,
https://shopeefood.vn/ho-chi-minh/hung-map-bun-moc-bun-bo-hue,,,,,,https://shope.ee/7VGloSzivp,
https://shopeefood.vn/ho-chi-minh/bun-moc-san,,,,,,https://shope.ee/7faC0lz5as,
https://shopeefood.vn/ho-chi-minh/hung-map-hu-tieu-nam-vang-bun-moc-bun-bo-hue-nguyen-trai,,,,,,https://shope.ee/7ptcD4ySFv,
https://shopeefood.vn/ho-chi-minh/an-vat-dem-bun-moc-cam,,,,,,https://shope.ee/6fheow2tci,
https://shopeefood.vn/ho-chi-minh/bun-moc-rom-map,,,,,,https://shope.ee/6q151F2GHl,
https://shopeefood.vn/ho-chi-minh/bun-moc-suon-co-nga,,,,,,https://shope.ee/70KVDY1cwo,
https://shopeefood.vn/ho-chi-minh/suon-moc-bun-moc-suon-chua-50-duong-so-30,,,,,,https://shope.ee/7AdvPr0zbr,
https://shopeefood.vn/ho-chi-minh/bun-moc-83-nguyen-thuong-hien,,,,,,https://shope.ee/8fSjCbvHZA,
https://shopeefood.vn/ho-chi-minh/bun-dung-bun-moc-ha-noi-duong-79,,,,,,https://shope.ee/8pm9OuueED,
https://shopeefood.vn/ho-chi-minh/tuan-map-bun-moc-hu-tieu-pham-the-hien,,,,,,https://shope.ee/905ZbDu0tG,
https://shopeefood.vn/ho-chi-minh/bun-moc-rom-map-tran-hung-dao,,,,,,https://shope.ee/9AOznWtNYJ,
https://shopeefood.vn/ho-chi-minh/bun-moc-ngon-duong-ta04,,,,,,https://shope.ee/80D2PNxov6,
https://shopeefood.vn/ho-chi-minh/minh-anh-hu-tieu-bun-moc,,,,,,https://shope.ee/8AWSbgxBa9,
https://shopeefood.vn/ho-chi-minh/bun-moc-bo-kho-nhu-y,,,,,,https://shope.ee/8KpsnzwYFC,
https://shopeefood.vn/ho-chi-minh/bun-moc-nga-quan-8,,,,,,https://shope.ee/8V9J0IvuuF,
https://shopeefood.vn/ho-chi-minh/bun-moc-sammy,,,,,,https://shope.ee/9zy6n3qCrY,
https://shopeefood.vn/ho-chi-minh/moc-rieu-bun-moc-bun-rieu,,,,,,https://shope.ee/AAHWzMpZWb,
https://shopeefood.vn/ho-chi-minh/mai-uyen-bun-moc-vo-duy-ninh.b1tqdk,,,,,,https://shope.ee/AKaxBfowBe,
https://shopeefood.vn/ho-chi-minh/san-vuon-hu-tieu-bun-moc-mien-ga-duong-so-6,,,,,,https://shope.ee/AUuNNyoIqh,
https://shopeefood.vn/ho-chi-minh/vua-bun-moc-ha-noi-hoang-quoc-viet,,,,,,https://shope.ee/9KiPzpskDU,
https://shopeefood.vn/ho-chi-minh/bun-moc-huong-phan-huy-ich,,,,,,https://shope.ee/9V1qC8s6sX,
https://shopeefood.vn/ho-chi-minh/bep-ong-sy-bun-moc-bun-doc-mung-q7,,,,,,https://shope.ee/9fLGORrTXa,
https://shopeefood.vn/ho-chi-minh/hu-tieu-mi-bun-moc-le-vu,,,,,,https://shope.ee/9pegakqqCd,
https://shopeefood.vn/ho-chi-minh/bun-moc-bun-thai-phuc-ky,,,,,,https://shope.ee/gQRfuPjns,
https://shopeefood.vn/ho-chi-minh/bun-moc-suon-411-le-duc-tho,,,,,,https://shope.ee/qjrsDP6Sv,
https://shopeefood.vn/ho-chi-minh/ut-thi-bun-moc-suon,,,,,,https://shope.ee/113I4WOT7y,
https://shopeefood.vn/ho-chi-minh/bun-moc-hang-xanh-com-trua-dien-bien-phu.1gf67s,,,,,,https://shope.ee/1BMiGpNpn1,
https://shopeefood.vn/ho-chi-minh/quan-bun-moc-suon-dimsum-duong-so-3,,,,,,https://shope.ee/1AksgSH9o,
https://shopeefood.vn/ho-chi-minh/bun-moc-ngon-35k-hai-no-hoa-hao,,,,,,https://shope.ee/BUB4zRdor,
https://shopeefood.vn/ho-chi-minh/bun-moc-map,,,,,,https://shope.ee/LnbHIR0Tu,
https://shopeefood.vn/ho-chi-minh/bun-moc-co-mai-bun-moc-bun-thang-mien-ga-tan-quy,,,,,,https://shope.ee/W71TbQN8x,
https://shopeefood.vn/ho-chi-minh/quan-ngon-bun-moc-cach-mang-thang-tam,,,,,,https://shope.ee/20vpGMKf6G,
https://shopeefood.vn/ho-chi-minh/bun-moc-co-ngoc-31-35-ung-van-khiem,,,,,,https://shope.ee/2BFFSfK1lJ,
https://shopeefood.vn/ho-chi-minh/bun-ba-ba-bun-moc-cach-mang-thang-8,,,,,,https://shope.ee/2LYfeyJOQM,
https://shopeefood.vn/ho-chi-minh/o-quynh-bun-bo-bun-moc,,,,,,https://shope.ee/2Vs5rHIl5P,
https://shopeefood.vn/ho-chi-minh/bun-moc-anh-thu-truong-cong-dinh,,,,,,https://shope.ee/1Lg8T8NCSC,
https://shopeefood.vn/ho-chi-minh/bun-moc-hu-tieu-lua-banh-canh-mi-bo-hoang-sa,,,,,,https://shope.ee/1VzYfRMZ7F,
https://shopeefood.vn/ho-chi-minh/lan-bun-moc-coffee-phan-huy-thuc,,,,,,https://shope.ee/1gIyrkLvmI,
https://shopeefood.vn/ho-chi-minh/com-tam-co-6-bun-moc-trinh-dinh-thao,,,,,,https://shope.ee/1qcP43LIRL,
https://shopeefood.vn/ho-chi-minh/bun-moc-ba-chieu-cn-nha-tho,,,,,,https://shope.ee/3LRCqoFaOe,
https://shopeefood.vn/ho-chi-minh/bun-moc-thanh-tuyen,,,,,,https://shope.ee/3Vkd37Ex3h,
https://shopeefood.vn/ho-chi-minh/bun-moc-co-long-do-tan-phong,,,,,,https://shope.ee/3g43FQEJik,
https://shopeefood.vn/ho-chi-minh/hu-tieu-banh-canh-bun-moc-ba-tuyet-ly-thai-to,,,,,,https://shope.ee/3qNTRjDgNn,
https://shopeefood.vn/ho-chi-minh/bun-moc-kim-do-24-khong-tu,,,,,,https://shope.ee/2gBW3aI7ka,
https://shopeefood.vn/ho-chi-minh/bun-bo-bun-moc-suon-co-chau-140-le-sat,,,,,,https://shope.ee/2qUwFtHUPd,
https://shopeefood.vn/ho-chi-minh/bun-moc-thythy-bun-moc-dien-bien-phu.gwbxbd,,,,,,https://shope.ee/30oMSCGr4g,
https://shopeefood.vn/ho-chi-minh/bun-moc-kim-do-nguyen-tat-thanh,,,,,,https://shope.ee/3B7meVGDjj,
https://shopeefood.vn/ho-chi-minh/bun-moc-suon-cay-anh-em,,,,,,https://shope.ee/4fwaRGAVh2,
https://shopeefood.vn/ho-chi-minh/bun-moc-thanh-truc-114a-duong-so-24,,,,,,https://shope.ee/4qG0dZ9sM5,
https://shopeefood.vn/ho-chi-minh/quan-an-tra-my-3-bun-moc-hu-tieu-nam-vang-gia-truyen,,,,,,https://shope.ee/50ZQps9F18,
https://shopeefood.vn/ho-chi-minh/punmoc-bun-moc-gan,,,,,,https://shope.ee/5Asr2B8bgB,
https://shopeefood.vn/ho-chi-minh/bun-moc-tuan-uyen,,,,,,https://shope.ee/40gte2D32y,
https://shopeefood.vn/ho-chi-minh/bun-moc-hu-tieu-xuong-moc-cao-lo,,,,,,https://shope.ee/4B0JqLCPi1,
https://shopeefood.vn/ho-chi-minh/bun-moc-hu-tieu-cherry-bui-dinh-tuy,,,,,,https://shope.ee/4LJk2eBmN4,
https://shopeefood.vn/ho-chi-minh/bun-moc-202-le-binh,,,,,,https://shope.ee/4VdAExB927,
https://shopeefood.vn/ho-chi-minh/quan-tung-em-bun-moc-bun-rieu,,,,,,https://shope.ee/6AlOE14neS,
https://shopeefood.vn/ho-chi-minh/bun-moc-kim-ngan-au-co,,,,,,https://shope.ee/60Ry1i5QzR,
https://shopeefood.vn/ho-chi-minh/bun-moc-hu-tieu-122-pham-van-hai,,,,,,https://shope.ee/6VOEcd3WyY,
https://shopeefood.vn/ho-chi-minh/ngoc-anh-bun-moc-truong-chinh,,,,,,https://shope.ee/6L4oQK4AJX,
https://shopeefood.vn/ho-chi-minh/hu-tieu-bun-moc-co-ut,,,,,,https://shope.ee/5VVhQn7L0O,
https://shopeefood.vn/ho-chi-minh/bun-moc-masteri-an-phu-vo-truong-toan,,,,,,https://shope.ee/5LCHEU7yLN,
https://shopeefood.vn/ho-chi-minh/quan-loan-bun-moc-chuan-vi-tran-luu,,,,,,https://shope.ee/5q8XpP64KU,
https://shopeefood.vn/ho-chi-minh/bun-moc-phu-cuong-cha-ngon-nha-lam-van-coi,,,,,,https://shope.ee/5fp7d66hfT,
https://shopeefood.vn/ho-chi-minh/bun-moc-228a-nghia-phat,,,,,,https://shope.ee/7VGloSziwq,
https://shopeefood.vn/ho-chi-minh/bun-bo-bun-moc-22-tan-thoi-nhat-8,,,,,,https://shope.ee/7KxLcA0MHp,
https://shopeefood.vn/ho-chi-minh/tung-dac-san-kim-son-bun-mo-c-gio-cha-cong-hoa.ebtlvg,,,,,,https://shope.ee/7ptcD4ySGw,
https://shopeefood.vn/ho-chi-minh/quan-muoi-hu-tieu-bun-moc,,,,,,https://shope.ee/7faC0lz5bv,
https://shopeefood.vn/ho-chi-minh/bumo-bun-moc,,,,,,https://shope.ee/6q151F2GIm,
https://shopeefood.vn/ho-chi-minh/bun-moc-bun-bo-suong-cach-mang-thang-8,,,,,,https://shope.ee/6fheow2tdl,
https://shopeefood.vn/ho-chi-minh/minh-duc-bun-moc-167-28-8-duong-pham-huu-lau,,,,,,https://shope.ee/7AdvPr0zcs,
https://shopeefood.vn/ho-chi-minh/quan-hai-lien-bun-moc-kim-son,,,,,,https://shope.ee/70KVDY1cxr,
https://shopeefood.vn/ho-chi-minh/moc-bun-moc-bun-bo-duong-so-2,,,,,,https://shope.ee/8pm9OuueFE,
https://shopeefood.vn/ho-chi-minh/bun-moc-bun-nuoc-tuong-phu-tho-hoa,,,,,,https://shope.ee/8fSjCbvHaD,
https://shopeefood.vn/ho-chi-minh/bun-gio-heo-71-bun-gio-heo-bun-moc,,,,,,https://shope.ee/9AOznWtNZK,
https://shopeefood.vn/ho-chi-minh/bun-moc-suon-ngon-nguyen-thien-thuat,,,,,,https://shope.ee/905ZbDu0uJ,
https://shopeefood.vn/ho-chi-minh/bun-moc-suon-cau-hai,,,,,,https://shope.ee/8AWSbgxBbA,
https://shopeefood.vn/ho-chi-minh/ut-thi-bun-moc-suon-cu-xa-binh-thoi,,,,,,https://shope.ee/80D2PNxow9,
https://shopeefood.vn/ho-chi-minh/vua-bun-moc-ha-noi-dich-vu-an-uong-le-van-luong.bb65mj,,,,,,https://shope.ee/8V9J0IvuvG,
https://shopeefood.vn/ho-chi-minh/bun-moc-gio-cha-kim-son-pham-van-xao,,,,,,https://shope.ee/8KpsnzwYGF,
https://shopeefood.vn/ho-chi-minh/pho-bun-bun-moc-bun-thang-mien,,,,,,https://shope.ee/AAHWzMpZXc,
https://shopeefood.vn/ho-chi-minh/bun-moc-suon-ut-tu,,,,,,https://shope.ee/9zy6n3qCsb,
https://shopeefood.vn/ho-chi-minh/bun-moc-hung-map-nguyen-van-qua,,,,,,https://shope.ee/AUuNNyoIri,
https://shopeefood.vn/ho-chi-minh/bun-moc-cau-ba-tang-bong-sao,,,,,,https://shope.ee/AKaxBfowCh,
https://shopeefood.vn/ho-chi-minh/mi-quang-bun-moc-cam-le-nui-thanh,,,,,,https://shope.ee/9V1qC8s6tY,
https://shopeefood.vn/ho-chi-minh/bun-bo-hue-bun-moc-tuong-vy,,,,,,https://shope.ee/9KiPzpskEX,
https://shopeefood.vn/ho-chi-minh/bun-moc-anh,,,,,,https://shope.ee/9pegakqqDe,
https://shopeefood.vn/ho-chi-minh/bun-moc-suon-tom-muc-co-muoi,,,,,,https://shope.ee/9fLGORrTYd,
https://shopeefood.vn/ho-chi-minh/bun-moc-nha-lam-thanh-mai-bun-thang-mien-ga-com-ga,,,,,,https://shope.ee/qjrsDP6Tw,
https://shopeefood.vn/ho-chi-minh/bun-moc-kim-phung-binh-thoi,,,,,,https://shope.ee/gQRfuPjov,
https://shopeefood.vn/ho-chi-minh/bun-moc-trung,,,,,,https://shope.ee/1BMiGpNpo2,
https://shopeefood.vn/ho-chi-minh/bun-moc-co-ha-bui-thi-xuan,,,,,,https://shope.ee/113I4WOT91,
https://shopeefood.vn/ho-chi-minh/bun-moc-suon-89-nguyen-thai-hoc,,,,,,https://shope.ee/BUB4zRdps,
https://shopeefood.vn/ho-chi-minh/bun-moc-co-mai,,,,,,https://shope.ee/1AksgSHAr,
https://shopeefood.vn/ha-noi/vit-co-lam-quynh-lau-vit-bun-vit-le-trong-tan.xlmnbz,,,,,,https://shope.ee/W71TbQN9y,
https://shopeefood.vn/ha-noi/quan-vit-co-van-dinh-thuy-luu-vit-nuong-chao-vit-bun,,,,,,https://shope.ee/LnbHIR0Ux,
https://shopeefood.vn/ha-noi/bun-mang-ngan-do-nhau-hue-linh,,,,,,https://shope.ee/2BFFSfK1mK,
https://shopeefood.vn/ha-noi/hiep-vit-vit-co-van-dinh-bun-mien-ngan,,,,,,https://shope.ee/20vpGMKf7J,
https://shopeefood.vn/ha-noi/bun-vit-ngan-chat-dang-van-ngu,,,,,,https://shope.ee/AUuNNyp7zW,
https://shopeefood.vn/ha-noi/bun-suon-moc-mang-kho-vinh-ho,,,,,,https://shope.ee/AKaxBfplKV,
https://shopeefood.vn/ha-noi/cuong-vit-bun-mien-ngan,,,,,,https://shope.ee/9V1qC8sw1M,
https://shopeefood.vn/ha-noi/bun-vit-quay-106-tran-quoc-vuong,,,,,,https://shope.ee/9KiPzptZML,
https://shopeefood.vn/ha-noi/pho-ga-ta-hiep-ga-pho-tron-bun-ga-mang-moc-41-hoang-the-thien,,,,,,https://shope.ee/9pegakrfLS,
https://shopeefood.vn/ha-noi/bun-vit-mien-vit-253-le-trong-tan,,,,,,https://shope.ee/9fLGORsIgR,
https://shopeefood.vn/ha-noi/bep-chu-tam-pho-tron-bun-ga-mang-moc-banh-my-sot-vang,,,,,,https://shope.ee/6AlOE15cmm,
https://shopeefood.vn/ha-noi/bun-ca-mang-cay-39-hoang-cau,,,,,,https://shope.ee/60Ry1i6G7l,
https://shopeefood.vn/ha-noi/bun-mien-ngan-mang-moc-bun-tron-thanh-nga,,,,,,https://shope.ee/6VOEcd4M6s,
https://shopeefood.vn/ha-noi/bun-suon-mang-moc-linh-beo,,,,,,https://shope.ee/6L4oQK4zRr,
https://shopeefood.vn/ha-noi/chao-long-ba-ho-bun-suon-mang-long-tran-thap-cam,,,,,,https://shope.ee/5VVhQn8A8i,
https://shopeefood.vn/ha-noi/bun-ca-mang-cay-quan-yen,,,,,,https://shope.ee/5LCHEU8nTh,
https://shopeefood.vn/ha-noi/ha-thanh-bun-mien-ga-mang-moc-101-d4-dang-van-ngu,,,,,,https://shope.ee/5q8XpP6tSo,
https://shopeefood.vn/ha-noi/bun-ca-mang-cay-phuong-anh-pho-dong-me,,,,,,https://shope.ee/5fp7d67Wnn,
https://shopeefood.vn/ha-noi/bun-mang-moc-61-tran-quy-cap.swgpt8,,,,,,https://shope.ee/7VGloT0Y5A,
https://shopeefood.vn/ha-noi/vit-quay-chinh-goc-lang-son-bun-pho-vit-quay-sai-dong,,,,,,https://shope.ee/7KxLcA1BQ9,
https://shopeefood.vn/ha-noi/bun-ca-mang-cay-bac-linh-dam,,,,,,https://shope.ee/7ptcD4zHPG,
https://shopeefood.vn/ha-noi/bun-suon-mang-moc-linh-beo-co-so-2-thanh-xuan,,,,,,https://shope.ee/7faC0lzukF,
https://shopeefood.vn/ha-noi/bun-ca-mang-cay-dang-tien-dong,,,,,,https://shope.ee/6q151F35R6,
https://shopeefood.vn/ha-noi/hach-vit-vit-quay-tu-xuyen-canh-mang-tiet-duong-kim-giang,,,,,,https://shope.ee/6fheow3im5,
https://shopeefood.vn/ha-noi/bun-thai-hai-san-bun-ca-mang-cay-chan-tron-minh-hang,,,,,,https://shope.ee/7AdvPr1olC,
https://shopeefood.vn/ha-noi/bun-ca-mang-cay-thoi-dai-141-le-van-hien,,,,,,https://shope.ee/70KVDY2S6B,
https://shopeefood.vn/ha-noi/bun-ca-mang-cay-99-viet-hung,,,,,,https://shope.ee/3Vkd37FmCW,
https://shopeefood.vn/ha-noi/bun-ca-mang-cay-phuong-anh-dong-me,,,,,,https://shope.ee/3LRCqoGPXV,
https://shopeefood.vn/ha-noi/quan-tinh-chi-em-bun-doc-mung-mang-luoi-moc-suon-mong,,,,,,https://shope.ee/3qNTRjEVWc,
https://shopeefood.vn/ha-noi/bun-mang-doc-mung-nguyen-hong,,,,,,https://shope.ee/3g43FQF8rb,
https://shopeefood.vn/ha-noi/bun-mang-moc-dan-nguyen-an-ninh,,,,,,https://shope.ee/2qUwFtIJYS,
https://shopeefood.vn/ha-noi/bun-mang-moc-3ce-hong-mai,,,,,,https://shope.ee/2gBW3aIwtR,
https://shopeefood.vn/ha-noi/bun-ca-mang-cay-hai-phong-minh-beo,,,,,,https://shope.ee/3B7meVH2sY,
https://shopeefood.vn/ha-noi/ga-ta-doi-sach-vit-nuong-canh-mang-110-hao-nam,,,,,,https://shope.ee/30oMSCHgDX,
https://shopeefood.vn/ha-noi/bun-ly-bun-doc-mung-mang-moc-kim-ma,,,,,,https://shope.ee/4qG0dZAhUu,
https://shopeefood.vn/ha-noi/chao-long-bun-mang-gan-pho-ga-vu-thanh,,,,,,https://shope.ee/4fwaRGBKpt,
https://shopeefood.vn/ha-noi/bun-ca-mang-cay-cua-gio-bo-dau-41-khuong-dinh,,,,,,https://shope.ee/5Asr2B9Qp0,
https://shopeefood.vn/ha-noi/bun-ca-mang-cay-pho-dong-me,,,,,,https://shope.ee/50ZQpsA49z,
https://shopeefood.vn/ha-noi/phuong-cham-bun-ca-hai-phong-mang-cay,,,,,,https://shope.ee/4B0JqLDEqq,
https://shopeefood.vn/ha-noi/bun-mang-moc-nha-bi-bun-pho-com-an-khanh.um6kvx,,,,,,https://shope.ee/40gte2DsBp,
https://shopeefood.vn/ha-noi/bep-me-bong-bi-bun-mang-moc-suon-xuan-la,,,,,,https://shope.ee/4VdAExByAw,
https://shopeefood.vn/ha-noi/bun-mang-moc-lac-trung,,,,,,https://shope.ee/4LJk2eCbVv,
https://shopeefood.vn/ha-noi/trung-ngan-bun-mien-mang-moc,,,,,,https://shope.ee/qjrsDPvcG,
https://shopeefood.vn/ha-noi/bun-ech-mang-cay-de-nhat-nguyen-khanh-toan,,,,,,https://shope.ee/gQRfuQYxF,
https://shopeefood.vn/ha-noi/bun-ca-mang-cay-soai-quan-dinh-cong,,,,,,https://shope.ee/1BMiGpOewM,
https://shopeefood.vn/ha-noi/tam-beo-bun-mang-moc-banh-duc-nong-phuong-mai,,,,,,https://shope.ee/113I4WPIHL,
https://shopeefood.vn/ha-noi/dlc-kitchen-bun-ca-mang-cay-quan-nhan,,,,,,https://shope.ee/BUB4zSSyC,
https://shopeefood.vn/ha-noi/quan-bun-ca-mang-cay-dich-vong,,,,,,https://shope.ee/1AksgT6JB,
https://shopeefood.vn/ha-noi/bun-doc-mung-hong-phuc-bun-mang-mai-hac-de.scnoro,,,,,,https://shope.ee/W71TbRCII,
https://shopeefood.vn/ha-noi/bun-mang-moc-bun-doc-mung-thuy-van,,,,,,https://shope.ee/LnbHIRpdH,
https://shopeefood.vn/ha-noi/bun-ech-mang-cay-my-ech-chua-ngot-my-tron-gi-cung-duoc-quan-dai-tu.pvzusl,,,,,,https://shope.ee/2BFFSfKque,
https://shopeefood.vn/ha-noi/pho-bun-mien-ngan-mang-kho-chi-hau,,,,,,https://shope.ee/20vpGMLUFd,
https://shopeefood.vn/ha-noi/bun-ca-mang-cay-dung-ha,,,,,,https://shope.ee/2Vs5rHJaEk,
https://shopeefood.vn/ha-noi/tiem-an-ly-beo-bun-tom-bau-bun-mang-moc-bun-thai-chua-cay,,,,,,https://shope.ee/2LYfeyKDZj,
https://shopeefood.vn/ha-noi/bun-ca-mang-cay-co-thanh-ton-duc-thang,,,,,,https://shope.ee/1VzYfRNOGa,
https://shopeefood.vn/ha-noi/bun-to-mang-line-vung-ngoai-o-quan-lam-ha,,,,,,https://shope.ee/1Lg8T8O1bZ,
https://shopeefood.vn/ha-noi/bun-ca-mang-cay-de-nhat-hao-nam,,,,,,https://shope.ee/1qcP43M7ag,
https://shopeefood.vn/ha-noi/bun-ca-mang-cay-de-nhat-lam-du,,,,,,https://shope.ee/1gIyrkMkvf,
https://shopeefood.vn/ha-noi/dlc-kitchen-bun-ca-mang-cay-pho-nhon,,,,,,https://shope.ee/8fSjCbw6j2,
https://shopeefood.vn/ha-noi/bun-ca-mang-cay-de-nhat-phuc-dien,,,,,,https://shope.ee/8pm9OuvTO5,
https://shopeefood.vn/ha-noi/ech-food-bun-ech-mi-ech-lau-ech-mang-cay-dai-tu,,,,,,https://shope.ee/905ZbDuq38,
https://shopeefood.vn/ha-noi/bun-ca-mang-cay-de-nhat-long-bien-1,,,,,,https://shope.ee/9AOznWuCiB,
https://shopeefood.vn/ha-noi/bun-ca-mang-cay-de-nhat-ba-trieu,,,,,,https://shope.ee/80D2PNye4y,
https://shopeefood.vn/ha-noi/buca-bun-ca-mang-cay-123-nguyen-ngoc-doan.egvjdj,,,,,,https://shope.ee/8AWSbgy0k1,
https://shopeefood.vn/ha-noi/dlc-kitchen-bun-ca-mang-cay-vuon-cam,,,,,,https://shope.ee/8KpsnzxNP4,
https://shopeefood.vn/ha-noi/cay-tre-quan-bun-mang-moc-bun-bo-nam-bo,,,,,,https://shope.ee/8V9J0Iwk47,
https://shopeefood.vn/ha-noi/long-quan-tu-bun-dau-mam-tom-chao-long-bun-mang-moc-suon-luoi-ngoai-giao-doan,,,,,,https://shope.ee/9zy6n3r21Q,
https://shopeefood.vn/ha-noi/bun-ca-cham-mang-cay-dang-khoi-cs2-khu-do-thi-me-tri-ha,,,,,,https://shope.ee/AAHWzMqOgT,
https://shopeefood.vn/ha-noi/bun-ca-mang-cay-de-nhat-nguyen-lan,,,,,,https://shope.ee/AKaxBfplLW,
https://shopeefood.vn/ha-noi/bun-ca-mang-cay-bun-dau-6-tran-huu-duc,,,,,,https://shope.ee/AUuNNyp80Z,
https://shopeefood.vn/ha-noi/am-thuc-pho-co-bun-mang-moc-suon-bun-cha-nghia-tan,,,,,,https://shope.ee/9KiPzptZNM,
https://shopeefood.vn/ha-noi/dlc-kitchen-bun-ca-mang-cay-trung-kinh,,,,,,https://shope.ee/9V1qC8sw2P,
https://shopeefood.vn/ha-noi/dlc-kitchen-bun-ca-mang-cay-nghia-tan,,,,,,https://shope.ee/9fLGORsIhS,
https://shopeefood.vn/ha-noi/bun-ca-mang-cay-de-nhat-nguyen-van-tuyet,,,,,,https://shope.ee/9pegakrfMV,
https://shopeefood.vn/ha-noi/bun-ca-mang-cay-de-nhat-quang-trung,,,,,,https://shope.ee/60Ry1i6G8m,
https://shopeefood.vn/ha-noi/dlc-kitchen-bun-ca-mang-cay-tran-dai-nghia,,,,,,https://shope.ee/6AlOE15cnp,
https://shopeefood.vn/ha-noi/banh-da-cua-hai-phong-bun-ca-mang-cay-co-kim-tang-thiet-giap,,,,,,https://shope.ee/6L4oQK4zSs,
https://shopeefood.vn/da-nang/hang-bun-mang-vit-chao-vit,,,,,,https://shope.ee/6VOEcd4M7v,
https://shopeefood.vn/da-nang/bun-mang-vit-tu-xuyen-ong-bay,,,,,,https://shope.ee/5LCHEU8nUi,
https://shopeefood.vn/da-nang/loan-bun-mang-vit-chi-lang.nxguiz,,,,,,https://shope.ee/5VVhQn8A9l,
https://shopeefood.vn/da-nang/bun-vit-binh-dinh-vit-nuong-chao-goi-vit-chao-ga,,,,,,https://shope.ee/5fp7d67Woo,
https://shopeefood.vn/da-nang/xuan-thu-bun-mang-vit-com-ga,,,,,,https://shope.ee/5q8XpP6tTr,
https://shopeefood.vn/da-nang/bun-mang-ga-linh,,,,,,https://shope.ee/7KxLcA1BRA,
https://shopeefood.vn/da-nang/co-nham-mien-mang-ga-bun-mang-ga-to-huu,,,,,,https://shope.ee/7VGloT0Y6D,
https://shopeefood.vn/da-nang/co-nham-mien-mang-ga-bun-mang-ga-ong-ich-khiem,,,,,,https://shope.ee/7faC0lzulG,
https://shopeefood.vn/da-nang/co-xi-bun-mang-ga-xoi-ga,,,,,,https://shope.ee/7ptcD4zHQJ,
https://shopeefood.vn/da-nang/bun-mang-ga-mien-ga-xoi-ga-di-10,,,,,,https://shope.ee/6fheow3in6,
https://shopeefood.vn/da-nang/mien-ga-bun-mang-ga-247-nguyen-xuan-khoat,,,,,,https://shope.ee/6q151F35S9,
https://shopeefood.vn/da-nang/bun-mang-ga-xoi-ga-trung-nu-vuong,,,,,,https://shope.ee/70KVDY2S7C,
https://shopeefood.vn/da-nang/quan-thuy-bun-mang-ga-xoi-ga,,,,,,https://shope.ee/7AdvPr1omF,
https://shopeefood.vn/da-nang/xoi-bun-mien-mang-ga-ty-ngon,,,,,,https://shope.ee/3LRCqoGPYW,
https://shopeefood.vn/da-nang/quan-tien-bun-mang-ga-xoi-ga-goi-ga-tron,,,,,,https://shope.ee/3Vkd37FmDZ,
https://shopeefood.vn/da-nang/ba-vui-xoi-ga-bun-mang-ga,,,,,,https://shope.ee/3g43FQF8sc,
https://shopeefood.vn/da-nang/bun-mang-ga-di-phuong-77-huynh-tan-phat,,,,,,https://shope.ee/3qNTRjEVXf,
https://shopeefood.vn/da-nang/anh-ky-mi-quang-mien-mang-ga-chao-vit-tran-duy-chien,,,,,,https://shope.ee/2gBW3aIwuS,
https://shopeefood.vn/da-nang/com-ga-pho-ngon-bun-mang-an-ky,,,,,,https://shope.ee/2qUwFtIJZV,
https://shopeefood.vn/da-nang/bun-mang-ga-phong-bac-1,,,,,,https://shope.ee/30oMSCHgEY,
https://shopeefood.vn/da-nang/nga-map-quan-cao-lau-bun-mang-ga-co-bac.jbmdhh,,,,,,https://shope.ee/3B7meVH2tb,
https://shopeefood.vn/da-nang/bun-mang-ga-ut-minh,,,,,,https://shope.ee/4fwaRGBKqu,
https://shopeefood.vn/da-nang/bun-mang-ga-ba-nam-130-huynh-thuc-khang.jkuust,,,,,,https://shope.ee/4qG0dZAhVx,
https://shopeefood.vn/da-nang/bun-mang-ga-384-phan-chau-trinh,,,,,,https://shope.ee/50ZQpsA4B0,
https://shopeefood.vn/da-nang/quan-xanh-bun-mang-ga-xoi-ga,,,,,,https://shope.ee/5Asr2B9Qq3,
https://shopeefood.vn/da-nang/bun-mien-mang-ga-co-ha-180-nguyen-phuoc-tan,,,,,,https://shope.ee/40gte2DsCq,
https://shopeefood.vn/da-nang/vy-bun-mang-ga-bun-mam-long,,,,,,https://shope.ee/4B0JqLDErt,
https://shopeefood.vn/da-nang/ba-thuy-bun-mang-ga-ton-duc-thang.wn4a3r,,,,,,https://shope.ee/7KxLcA0QX6,
https://shopeefood.vn/da-nang/quan-trang-cao-lau-bun-mang-ga-mien,,,,,,https://shope.ee/7VGloSznC9,
https://shopeefood.vn/da-nang/bun-mang-ga-ba-huong,,,,,,https://shope.ee/7faC0lz9rC,
https://shopeefood.vn/da-nang/bun-mang-ga-bun-cha-ca-be-phuong,,,,,,https://shope.ee/7ptcD4yWWF,
https://shopeefood.vn/da-nang/my-quang-bun-bo-bun-mang-ga-01-huynh-tan-phat,,,,,,https://shope.ee/80D2PNxtBI,
https://shopeefood.vn/da-nang/bun-mang-ga-banh-my-heo-quay-co-tam-to-huu,,,,,,https://shope.ee/8AWSbgxFqL,
https://shopeefood.vn/da-nang/vi-ha-noi-bun-mang-moc-bun-cha-nem-xoi-xeo-15-me-thu,,,,,,https://shope.ee/8KpsnzwcVO,
https://shopeefood.vn/da-nang/quan-lien-banh-canh-bun-mang-ga-94-nguyen-phuoc-tan,,,,,,https://shope.ee/8V9J0IvzAR,
https://shopeefood.vn/da-nang/dac-san-ha-noi-bun-mang-moc-522-nui-thanh,,,,,,https://shope.ee/8fSjCbvLpU,
https://shopeefood.vn/da-nang/quan-76-bun-mam-nem-mien-ga-bun-mang-ga-01-phan-hanh-son,,,,,,https://shope.ee/8pm9OuuiUX,
https://shopeefood.vn/ho-chi-minh/chao-goi-vit-hong-phat-cach-mang-thang-8,,,,,,https://shope.ee/905ZbDu59a,
https://shopeefood.vn/ho-chi-minh/bun-mang-vit-to-ngoc-van,,,,,,https://shope.ee/9AOznWtRod,
https://shopeefood.vn/ho-chi-minh/bun-mang-mien-mang-goi-vit-dieu-trinh,,,,,,https://shope.ee/9KiPzpsoTg,
https://shopeefood.vn/ho-chi-minh/com-ga-mien-tay-bun-mang-vit-duong-22,,,,,,https://shope.ee/9V1qC8sB8j,
https://shopeefood.vn/ho-chi-minh/dung-map-chao-goi-bun-mang-vit,,,,,,https://shope.ee/9fLGORrXnm,
https://shopeefood.vn/ho-chi-minh/goi-vit-613-bun-mang-vit-chao-vit,,,,,,https://shope.ee/9pegakquSp,
https://shopeefood.vn/ho-chi-minh/banh-cuon-bun-cha-bun-mang-vit-ha-noi-quan,,,,,,https://shope.ee/9zy6n3qH7s,
https://shopeefood.vn/ho-chi-minh/tram-anh-goi-vit-bun-mang,,,,,,https://shope.ee/AAHWzMpdmv,
https://shopeefood.vn/ho-chi-minh/bun-mang-vit-ha-noi-duong-so-8,,,,,,https://shope.ee/AKaxBfp0Ry,
https://shopeefood.vn/ho-chi-minh/nha-vit-462-bun-mien-vit-cach-mang-thang-tam.fnwfms,,,,,,https://shope.ee/AUuNNyoN71,
https://shopeefood.vn/ho-chi-minh/bun-mien-mang-goi-vit-kim-linh-quang-trung,,,,,,https://shope.ee/1AksgSLQ0,
https://shopeefood.vn/ho-chi-minh/y-vit-bun-mang-vit-chao-goi-vit-nguyen-duy-trinh,,,,,,https://shope.ee/BUB4zRi53,
https://shopeefood.vn/ho-chi-minh/bun-mang-vit-41a-le-lang,,,,,,https://shope.ee/LnbHIR4k6,
https://shopeefood.vn/ho-chi-minh/vit-dong-mien-que-chao-vit-bun-mang-vit-mien-mang-vit,,,,,,https://shope.ee/W71TbQRP9,
https://shopeefood.vn/ho-chi-minh/bun-mang-ga-vit-107-bun-mang-vit-mien-ga-duong-40,,,,,,https://shope.ee/gQRfuPo4C,
https://shopeefood.vn/ho-chi-minh/quan-chao-goi-vit-ga-bun-mien-mang,,,,,,https://shope.ee/qjrsDPAjF,
https://shopeefood.vn/ho-chi-minh/tiem-bun-1990-bun-thang-bun-mang-vit-mien-ga-ta,,,,,,https://shope.ee/113I4WOXOI,
https://shopeefood.vn/ho-chi-minh/goi-vit-ga-530-com-ga-bun-mien-mang-530-nguyen-van-khoi,,,,,,https://shope.ee/1BMiGpNu3L,
https://shopeefood.vn/ho-chi-minh/bun-vit-chi-ha-le-dai-hanh,,,,,,https://shope.ee/1Lg8T8NGiO,
https://shopeefood.vn/ho-chi-minh/quan-vit-ga-simpum-chao-goi-bun-mien-mang-tam-binh,,,,,,https://shope.ee/1VzYfRMdNR,
https://shopeefood.vn/ho-chi-minh/quan-ha-nguyen-goi-ga-vit-mien-bun-chao,,,,,,https://shope.ee/1gIyrkM02U,
https://shopeefood.vn/ho-chi-minh/vit-co-tuan-hao-chao-bun-mien,,,,,,https://shope.ee/1qcP43LMhX,
https://shopeefood.vn/ho-chi-minh/bun-mang-vit-co-hang-tran-phu,,,,,,https://shope.ee/20vpGMKjMa,
https://shopeefood.vn/ho-chi-minh/bun-mang-vit-co-tu-65-chu-thien,,,,,,https://shope.ee/2BFFSfK61d,
https://shopeefood.vn/ho-chi-minh/hu-tieu-bun-mang-vit-hong-duc-linh-dong,,,,,,https://shope.ee/2LYfeyJSgg,
https://shopeefood.vn/ho-chi-minh/quan-bun-mang-vit-249-duong-29,,,,,,https://shope.ee/2Vs5rHIpLj,
https://shopeefood.vn/ho-chi-minh/chao-vit-goi-vit-bun-mang-vit-a-hau,,,,,,https://shope.ee/2gBW3aIC0m,
https://shopeefood.vn/ho-chi-minh/com-bun-mang-vit-kim-van,,,,,,https://shope.ee/2qUwFtHYfp,
https://shopeefood.vn/ho-chi-minh/thanh-tam-goi-vit-bun-mang-vit,,,,,,https://shope.ee/30oMSCGvKs,
https://shopeefood.vn/ho-chi-minh/quan-co-ba-bun-mang-vit-ca-ri-vit,,,,,,https://shope.ee/3B7meVGHzv,
https://shopeefood.vn/ho-chi-minh/bun-mang-vit-hong-danh-nguyen-trong-tuyen,,,,,,https://shope.ee/3LRCqoFeey,
https://shopeefood.vn/ho-chi-minh/quan-trang-vit-goi-vit-bun-mang-vit-duong-so-14,,,,,,https://shope.ee/3Vkd37F1K1,
https://shopeefood.vn/ho-chi-minh/hong-phuong-bun-mang-vit-412-2-nguyen-chi-thanh,,,,,,https://shope.ee/3g43FQENz4,
https://shopeefood.vn/ho-chi-minh/bibi-buoi-sang-bun-mam-bun-mang-vit-duong-so-3,,,,,,https://shope.ee/3qNTRjDke7,
https://shopeefood.vn/ho-chi-minh/bun-mang-vit-ngoc-thong-bun-mang-gia-truyen-duong-dinh-hoi,,,,,,https://shope.ee/40gte2D7JA,
https://shopeefood.vn/ho-chi-minh/co-tuyet-hu-tieu-nam-vang-bun-mang-vit,,,,,,https://shope.ee/4B0JqLCTyD,
https://shopeefood.vn/ho-chi-minh/vit-van-cao-bun-mang-vit-mien-mang-vit-chao-goi-vit-1a-van-cao,,,,,,https://shope.ee/4LJk2eBqdG,
https://shopeefood.vn/ho-chi-minh/vit-bay-goi-chao-bun-mang-vit,,,,,,https://shope.ee/4VdAExBDIJ,
https://shopeefood.vn/ho-chi-minh/bia-tuoi-thuy-goi-lau-mang-bun-ga-vit,,,,,,https://shope.ee/4fwaRGAZxM,
https://shopeefood.vn/ho-chi-minh/banh-hoi-chao-long-bun-mang-vit-tra-trai-cay-binh-dinh-quan,,,,,,https://shope.ee/4qG0dZ9wcP,
https://shopeefood.vn/ho-chi-minh/chao-vit-578-chao-bun-mien-goi-vit-vo-van-kiet,,,,,,https://shope.ee/50ZQps9JHS,
https://shopeefood.vn/ho-chi-minh/co-phat-chao-goi-bun-mang-vit,,,,,,https://shope.ee/5Asr2B8fwV,
https://shopeefood.vn/ho-chi-minh/bun-mang-vit-975,,,,,,https://shope.ee/5VVhQn7PGa,
https://shopeefood.vn/ho-chi-minh/bun-mang-vit-77-nguyen-van-tang,,,,,,https://shope.ee/5LCHEU82bZ,
https://shopeefood.vn/ho-chi-minh/chao-vit-chi-gai-chao-vit-ga-bun-vit-ga-mien-vit-ga-tinh-lo-10,,,,,,https://shope.ee/5q8XpP68ag,
https://shopeefood.vn/ho-chi-minh/bun-mang-mien-mang-phuoc-hoa-le-duc-tho,,,,,,https://shope.ee/5fp7d66lvf,
https://shopeefood.vn/ho-chi-minh/quan-bun-mang-vit-dong-xi-pho-duong-so-23.xbtsq1,,,,,,https://shope.ee/6AlOE14rum,
https://shopeefood.vn/ho-chi-minh/le-hoang-bun-mang-vit,,,,,,https://shope.ee/60Ry1i5VFl,
https://shopeefood.vn/ho-chi-minh/bun-vit-co-thuan-go-cong,,,,,,https://shope.ee/6VOEcd3bEs,
https://shopeefood.vn/ho-chi-minh/co-huong-bun-mang-vit,,,,,,https://shope.ee/6L4oQK4EZr,
https://shopeefood.vn/ho-chi-minh/loan-bun-mien-mang-vit-le-van-sy,,,,,,https://shope.ee/6q151F2KYy,
https://shopeefood.vn/ho-chi-minh/bun-goi-vit-com-trua-nhu-y-1,,,,,,https://shope.ee/6fheow2xtx,
https://shopeefood.vn/ho-chi-minh/hong-phuong-bun-rieu-bun-mang-vit-nguyen-chi-thanh,,,,,,https://shope.ee/7AdvPr13t4,
https://shopeefood.vn/ho-chi-minh/bun-mien-mang-vit-cao-lo.6fcio4,,,,,,https://shope.ee/70KVDY1hE3,
https://shopeefood.vn/ho-chi-minh/chao-long-bun-mien-ga-vit-o-bi,,,,,,https://shope.ee/7VGloSznDA,
https://shopeefood.vn/ho-chi-minh/quan-cay-mit-chao-vit-bun-mang-vit-goi-vit,,,,,,https://shope.ee/7KxLcA0QY9,
https://shopeefood.vn/ho-chi-minh/bun-mien-mang-vit-ga-nguyen-thi-dinh,,,,,,https://shope.ee/7ptcD4yWXG,
https://shopeefood.vn/ho-chi-minh/loan-chao-vit-goi-vit-bun-vit-mien-vit,,,,,,https://shope.ee/7faC0lz9sF,
https://shopeefood.vn/ho-chi-minh/co-giang-7979-bot-chien-banh-canh-cua-bun-mang-vit,,,,,,https://shope.ee/8AWSbgxFrM,
https://shopeefood.vn/ho-chi-minh/bun-bo-hue-bun-mang-ga-vit-nguyen-van-thuong,,,,,,https://shope.ee/80D2PNxtCL,
https://shopeefood.vn/ho-chi-minh/quan-co-tuyen-nem-nuong-nha-trang-bun-rieu-bun-mang-vit-kdc-city-home,,,,,,https://shope.ee/8V9J0IvzBS,
https://shopeefood.vn/ho-chi-minh/vit-o-k-cach-mang-thang-8,,,,,,https://shope.ee/8KpsnzwcWR,
https://shopeefood.vn/ho-chi-minh/chao-goi-vit-phi-tai-chao-bun-61a-nguyen-nhu-lam.ojcsjg,,,,,,https://shope.ee/8pm9OuuiVY,
https://shopeefood.vn/ho-chi-minh/co-van-bun-nuoc-leo-bun-rieu-chao-vit,,,,,,https://shope.ee/8fSjCbvLqX,
https://shopeefood.vn/ho-chi-minh/banh-canh-bot-xat-vit-xiem-bun-mang-hai-san-binh-minh,,,,,,https://shope.ee/9AOznWtRpe,
https://shopeefood.vn/ho-chi-minh/goi-vit-duc-tam-chao-bun-mien-mang-vit-713-thong-nhat,,,,,,https://shope.ee/905ZbDu5Ad,
https://shopeefood.vn/ho-chi-minh/chao-long-bo-kho-bun-mang-vit,,,,,,https://shope.ee/9V1qC8sB9k,
https://shopeefood.vn/ho-chi-minh/pho-mien-ga-tron-bun-mang-vit-311-ten-lua,,,,,,https://shope.ee/9KiPzpsoUj,
https://shopeefood.vn/ho-chi-minh/vit-bin-bin-bun-mien-vit,,,,,,https://shope.ee/9pegakquTq,
https://shopeefood.vn/ho-chi-minh/vit-quay-chao-bun-mang-vit-678a-ha-huy-giap,,,,,,https://shope.ee/9fLGORrXop,
https://shopeefood.vn/ho-chi-minh/bun-vit-me-chip-bun-ga-vit-goi-duong-quang-ham.ugipno,,,,,,https://shope.ee/AAHWzMpdnw,
https://shopeefood.vn/ho-chi-minh/phuong-lan-bun-rieu-bun-mang-tk48-17-vo-van-kiet,,,,,,https://shope.ee/9zy6n3qH8v,
https://shopeefood.vn/ho-chi-minh/tuan-hao-chao-goi-vit-vit-nuong-van-dinh,,,,,,https://shope.ee/AUuNNyoN82,
https://shopeefood.vn/ho-chi-minh/bun-rieu-vit-anh-huy-bun-rieu-duong-so-4,,,,,,https://shope.ee/AKaxBfp0T1,
https://shopeefood.vn/ho-chi-minh/chi-hien-chao-bun-mien-mang-bun-mam,,,,,,https://shope.ee/BUB4zRi64,
https://shopeefood.vn/ho-chi-minh/quan-81-bun-mang-vit-chao-mien-goi-vit-banh-beo-chen,,,,,,https://shope.ee/1AksgSLR3,
https://shopeefood.vn/ho-chi-minh/bun-tron-goi-vit-roti-chin-mau-tan-ky-tan-quy,,,,,,https://shope.ee/W71TbQRQA,
https://shopeefood.vn/ho-chi-minh/huyen-map-bun-mang-vit,,,,,,https://shope.ee/LnbHIR4l9,
https://shopeefood.vn/ho-chi-minh/bun-mang-vit-tin-tin-dien-bien-phu,,,,,,https://shope.ee/qjrsDPAkG,
https://shopeefood.vn/ho-chi-minh/bun-mien-chao-vit-xiem-ut-tuyen-goi-vit-xiem-duong-so-8,,,,,,https://shope.ee/gQRfuPo5F,
https://shopeefood.vn/ho-chi-minh/bun-mang-vit-co-hong-do-an-le-tan-be.idsp51,,,,,,https://shope.ee/1BMiGpNu4M,
https://shopeefood.vn/ho-chi-minh/son-thi-thu-hang-bun-vit-ma-tu-hoang-ngan.fq5szr,,,,,,https://shope.ee/113I4WOXPL,
https://shopeefood.vn/ho-chi-minh/chao-vit-bun-nuoc-leo-cay-da,,,,,,https://shope.ee/1VzYfRMdOS,
https://shopeefood.vn/ho-chi-minh/quan-bun-co-hai-bun-rieu-bun-mang-vit-banh-xeo-hot-vit-lon-bun-dao-tong-nguyen.l1isyk,,,,,,https://shope.ee/1Lg8T8NGjR,
https://shopeefood.vn/ho-chi-minh/goi-vit-2-thuy-chao-bun-mien-nguyen-anh-thu,,,,,,https://shope.ee/1qcP43LMiY,
https://shopeefood.vn/ho-chi-minh/van-dinh-bun-vit-an-duong-vuong.ycq7hy,,,,,,https://shope.ee/1gIyrkM03X,
https://shopeefood.vn/ho-chi-minh/quan-que-17-bun-mang-mien-ngan-duong-so-25,,,,,,https://shope.ee/2BFFSfK62e,
https://shopeefood.vn/ho-chi-minh/chao-long-bun-moc-bun-vit-phuong-nghi-tl22,,,,,,https://shope.ee/20vpGMKjNd,
https://shopeefood.vn/ho-chi-minh/bun-mang-mien-ga-134-ly-chinh-thang,,,,,,https://shope.ee/2Vs5rHIpMk,
https://shopeefood.vn/ho-chi-minh/dong-phuong-cho-ben-thanh-bun-mang-vit-goi-vit,,,,,,https://shope.ee/2LYfeyJShj,
https://shopeefood.vn/ho-chi-minh/co-tram-bun-mang-vit,,,,,,https://shope.ee/3B7meVGI0w,
https://shopeefood.vn/ho-chi-minh/lieu-goi-bun-mang-vit,,,,,,https://shope.ee/30oMSCGvLv,
https://shopeefood.vn/ho-chi-minh/vit-ba-chien-goc-chao-bun-mieng-goi-vit,,,,,,https://shope.ee/3Vkd37F1L2,
https://shopeefood.vn/ho-chi-minh/co-hai-quan-bun-bo-hue-mien-chao-vit,,,,,,https://shope.ee/3LRCqoFeg1,
https://shopeefood.vn/ho-chi-minh/quan-bun-mang-mien-ga-be-sau-vu-tung,,,,,,https://shope.ee/3qNTRjDkf8,
https://shopeefood.vn/ho-chi-minh/quan-co-tien-bun-mien-chao-vit-ga-vinh-vien,,,,,,https://shope.ee/3g43FQEO07,
https://shopeefood.vn/ho-chi-minh/bun-mang-ngan-ga-vit-nhu-y-bun-mien-so-nha-10-duong-25-phuong-binh-trung-tay-thanh-pho-thu-duc-thanh-pho-ho-chi-minh.egl9xo,,,,,,https://shope.ee/4B0JqLCTzE,
https://shopeefood.vn/ho-chi-minh/mon-hue-o-ty-bun-mang-vit-va-com-trua,,,,,,https://shope.ee/40gte2D7KD,
https://shopeefood.vn/ho-chi-minh/quan-an-393-mi-vit-tiem-bun-mang-vit-nguyen-duy,,,,,,https://shope.ee/4VdAExBDJK,
https://shopeefood.vn/ha-noi/bumtro-bun-tron-nam-bo-do-duc-duc,,,,,,https://shope.ee/4LJk2eBqeJ,
https://shopeefood.vn/ha-noi/bun-bo-tron-247-bun-tron-nam-bo-aeon-mall-ha-dong,,,,,,https://shope.ee/4qG0dZ9wdQ,
https://shopeefood.vn/ha-noi/bun-bo-nam-bo-bat-su,,,,,,https://shope.ee/4fwaRGAZyP,
https://shopeefood.vn/ha-noi/bun-bo-nam-bo-chua-lang,,,,,,https://shope.ee/5Asr2B8fxW,
https://shopeefood.vn/ha-noi/bun-bo-nam-bo-phan-boi-chau,,,,,,https://shope.ee/50ZQps9JIV,
https://shopeefood.vn/ha-noi/bun-bo-nam-bo-cho-ngo-si-lien,,,,,,https://shope.ee/5fp7d66lwe,
https://shopeefood.vn/ha-noi/bun-bo-nam-bo-bao-lam,,,,,,https://shope.ee/5q8XpP68bh,
https://shopeefood.vn/ha-noi/bep-nha-minh-bun-bo-nam-bo,,,,,,https://shope.ee/5LCHEU82cc,
https://shopeefood.vn/ha-noi/bun-bo-nam-bo-pho-tron-87-chuong-duong-do,,,,,,https://shope.ee/5VVhQn7PHf,
https://shopeefood.vn/ha-noi/lizi-bun-bo-nam-bo-pho-tron-nuoc-ep-trai-cay,,,,,,https://shope.ee/6L4oQK4Eaq,
https://shopeefood.vn/ha-noi/bep-nha-huong-keo-bun-giang-vo.vlquml,,,,,,https://shope.ee/6VOEcd3bFt,
https://shopeefood.vn/ha-noi/bun-tron-nam-bo-ha-dong-phan-dinh-giot,,,,,,https://shope.ee/60Ry1i5VGo,
https://shopeefood.vn/ha-noi/bun-bo-nam-bo-quan-ba-moon-my-dinh,,,,,,https://shope.ee/6AlOE14rvr,
https://shopeefood.vn/ha-noi/quan-ngon-286-bun-tron-nam-bo-thanh-nhan,,,,,,https://shope.ee/70KVDY1hF2,
https://shopeefood.vn/ha-noi/bun-bo-nam-bo-24,,,,,,https://shope.ee/7AdvPr13u5,
https://shopeefood.vn/ha-noi/bun-tron-bo-nam-bo-ha-yen-quyet,,,,,,https://shope.ee/6fheow2xv0,
https://shopeefood.vn/ha-noi/bun-bo-nam-bo-thi-sach,,,,,,https://shope.ee/6q151F2Ka3,
https://shopeefood.vn/ha-noi/bun-tron-nam-bo-ngoc-huong-nhat-tao,,,,,,https://shope.ee/7faC0lz9tE,
https://shopeefood.vn/ha-noi/bun-bo-nam-bo-bep-ngon,,,,,,https://shope.ee/7ptcD4yWYH,
https://shopeefood.vn/ha-noi/bun-bo-nam-bo-cafe-sinh-to-phong,,,,,,https://shope.ee/7KxLcA0QZC,
https://shopeefood.vn/ha-noi/bun-bo-tron-nam-bo-viet-ha-quan-an-70-nguyen-khuyen,,,,,,https://shope.ee/7VGloSznEF,
https://shopeefood.vn/ha-noi/bun-dau-leng-keng-bun-dau-bun-bo-nam-bo-trieu-khuc,,,,,,https://shope.ee/8KpsnzwcXQ,
https://shopeefood.vn/ha-noi/bun-bo-tron-nam-bo-my-tim-chua-cay-24h,,,,,,https://shope.ee/8V9J0IvzCT,
https://shopeefood.vn/ha-noi/linh-lan-bun-bo-nam-bo-la-thanh,,,,,,https://shope.ee/80D2PNxtDO,
https://shopeefood.vn/ha-noi/bun-tron-nam-bo-chao-suon-sun-nam-ruoc-quay-918,,,,,,https://shope.ee/8AWSbgxFsR,
https://shopeefood.vn/ha-noi/com-ga-thai-lan-ข้าวไก่-bun-bo-nam-bo-khuong-trung,,,,,,https://shope.ee/905ZbDu5Bc,
https://shopeefood.vn/ha-noi/mai-ngon-bun-bo-nam-bo-bun-nem-tho-nhuom,,,,,,https://shope.ee/9AOznWtRqf,
https://shopeefood.vn/ha-noi/bun-bung-bun-bo-nam-bo-mi-tron-kdt-van-phu,,,,,,https://shope.ee/8fSjCbvLra,
https://shopeefood.vn/ha-noi/anchi-bun-bo-nam-bo-nguyen-chanh,,,,,,https://shope.ee/8pm9OuuiWd,
https://shopeefood.vn/ha-noi/quoc-khanh-quan-my-tron-indomie-bun-bo-nam-bo-chao-suon,,,,,,https://shope.ee/9fLGORrXpo,
https://shopeefood.vn/ha-noi/bun-bo-nam-bo-96-bun-tron-nguyen-van-cu,,,,,,https://shope.ee/9pegakquUr,
https://shopeefood.vn/ha-noi/bun-bo-nam-bo-gia-truyen-doi-can,,,,,,https://shope.ee/9KiPzpsoVm,
https://shopeefood.vn/ha-noi/bun-bo-nam-bo-quynh-anh-ton-that-tung,,,,,,https://shope.ee/9V1qC8sBAp,
https://shopeefood.vn/ha-noi/bach-phuong-bun-bo-nam-bo,,,,,,https://shope.ee/AKaxBfp0U0,
https://shopeefood.vn/ha-noi/bun-bo-nam-bo-cafe-sinh-to-ton-that-tung,,,,,,https://shope.ee/AUuNNyoN93,
https://shopeefood.vn/ha-noi/bun-bo-tron-nam-bo-duong-lang,,,,,,https://shope.ee/9zy6n3qH9y,
https://shopeefood.vn/ha-noi/chao-dai-loan-bun-bo-nam-bo-57-hang-luoc,,,,,,https://shope.ee/AAHWzMpdp1,
https://shopeefood.vn/ha-noi/bun-cha-bun-bo-nam-bo-huong-tra-quan,,,,,,https://shope.ee/LnbHIR4m8,
https://shopeefood.vn/ha-noi/bumtro-bun-tron-nam-bo-kdt-dai-thanh,,,,,,https://shope.ee/W71TbQRRB,
https://shopeefood.vn/ha-noi/quang-anh-bun-bo-tron-nam-bo-trieu-khuc,,,,,,https://shope.ee/1AksgSLS6,
https://shopeefood.vn/ha-noi/bun-bo-tron-nam-bo-219a-kham-thien,,,,,,https://shope.ee/BUB4zRi79,
https://shopeefood.vn/ha-noi/bun-tron-nam-bo-choang-choang-khuat-duy-tien,,,,,,https://shope.ee/113I4WOXQK,
https://shopeefood.vn/ha-noi/u-liu-bun-bo-nam-bo-cac-mon-cuon-van-ho-2,,,,,,https://shope.ee/1BMiGpNu5N,
https://shopeefood.vn/ha-noi/bumtro-bun-tron-nam-bo-le-van-hien,,,,,,https://shope.ee/gQRfuPo6I,
https://shopeefood.vn/ha-noi/bun-tron-hoa-beo-bun-bo-nam-bo-pho-tron-xa-xiu-to-tich,,,,,,https://shope.ee/qjrsDPAlL,
https://shopeefood.vn/ha-noi/pheng-bep-bun-bo-nam-bo-lang-ha.gcys1i,,,,,,https://shope.ee/1gIyrkM04W,
https://shopeefood.vn/ha-noi/1968-pho-tron-xa-xiu-bun-bo-nam-bo,,,,,,https://shope.ee/1qcP43LMjZ,
https://shopeefood.vn/ha-noi/tiem-bun-bo-nam-bo-giang-vo,,,,,,https://shope.ee/1Lg8T8NGkU,
https://shopeefood.vn/ha-noi/mi-bun-ngon-bun-dau-bun-gia-cay-bun-bo-nam-bo,,,,,,https://shope.ee/1VzYfRMdPX,
https://shopeefood.vn/ha-noi/bumtro-bun-tron-nam-bo-tran-cung,,,,,,https://shope.ee/2LYfeyJSii,
https://shopeefood.vn/ha-noi/ton-yen-banh-cuon-nong-bun-bo-nam-bo-nguyen-ngoc-nai,,,,,,https://shope.ee/2Vs5rHIpNl,
https://shopeefood.vn/ha-noi/chao-hoa-quan-trung-bac-thao-bun-bo-tron-nam-bo,,,,,,https://shope.ee/20vpGMKjOg,
https://shopeefood.vn/ha-noi/kaka-bun-bo-nam-bo-an-vat-thanh-lan,,,,,,https://shope.ee/2BFFSfK63j,
https://shopeefood.vn/ha-noi/bun-dau-vau-vau-bun-dau-bun-bo-nam-bo,,,,,,https://shope.ee/30oMSCGvMu,
https://shopeefood.vn/ha-noi/eatdee-bun-bo-nam-bo-s202-ocean-park-1.mdt8im,,,,,,https://shope.ee/3B7meVGI1x,
https://shopeefood.vn/ha-noi/co-huyen-bun-bo-nam-bo,,,,,,https://shope.ee/2gBW3aIC2s,
https://shopeefood.vn/ha-noi/tiem-an-vat-bun-bo-nam-bo-mi-tron-indome-nuoc-ep-nguyen-chat,,,,,,https://shope.ee/2qUwFtHYhv,
https://shopeefood.vn/ha-noi/linh-can-bun-bo-nam-bo-banh-da-tron-nom-bo-kho-ta-quang-buu,,,,,,https://shope.ee/3g43FQEO16,
https://shopeefood.vn/ha-noi/bep-nha-chang-bun-bo-nam-bo-au-co,,,,,,https://shope.ee/3qNTRjDkg9,
https://shopeefood.vn/ha-noi/bun-tron-nam-bo-do-ngon-baz-food-trieu-khuc,,,,,,https://shope.ee/3LRCqoFeh4,
https://shopeefood.vn/ha-noi/dt-fastfood-my-tron-bun-bo-nam-bo-do-an-nhanh-ngo-thi-nham,,,,,,https://shope.ee/3Vkd37F1M7,
https://shopeefood.vn/ha-noi/bun-tron-nam-bo-so-1-ha-noi,,,,,,https://shope.ee/4LJk2eBqfI,
https://shopeefood.vn/ha-noi/bep-nha-moc-bun-bo-nam-bo-nuoc-ep-trai-cay,,,,,,https://shope.ee/4VdAExBDKL,
https://shopeefood.vn/ha-noi/bun-tron-nam-bo-ba-thom-nguyen-trai,,,,,,https://shope.ee/40gte2D7LG,
https://shopeefood.vn/ha-noi/bun-tron-nam-bo-bun-thit-nuong-to-hien-thanh,,,,,,https://shope.ee/4B0JqLCU0J,
https://shopeefood.vn/ha-noi/u-liu-bun-bo-nam-bo-cac-mon-cuon-23-ngo-55-van-ho-2,,,,,,https://shope.ee/50ZQps9JJU,
https://shopeefood.vn/ha-noi/bep-co-phuong-bun-cha-bun-bo-nam-bo-ton-duc-thang.dllp9r,,,,,,https://shope.ee/5Asr2B8fyX,
https://shopeefood.vn/ha-noi/bun-tron-nam-bo-hien-luong-do-an-doi-can.i4mqxt,,,,,,https://shope.ee/4fwaRGAZzS,
https://shopeefood.vn/ha-noi/bumtro-bun-tron-nam-bo-tan-mai,,,,,,https://shope.ee/4qG0dZ9weV,
https://shopeefood.vn/ha-noi/bun-bo-tron-nam-bo-tran-phu,,,,,,https://shope.ee/5q8XpP68ci,
https://shopeefood.vn/ha-noi/bep-co-an-my-tron-thit-nuong-bun-tron-thit-nuong-bun-bo-tron-nam-bo,,,,,,https://shope.ee/5fp7d66lxh,
https://shopeefood.vn/ha-noi/diep-anh-bun-bo-nam-bo-bun-ca-ngo-da-tuong,,,,,,https://shope.ee/5VVhQn7PIg,
https://shopeefood.vn/ha-noi/bumtro-bun-tron-nam-bo-lang-thuong,,,,,,https://shope.ee/5LCHEU82df,
https://shopeefood.vn/ha-noi/bep-me-bap-bun-bo-nam-bo,,,,,,https://shope.ee/6VOEcd3bGu,
https://shopeefood.vn/ha-noi/bumtro-bun-tron-nam-bo-xuan-la,,,,,,https://shope.ee/6L4oQK4Ebt,
https://shopeefood.vn/ha-noi/bun-bo-nam-bo-phu-doan,,,,,,https://shope.ee/6AlOE14rws,
https://shopeefood.vn/ha-noi/co-hue-bun-bo-nam-bo,,,,,,https://shope.ee/60Ry1i5VHr,
https://shopeefood.vn/ha-noi/bep-me-chilsu-bun-bo-nam-bo-bun-thit-nuong-168-la-thanh.8zp4ri,,,,,,https://shope.ee/7AdvPr13v6,
https://shopeefood.vn/ha-noi/bumtro-bun-tron-nam-bo-sai-dong,,,,,,https://shope.ee/70KVDY1hG5,
https://shopeefood.vn/ha-noi/mam-mam-quan-banh-mi-sot-vang-bun-bo-nam-bo-222-le-duan,,,,,,https://shope.ee/6q151F2Kb4,
https://shopeefood.vn/ha-noi/banh-xeo-bun-bo-nam-bo-165,,,,,,https://shope.ee/6fheow2xw3,
https://shopeefood.vn/ha-noi/nhung-beo-bun-bo-nam-bo-20-ngach-20-ngo-143-ngo-cho-kham-thien.yoav5q,,,,,,https://shope.ee/7ptcD4yWZI,
https://shopeefood.vn/ha-noi/bumtro-bun-tron-nam-bo-linh-nam,,,,,,https://shope.ee/7faC0lz9uH,
https://shopeefood.vn/ha-noi/co-phuong-bun-bo-nam-bo,,,,,,https://shope.ee/7VGloSznFG,
https://shopeefood.vn/ha-noi/com-118-bun-bo-nam-bo,,,,,,https://shope.ee/7KxLcA0QaF,
https://shopeefood.vn/ha-noi/bun-bo-nam-bo-tron,,,,,,https://shope.ee/8V9J0IvzDU,
https://shopeefood.vn/ha-noi/food-mart-vit-quay-bac-kinh-mi-tron-indomie-bun-bo-nam-bo-o-dong-lam,,,,,,https://shope.ee/8KpsnzwcYT,
https://shopeefood.vn/ha-noi/chanh-quan-bun-bo-nam-bo-banh-mi-sot-vang-hoang-quoc-viet,,,,,,https://shope.ee/8AWSbgxFtS,
https://shopeefood.vn/ha-noi/bumtro-bun-tron-nam-bo-pho-xom,,,,,,https://shope.ee/80D2PNxtER,
https://shopeefood.vn/ha-noi/cau-son-bun-tron-nam-bo-mi-mau-cua-cha-le-van-hien,,,,,,https://shope.ee/9AOznWtRrg,
https://shopeefood.vn/ha-noi/bun-tron-nam-bo-bun-dau-mam-tom-299-quan-nhan,,,,,,https://shope.ee/905ZbDu5Cf,
https://shopeefood.vn/ha-noi/bun-bo-tron-nam-bo-com-van-phong-mai-hac-de,,,,,,https://shope.ee/70KVDY1u0d,
https://shopeefood.vn/da-nang/bun-bo-nam-bo-bep-co-tu-le-hong-phong,,,,,,https://shope.ee/3LRCqoFrRw,
https://shopeefood.vn/da-nang/nem-oi-bun-nem-ran-ha-noi-bun-bo-xao-nam-bo,,,,,,https://shope.ee/3Vkd37FE6z,
https://shopeefood.vn/da-nang/bun-bo-nam-bo-bep-co-tu-tran-hung-dao,,,,,,https://shope.ee/3g43FQEam2,
https://shopeefood.vn/ha-noi/bun-mam-co-hai-thu-ly-thuong-kiet,,,,,,https://shope.ee/3qNTRjDxR5,
https://shopeefood.vn/ha-noi/kem-food-bun-mam-bun-thai-minh-khai,,,,,,https://shope.ee/2gBW3aIOns,
https://shopeefood.vn/ha-noi/bun-mam-tron-phake-com-bun-cau-giay,,,,,,https://shope.ee/2qUwFtHlSv,
https://shopeefood.vn/da-nang/hien-nho-ca-nuc-cuon-banh-trang-bun-long-bun-mam,,,,,,https://shope.ee/30oMSCH87y,
https://shopeefood.vn/da-nang/bun-mam-huong,,,,,,https://shope.ee/3B7meVGUn1,
https://shopeefood.vn/da-nang/quan-be-lun-bun-mam,,,,,,https://shope.ee/4fwaRGAmkK,
https://shopeefood.vn/da-nang/bep-nha-beer-bun-mam-124-ngo-van-so.xtmrtg,,,,,,https://shope.ee/4qG0dZA9PN,
https://shopeefood.vn/da-nang/bun-mam-ngoc,,,,,,https://shope.ee/50ZQps9W4Q,
https://shopeefood.vn/da-nang/bun-mam-245-kinh-duong-vuong,,,,,,https://shope.ee/5Asr2B8sjT,
https://shopeefood.vn/da-nang/bep-hue-co-thom-banh-trang-thit-heo-bun-mam-bun-long-xao-nghe,,,,,,https://shope.ee/40gte2DK6G,
https://shopeefood.vn/da-nang/bep-nha-ly-bun-mam-bun-xi-dau,,,,,,https://shope.ee/4B0JqLCglJ,
https://shopeefood.vn/da-nang/bun-mam-vi-xua,,,,,,https://shope.ee/4LJk2eC3QM,
https://shopeefood.vn/da-nang/bun-mam-hoa-nguyen-cong-tru,,,,,,https://shope.ee/4VdAExBQ5P,
https://shopeefood.vn/da-nang/bun-mam-liem-doan-thi-diem,,,,,,https://shope.ee/gQRfuQ0rg,
https://shopeefood.vn/da-nang/quan-nga-bun-thit-nuong-banh-xeo-bun-mam,,,,,,https://shope.ee/qjrsDPNWj,
https://shopeefood.vn/da-nang/quan-tam-bun-mam-thit-quay,,,,,,https://shope.ee/113I4WOkBm,
https://shopeefood.vn/da-nang/bun-mam-hong-tran-ke-xuong,,,,,,https://shope.ee/1BMiGpO6qp,
https://shopeefood.vn/da-nang/ha-bun-mam,,,,,,https://shope.ee/1AksgSYDc,
https://shopeefood.vn/da-nang/bun-mam-van-tran-ke-xuong,,,,,,https://shope.ee/BUB4zRusf,
https://shopeefood.vn/da-nang/ba-en-bun-mam-nguyen-huy-tuong.vojuht,,,,,,https://shope.ee/LnbHIRHXi,
https://shopeefood.vn/da-nang/bun-mam-co-ba,,,,,,https://shope.ee/W71TbQeCl,
https://shopeefood.vn/da-nang/chang-snacks-com-hen-bun-oc-hen-bun-mam-hue,,,,,,https://shope.ee/20vpGMKwA4,
https://shopeefood.vn/da-nang/bep-nho-com-bun-mam-bun-nuoc-tuong-nguyen-cong-hoan,,,,,,https://shope.ee/2BFFSfKIp7,
https://shopeefood.vn/da-nang/dinh-thi-linh-giang-bun-mam-thit-heo-cuon-goi-cuon-doi-cung.519uxx,,,,,,https://shope.ee/2LYfeyJfUA,
https://shopeefood.vn/da-nang/bun-bo-my-quang-bun-mam-97dstk,,,,,,https://shope.ee/2Vs5rHJ29D,
https://shopeefood.vn/da-nang/co-huong-bun-bo-bun-mam,,,,,,https://shope.ee/1Lg8T8NTW0,
https://shopeefood.vn/da-nang/bun-mam-di-hang,,,,,,https://shope.ee/1VzYfRMqB3,
https://shopeefood.vn/da-nang/ry-bun-long-xao-nghe-bun-mam,,,,,,https://shope.ee/1gIyrkMCq6,
https://shopeefood.vn/da-nang/bun-mam-be-ni-u-chau-thi-vinh-te,,,,,,https://shope.ee/1qcP43LZV9,
https://shopeefood.vn/da-nang/di-le-duong-ray-mi-quang-bun-mam-bun-thit-nuong,,,,,,https://shope.ee/8fSjCbvYdU,
https://shopeefood.vn/da-nang/bun-mam-co-hoa,,,,,,https://shope.ee/8pm9OuuvIX,
https://shopeefood.vn/da-nang/co-hue-cho-con-co-so-2-banh-trang-thit-heo-bun-mam-hai-phong,,,,,,https://shope.ee/905ZbDuHxa,
https://shopeefood.vn/da-nang/quan-thanh-dung-bun-thit-nuong-bun-mam-banh-can,,,,,,https://shope.ee/9AOznWtecd,
https://shopeefood.vn/da-nang/co-tram-bun-thit-nuong-bun-mam-134a-nguyen-duy-trinh,,,,,,https://shope.ee/80D2PNy5zQ,
https://shopeefood.vn/da-nang/bun-mam-co-sam-cho-hoa-khanh,,,,,,https://shope.ee/8AWSbgxSeT,
https://shopeefood.vn/da-nang/quan-suong-283-bun-thit-nuong-bun-mam-nem-lui,,,,,,https://shope.ee/8KpsnzwpJW,
https://shopeefood.vn/da-nang/bun-ha-bun-bo-bun-mam-tran-cao-van,,,,,,https://shope.ee/8V9J0IwByZ,
https://shopeefood.vn/da-nang/bun-mam-o-my,,,,,,https://shope.ee/9zy6n3qTvs,
https://shopeefood.vn/da-nang/bun-mam-hoa-nga,,,,,,https://shope.ee/AAHWzMpqav,
https://shopeefood.vn/da-nang/loan-bun-mam-duong-ray-le-do,,,,,,https://shope.ee/AKaxBfpDFy,
https://shopeefood.vn/da-nang/do-an-ten-lam-bun-mam-shop-online,,,,,,https://shope.ee/AUuNNyoZv1,
https://shopeefood.vn/da-nang/co-sen-bun-mam-banh-beo-ha-huy-tap,,,,,,https://shope.ee/9KiPzpt1Ho,
https://shopeefood.vn/da-nang/bun-mam-528-hoang-dieu-bun-mam-528-hoang-dieu,,,,,,https://shope.ee/9V1qC8sNwr,
https://shopeefood.vn/da-nang/bun-mam-66-bun-mam-banh-uot-nguyen-chanh.z0dykk,,,,,,https://shope.ee/9fLGORrkbu,
https://shopeefood.vn/da-nang/bep-online-bun-cha-ha-noi-bun-mam-bun-thit-nuong,,,,,,https://shope.ee/9pegakr7Gx,
https://shopeefood.vn/da-nang/bep-hue-bun-bo-bun-mam-bun-hen-phan-boi-chau,,,,,,https://shope.ee/60Ry1i5i3E,
https://shopeefood.vn/da-nang/bun-mam-van,,,,,,https://shope.ee/6AlOE154iH,
https://shopeefood.vn/da-nang/bun-mam-co-van,,,,,,https://shope.ee/6L4oQK4RNK,
https://shopeefood.vn/da-nang/logo-foods-bun-mam-ram-cuon-cai-binh-thai-1,,,,,,https://shope.ee/6VOEcd3o2N,
https://shopeefood.vn/da-nang/bun-mam-ba-dong,,,,,,https://shope.ee/5LCHEU8FPA,
https://shopeefood.vn/da-nang/mam-bun-dau-bun-mam,,,,,,https://shope.ee/5VVhQn7c4D,
https://shopeefood.vn/da-nang/bun-thit-nuong-bun-mam-co-phuong-33-nguyen-hoang,,,,,,https://shope.ee/5fp7d66yjG,
https://shopeefood.vn/da-nang/bun-mam-co-le-nguyen-van-linh,,,,,,https://shope.ee/5q8XpP6LOJ,
https://shopeefood.vn/da-nang/bun-mam-be-tran-binh-trong,,,,,,https://shope.ee/7KxLcA0dLc,
https://shopeefood.vn/da-nang/quan-thuy-bun-thit-nuong-bun-mam-33-hoa-que-trung-2,,,,,,https://shope.ee/7VGloT000f,
https://shopeefood.vn/da-nang/bun-mam-be-ha,,,,,,https://shope.ee/7faC0lzMfi,
https://shopeefood.vn/da-nang/ba-hong-bun-thit-nuong-nem-lui-bun-mam,,,,,,https://shope.ee/7ptcD4yjKl,
https://shopeefood.vn/da-nang/quan-nguyen-my-quang-bun-bo-bun-mam,,,,,,https://shope.ee/6fheow3AhY,
https://shopeefood.vn/da-nang/quan-xi-bun-mam-beo-nam-loc,,,,,,https://shope.ee/6q151F2XMb,
https://shopeefood.vn/da-nang/bun-mam-huong-sori-doi-can,,,,,,https://shope.ee/70KVDY1u1e,
https://shopeefood.vn/da-nang/bi-my-cho-con-banh-trang-thit-heo-bun-mam-nuoc-ep,,,,,,https://shope.ee/7AdvPr1Ggh,
https://shopeefood.vn/ho-chi-minh/quan-45a-bun-mam,,,,,,https://shope.ee/3qNTRjDxS4,
https://shopeefood.vn/ho-chi-minh/bun-mam-lau-mam-tiem-truong-giang-pham-dang-giang,,,,,,https://shope.ee/3g43FQEan3,
https://shopeefood.vn/ho-chi-minh/bun-mam-bun-nuoc-leo-soc-trang-huynh-tan-phat,,,,,,https://shope.ee/3Vkd37FE82,
https://shopeefood.vn/ho-chi-minh/bun-thai-hai-san-bun-mam-bun-nuoc-leo-le-van-luong,,,,,,https://shope.ee/3LRCqoFrT1,
https://shopeefood.vn/ho-chi-minh/bun-mam-nem-co-bay-cong-hoa,,,,,,https://shope.ee/3B7meVGUo0,
https://shopeefood.vn/ho-chi-minh/bun-mam-nem-co-bay-vo-van-kiet,,,,,,https://shope.ee/30oMSCH88z,
https://shopeefood.vn/ho-chi-minh/bun-mam-nem-co-bay-nguyen-son,,,,,,https://shope.ee/2qUwFtHlTy,
https://shopeefood.vn/ho-chi-minh/bun-mam-nem-co-bay-cam-ba-thuoc,,,,,,https://shope.ee/2gBW3aIOox,
https://shopeefood.vn/ho-chi-minh/bun-mam-nem-co-bay-to-hien-thanh,,,,,,https://shope.ee/5Asr2B8skS,
https://shopeefood.vn/ho-chi-minh/bun-mam-nem-co-bay-le-thi-hong,,,,,,https://shope.ee/50ZQps9W5R,
https://shopeefood.vn/ho-chi-minh/bun-mam-nem-co-bay-nguyen-canh-chan,,,,,,https://shope.ee/4qG0dZA9QQ,
https://shopeefood.vn/ho-chi-minh/bun-mam-co-hoa-phan-huy-ich,,,,,,https://shope.ee/4fwaRGAmlP,
https://shopeefood.vn/ho-chi-minh/bun-mam-lau-mam-vy,,,,,,https://shope.ee/4VdAExBQ6O,
https://shopeefood.vn/ho-chi-minh/bun-mam-lau-mam-vy-nguyen-van-tang,,,,,,https://shope.ee/4LJk2eC3RN,
https://shopeefood.vn/ho-chi-minh/bun-mam-bun-thai-kim-thu-ly-thuong-kiet,,,,,,https://shope.ee/4B0JqLCgmM,
https://shopeefood.vn/ho-chi-minh/bun-mam-bun-thai-ut-nu,,,,,,https://shope.ee/40gte2DK7L,
https://shopeefood.vn/ho-chi-minh/tiem-bun-mam-bun-thai-nguyen-du,,,,,,https://shope.ee/1BMiGpO6ro,
https://shopeefood.vn/ho-chi-minh/bun-mam-bun-thai-chi-hang,,,,,,https://shope.ee/113I4WOkCn,
https://shopeefood.vn/ho-chi-minh/co-nguyet-bun-mam-bun-thai-104-thien-phuoc.f5msxx,,,,,,https://shope.ee/qjrsDPNXm,
https://shopeefood.vn/ho-chi-minh/bun-mam-164-pham-van-dong,,,,,,https://shope.ee/gQRfuQ0sl,
https://shopeefood.vn/ho-chi-minh/bun-mam-co-chi-bun-mam-cach-mang-thang-8,,,,,,https://shope.ee/W71TbQeDk,
https://shopeefood.vn/ho-chi-minh/bun-mam-lau-mam-vy-do-xuan-hop,,,,,,https://shope.ee/LnbHIRHYj,
https://shopeefood.vn/ho-chi-minh/bun-mam-co-ba-le-trong-tan,,,,,,https://shope.ee/BUB4zRuti,
https://shopeefood.vn/ho-chi-minh/bun-mam-bun-thai-bun-nuoc-leo-quan-trang,,,,,,https://shope.ee/1AksgSYEh,
https://shopeefood.vn/ho-chi-minh/bun-mam-nem-ne-bun-mam-phan-thiet-duong-quang-ham,,,,,,https://shope.ee/2Vs5rHJ2AC,
https://shopeefood.vn/ho-chi-minh/bun-mam-bun-thai-co-nguyet,,,,,,https://shope.ee/2LYfeyJfVB,
https://shopeefood.vn/ho-chi-minh/co-tim-bun-mam-lau-mam,,,,,,https://shope.ee/2BFFSfKIqA,
https://shopeefood.vn/ho-chi-minh/quan-an-toan-nhi-bun-mam-bun-bo-hoang-hoa-tham,,,,,,https://shope.ee/20vpGMKwB9,
https://shopeefood.vn/ho-chi-minh/bun-mam-lau-mam-vy-hiep-binh,,,,,,https://shope.ee/1qcP43LZW8,
https://shopeefood.vn/ho-chi-minh/co-bong-bun-mam-cho-tan-dinh,,,,,,https://shope.ee/1gIyrkMCr7,
https://shopeefood.vn/ho-chi-minh/bun-mam-bun-rieu-ut-thao-cho-ba-hom,,,,,,https://shope.ee/1VzYfRMqC6,
https://shopeefood.vn/ho-chi-minh/bun-mam-bun-thai-cau-3,,,,,,https://shope.ee/1Lg8T8NTX5,
https://shopeefood.vn/ho-chi-minh/bun-thai-bun-mam-nguyen-duy,,,,,,https://shope.ee/9AOznWtedc,
https://shopeefood.vn/ho-chi-minh/bun-mam-bun-dau-hu-tieu-co-ba-oanh-ap-33,,,,,,https://shope.ee/905ZbDuHyb,
https://shopeefood.vn/ho-chi-minh/bun-mam-hanh-nhi,,,,,,https://shope.ee/8pm9OuuvJa,
https://shopeefood.vn/ho-chi-minh/bun-mam-bun-thai-bun-rieu-ty-peo,,,,,,https://shope.ee/4VdAExFoqg,
https://shopeefood.vn/ho-chi-minh/bun-bo-hue-bun-mam-mien-tay-co-bong,,,,,,https://shope.ee/4LJk2eGSBf,
https://shopeefood.vn/ho-chi-minh/be-phuong-bun-mam-bun-mam-nem-goi-cuon,,,,,,https://shope.ee/4qG0dZEYAm,
https://shopeefood.vn/ho-chi-minh/bun-mam-bun-bo-hoang-minh,,,,,,https://shope.ee/4fwaRGFBVl,
https://shopeefood.vn/ho-chi-minh/bun-mam-co-tu-mien-tay-bui-minh-truc,,,,,,https://shope.ee/5Asr2BDHUs,
https://shopeefood.vn/ho-chi-minh/bun-mam-no-trang-long,,,,,,https://shope.ee/50ZQpsDupr,
https://shopeefood.vn/ho-chi-minh/mai-bun-mam-hu-tiu-hoang-dieu,,,,,,https://shope.ee/2qUwFtMAES,
https://shopeefood.vn/ho-chi-minh/bun-mam-nem-bun-nuoc-tuong-sup-cua-ga-nha-kieu,,,,,,https://shope.ee/2gBW3aMnZR,
https://shopeefood.vn/ho-chi-minh/bun-mam-co-5-dong-thap-au-duong-lan,,,,,,https://shope.ee/3B7meVKtYY,
https://shopeefood.vn/ho-chi-minh/bun-thai-bun-mam-hong-an,,,,,,https://shope.ee/30oMSCLWtX,
https://shopeefood.vn/ho-chi-minh/bun-mam-new-quach-dieu,,,,,,https://shope.ee/3Vkd37Jcse,
https://shopeefood.vn/ho-chi-minh/co-tim-goi-cuon-bun-mam-nem-thong-nhat,,,,,,https://shope.ee/3LRCqoKGDd,
https://shopeefood.vn/ho-chi-minh/bun-mam-hem-29-hoang-hoa-tham-binh-thanh,,,,,,https://shope.ee/3qNTRjIMCk,
https://shopeefood.vn/ho-chi-minh/bun-mam-lau-mam-co-tu-bun-mam,,,,,,https://shope.ee/3g43FQIzXj,
https://shopeefood.vn/ho-chi-minh/que-food-bun-mam-nem-bun-nuoc-tuong-tre-tron,,,,,,https://shope.ee/1VzYfRREwK,
https://shopeefood.vn/ho-chi-minh/bun-mam-bun-nuoc-leo-soc-trang-co-5,,,,,,https://shope.ee/1Lg8T8RsHJ,
https://shopeefood.vn/ho-chi-minh/bun-mam-anh-hong-bun-mam-pham-van-chi,,,,,,https://shope.ee/1qcP43PyGQ,
https://shopeefood.vn/ho-chi-minh/bun-mam-bun-thai-doc-lap,,,,,,https://shope.ee/1gIyrkQbbP,
https://shopeefood.vn/ho-chi-minh/tiem-bun-mam-bun-bo-135-bong-sao,,,,,,https://shope.ee/2BFFSfOhaW,
https://shopeefood.vn/ho-chi-minh/bun-mam-bun-thai-ha-beo,,,,,,https://shope.ee/20vpGMPKvV,
https://shopeefood.vn/ho-chi-minh/co-hai-lau-bun-mam-bun-thai,,,,,,https://shope.ee/2Vs5rHNQuc,
https://shopeefood.vn/ho-chi-minh/anh-tuan-bun-bo-banh-canh-cua,,,,,,https://shope.ee/2LYfeyO4Fb,
https://shopeefood.vn/ho-chi-minh/bun-mam-mien-tay-tran-quang-khai,,,,,,https://shope.ee/BUB4zWJeC,
https://shopeefood.vn/ho-chi-minh/bun-mam-lau-mam-song-nhi-126-nguyen-duy-cung,,,,,,https://shope.ee/1AksgWwzB,
https://shopeefood.vn/ho-chi-minh/quan-95-bun-mam-bun-bo-bong-sao.a7i3vr,,,,,,https://shope.ee/W71TbV2yI,
https://shopeefood.vn/ho-chi-minh/thanh-thao-bun-mam-so-2.6c7upy,,,,,,https://shope.ee/LnbHIVgJH,
https://shopeefood.vn/ho-chi-minh/quan-178-bun-mam-bun-bo-hue,,,,,,https://shope.ee/qjrsDTmIO,
https://shopeefood.vn/ho-chi-minh/bun-mam-cho-an-nhon,,,,,,https://shope.ee/gQRfuUPdN,
https://shopeefood.vn/ho-chi-minh/bun-mam-bun-thai-le-phuong,,,,,,https://shope.ee/1BMiGpSVcU,
https://shopeefood.vn/ho-chi-minh/bun-nuoc-leo-soc-trang-va-bun-mam-co-nam,,,,,,https://shope.ee/113I4WT8xT,
https://shopeefood.vn/ho-chi-minh/bep-gia-lai-bun-mam-nem-bun-cua,,,,,,https://shope.ee/9V1qC8wmi8,
https://shopeefood.vn/ho-chi-minh/bun-mam-bun-thai-ngoc-nhung,,,,,,https://shope.ee/9KiPzpxQ37,
https://shopeefood.vn/ho-chi-minh/bun-mam-phu-yen-bun-mam-nguyen-duy-duong.s1cimo,,,,,,https://shope.ee/9pegakvW2E,
https://shopeefood.vn/ho-chi-minh/quan-bun-mam-68-lau-mam-bun-rieu,,,,,,https://shope.ee/9fLGORw9ND,
https://shopeefood.vn/ho-chi-minh/bun-mam-lau-mam-mien-tay-mai-linh,,,,,,https://shope.ee/AAHWzMuFMK,
https://shopeefood.vn/ho-chi-minh/di-bay-bun-mam-nem-da-nang-phan-huy-ich,,,,,,https://shope.ee/9zy6n3ushJ,
https://shopeefood.vn/ho-chi-minh/quan-68-bun-mam-bun-nuoc-leo-bun-thai,,,,,,https://shope.ee/AUuNNysygQ,
https://shopeefood.vn/ho-chi-minh/bun-thai-bun-mam-beo-quan,,,,,,https://shope.ee/AKaxBftc1P,
https://shopeefood.vn/ho-chi-minh/tiem-nha-bun-bun-nuoc-tuong-bun-mam-nem-quang-trung,,,,,,https://shope.ee/8AWSbh1rQ0,
https://shopeefood.vn/ho-chi-minh/bun-mam-co-tu-mien-tay,,,,,,https://shope.ee/80D2PO2Ukz,
https://shopeefood.vn/ho-chi-minh/bun-mam-co-muoi,,,,,,https://shope.ee/8V9J0J0ak6,
https://shopeefood.vn/ho-chi-minh/bun-mam-lau-mam-co-ut-ut-tich,,,,,,https://shope.ee/8Kpso01E55,
https://shopeefood.vn/ho-chi-minh/quan-220-bun-mam-bun-thai-nguyen-van-luong,,,,,,https://shope.ee/8pm9OuzK4C,
https://shopeefood.vn/ho-chi-minh/bun-mam-le,,,,,,https://shope.ee/8fSjCbzxPB,
https://shopeefood.vn/ho-chi-minh/rise-o-binh-chanh-bun-nuoc-tuong-bun-mam-nem,,,,,,https://shope.ee/9AOznWy3OI,
https://shopeefood.vn/ho-chi-minh/quan-co-hoa-bun-mam-lau-mam,,,,,,https://shope.ee/905ZbDygjH,
https://shopeefood.vn/ho-chi-minh/bun-mam-di-nam-duong-10,,,,,,https://shope.ee/6q151F6w7s,
https://shopeefood.vn/ho-chi-minh/bun-mam-lau-mam-co-cuc,,,,,,https://shope.ee/6fheow7ZSr,
https://shopeefood.vn/ho-chi-minh/bun-bo-bun-mam-ut-quyen,,,,,,https://shope.ee/7AdvPr5fRy,
https://shopeefood.vn/ho-chi-minh/bun-nuoc-tuong-bun-mam-nem-tiem-nha-tao,,,,,,https://shope.ee/70KVDY6Imx,
https://shopeefood.vn/ho-chi-minh/bun-mam-trang-bun-ton-that-dam,,,,,,https://shope.ee/7VGloT4Om4,
https://shopeefood.vn/ho-chi-minh/mai-bun-mam-hu-tiu-duong-so-50,,,,,,https://shope.ee/7KxLcA5273,
https://shopeefood.vn/ho-chi-minh/bun-mam-chi-nam-tran-phu,,,,,,https://shope.ee/7ptcD5386A,
https://shopeefood.vn/ho-chi-minh/bun-mam-va-bun-bo-duong-so-10,,,,,,https://shope.ee/7faC0m3lR9,
https://shopeefood.vn/ho-chi-minh/7-quan-banh-canh-rieu-cua-dong-bun-rieu-bun-mam,,,,,,https://shope.ee/5VVhQnC0pk,
https://shopeefood.vn/ho-chi-minh/bun-mam-co-tram-bun-mam-doi-dien-truong-chi-lang-duong-nguyen-huu-hao,,,,,,https://shope.ee/5LCHEUCeAj,
https://shopeefood.vn/ho-chi-minh/tiem-bun-tru-danh-bun-mam-nem-bun-nuoc-tuong-go-vap,,,,,,https://shope.ee/5q8XpPAk9q,
https://shopeefood.vn/ha-noi/bun-dau-xeo-xeo-bun-dau-mam-tom-7-259-yen-hoa,,,,,,https://shope.ee/5fp7d6BNUp,
https://shopeefood.vn/ha-noi/co-hien-bun-mien-ngan-ngan-chay-toi-dac-biet,,,,,,https://shope.ee/6AlOE19TTw,
https://shopeefood.vn/ha-noi/bun-mien-pho-chay-hanh-phuc,,,,,,https://shope.ee/60Ry1iA6ov,
https://shopeefood.vn/ha-noi/quan-co-huong-bun-bo-chay-tran-binh,,,,,,https://shope.ee/6VOEcd8Co2,
https://shopeefood.vn/ha-noi/bun-chay-an-vien,,,,,,https://shope.ee/6L4oQK8q91,
https://shopeefood.vn/ha-noi/chay-doan-duc-bun-thai-bun-rieu-chay-do-duc-duc,,,,,,https://shope.ee/40gte2Hisa,
https://shopeefood.vn/ha-noi/bach-giai-chay-bun-mien-pho-chay,,,,,,https://shope.ee/4B0JqLH5Xd,
https://shopeefood.vn/ha-noi/chay-tam-khoi-bun-rieu-chay-cuon-chay-hang-dieu,,,,,,https://shope.ee/4LJk2eGSCg,
https://shopeefood.vn/ha-noi/chay-thuc-duong-bun-pho-cac-mon-co-chay,,,,,,https://shope.ee/4VdAExForj,
https://shopeefood.vn/ha-noi/bun-real-chay-bun-rieu-pho-cuon,,,,,,https://shope.ee/4fwaRGFBWm,
https://shopeefood.vn/ha-noi/chay-hoa-phuoc-bun-pho-nem-cuon-chay-168-trung-kinh.attpzz,,,,,,https://shope.ee/4qG0dZEYBp,
https://shopeefood.vn/ha-noi/bep-chay-an-viet-bun-rieu-chay-phan-van-tri.nltqbm,,,,,,https://shope.ee/50ZQpsDuqs,
https://shopeefood.vn/ha-noi/chay-hoa-phuoc-2-bun-pho-nem-cuon-chay-ton-that-tung.hd0w3c,,,,,,https://shope.ee/5Asr2BDHVv,
https://shopeefood.vn/ha-noi/ba-trinh-bun-dau-met-gia-cay-duong-2-5,,,,,,https://shope.ee/2gBW3aMnaS,
https://shopeefood.vn/ha-noi/bep-chao-vinhome-hien-keu-vinhome-ocean-park,,,,,,https://shope.ee/2qUwFtMAFV,
https://shopeefood.vn/ha-noi/bun-pho-moc-chay-ta-quang-buu,,,,,,https://shope.ee/30oMSCLWuY,
https://shopeefood.vn/ha-noi/chay-lac-lac-bun-rieu-chay-nghi-tam.mdvwaj,,,,,,https://shope.ee/3B7meVKtZb,
https://shopeefood.vn/ha-noi/chay-nha-moc-bun-pho-chay-moi-ngay-mot-mon-bo-de,,,,,,https://shope.ee/3LRCqoKGEe,
https://shopeefood.vn/ha-noi/bun-dau-tempeh-chay,,,,,,https://shope.ee/3Vkd37Jcth,
https://shopeefood.vn/ha-noi/quan-chay-quy-nhan-bun-dau-gion-sui-cao-khu-do-thi-van-khe.jrjkjw,,,,,,https://shope.ee/3g43FQIzYk,
https://shopeefood.vn/ha-noi/mayflua-vegan-bun-pho-chay-vinhomes-smart-city,,,,,,https://shope.ee/3qNTRjIMDn,
https://shopeefood.vn/ha-noi/quan-chay-hanh-nguyen-bun-pho-chay-com-chay-van-phong,,,,,,https://shope.ee/1Lg8T8RsIK,
https://shopeefood.vn/ha-noi/ngan-de-ngan-chay-toi-bun-mien-tron,,,,,,https://shope.ee/1VzYfRRExN,
https://shopeefood.vn/ha-noi/an-lac-thien-phu-chay-bun-dau-mam-tom-chay-xa-dan.fuo0ks,,,,,,https://shope.ee/1gIyrkQbcQ,
https://shopeefood.vn/ha-noi/bep-chay-thien-tam-bun-rieu-pho-ga-ha-noi,,,,,,https://shope.ee/1qcP43PyHT,
https://shopeefood.vn/ha-noi/bun-dau-met-ngoc-huyen-bun-dau-pham-van-dong,,,,,,https://shope.ee/20vpGMPKwW,
https://shopeefood.vn/ha-noi/bom-bop-bun-dau-mo,,,,,,https://shope.ee/2BFFSfOhbZ,
https://shopeefood.vn/ha-noi/chay-tam-an-lac-lang-ha-bun-rong-bien-cham-bun-cha-bun-rong-bien-lang-ha,,,,,,https://shope.ee/2LYfeyO4Gc,
https://shopeefood.vn/ha-noi/bun-chay-veras-ho-tung-mau,,,,,,https://shope.ee/2Vs5rHNQvf,
https://shopeefood.vn/ha-noi/bun-dau-met-thuy-mit-nghia-tan,,,,,,https://shope.ee/1AksgWx0C,
https://shopeefood.vn/ha-noi/bun-ngan-mien-ngan-dang-van-ngu,,,,,,https://shope.ee/BUB4zWJfF,
https://shopeefood.vn/ha-noi/bun-dau-mam-tom-do-an-vat-tieu-tieu,,,,,,https://shope.ee/LnbHIVgKI,
https://shopeefood.vn/ha-noi/chay-cong-troi-com-bun-pho-do-an-nhanh-vinhome-smart-city,,,,,,https://shope.ee/W71TbV2zL,
https://shopeefood.vn/ha-noi/bun-dau-nha-xoai-tran-binh,,,,,,https://shope.ee/gQRfuUPeO,
https://shopeefood.vn/ha-noi/bun-dau-mam-tom-tra-chanh-phuong-beo,,,,,,https://shope.ee/qjrsDTmJR,
https://shopeefood.vn/ha-noi/bumtro-bun-tron-nam-bo-dai-tu,,,,,,https://shope.ee/113I4WT8yU,
https://shopeefood.vn/ha-noi/hao-lo-bun-ngan-moc-ngan-chay-toi-ngan-xao-xa,,,,,,https://shope.ee/1BMiGpSVdX,
https://shopeefood.vn/ha-noi/bun-dau-chay-hong-hac-co-so-1-bun-tron-bun-rieu-chay-bach-thai-buoi,,,,,,https://shope.ee/9KiPzpxQ48,
https://shopeefood.vn/ha-noi/bun-dau-chay-thuc-pham-chay-vu-tong-phan,,,,,,https://shope.ee/9V1qC8wmjB,
https://shopeefood.vn/ha-noi/vi-chay-cua-chef-com-van-phong-bun-pho,,,,,,https://shope.ee/9fLGORw9OE,
https://shopeefood.vn/ha-noi/chay-quan-bun-dau-met-bun-cha,,,,,,https://shope.ee/9pegakvW3H,
https://shopeefood.vn/ha-noi/quan-chay-hoi-quan-ngay-xua-ngay-xua-bun-rieu-chay-matcha-do-chay-van-phong-tran-phu,,,,,,https://shope.ee/9zy6n3usiK,
https://shopeefood.vn/ha-noi/phong-ngan-bun-ngan-mien-ngan-ngan-chay-toi,,,,,,https://shope.ee/AAHWzMuFNN,
https://shopeefood.vn/ha-noi/ngan-cam-sung-mien-ngan-tron-bun-moc-ngan-chay-toi,,,,,,https://shope.ee/20vpGMPgET,
https://shopeefood.vn/ha-noi/vua-bun-tron-bun-tron-thit-nuong-bun-tron-bo-chay-toi,,,,,,https://shope.ee/2Vs5rHNmDa,
https://shopeefood.vn/ha-noi/ngan-ngon-pho-ngan-chay-toi-bun-ngan-nguyen-hoang.yiwhgo,,,,,,https://shope.ee/2LYfeyOPYZ,
https://shopeefood.vn/ha-noi/mai-bun-cha-bo-chay-toi-canh-ga-nuong,,,,,,https://shope.ee/1VzYfRRaFQ,
https://shopeefood.vn/ha-noi/ngan-chay-toi-bun-ngan-mien-ngan-bep-co-huong,,,,,,https://shope.ee/1Lg8T8SDaP,
https://shopeefood.vn/ha-noi/ngan-phuong-bun-ngan-mien-ngan-ngan-chay-toi-dong-bat,,,,,,https://shope.ee/1qcP43QJZW,
https://shopeefood.vn/ha-noi/com-bun-mien-ngan-chay-toi-pho-vi-157-giang-vo,,,,,,https://shope.ee/1gIyrkQwuV,
https://shopeefood.vn/ha-noi/nghien-ngan-ngan-chay-toi-bun-mien-co-linh,,,,,,https://shope.ee/qjrsDU7bM,
https://shopeefood.vn/ha-noi/ngan-dung-ham-long-bun-mien-ngan-ngan-chay-toi,,,,,,https://shope.ee/gQRfuUkwL,
https://shopeefood.vn/ha-noi/bun-dau-ngon-ba-chay-nguyen-xien.6myomc,,,,,,https://shope.ee/1BMiGpSqvS,
https://shopeefood.vn/ha-noi/bun-tron-obama-bun-tron-heo-quay-bun-tron-bo-chay-toi,,,,,,https://shope.ee/113I4WTUGR,
https://shopeefood.vn/ha-noi/ngan-thinh-bun-ngan-chay-toi-hoang-hoa-tham.c0qist,,,,,,https://shope.ee/BUB4zWexI,
https://shopeefood.vn/ha-noi/bop-food-bun-dau-ngan-chay-toi,,,,,,https://shope.ee/1AksgXIIH,
https://shopeefood.vn/ha-noi/bun-ca-cham-ngon-ngan-chay-toi-giang-van-minh,,,,,,https://shope.ee/W71TbVOHO,
https://shopeefood.vn/ha-noi/ngan-chay-toi-bun-tron-xuan-mai-complex,,,,,,https://shope.ee/LnbHIW1cN,
https://shopeefood.vn/ha-noi/bun-chay-my-dinh,,,,,,https://shope.ee/4qG0dZEtUG,
https://shopeefood.vn/ha-noi/bep-chay-nho-bun-rieu-nuoc-mien-tron,,,,,,https://shope.ee/4fwaRGFWpF,
https://shopeefood.vn/ha-noi/gen-chay-com-chay-va-bun-chay-an-xa,,,,,,https://shope.ee/5Asr2BDcoM,
https://shopeefood.vn/ha-noi/bun-rieu-chay-ba-toan,,,,,,https://shope.ee/50ZQpsEG9L,
https://shopeefood.vn/ha-noi/chay-thien-duyen-com-chay-van-phong-pho-chay-bun-chay-luong-the-vinh,,,,,,https://shope.ee/4B0JqLHQqC,
https://shopeefood.vn/ha-noi/bun-dau-long-chay-toi-ba-co-beo-lang-ha,,,,,,https://shope.ee/40gte2I4BB,
https://shopeefood.vn/ha-noi/bun-ngan-phuc-thuy-bun-ngan-nuoc-tron-ngan-chay-toi-the-giao.zhkugm,,,,,,https://shope.ee/4VdAExGAAI,
https://shopeefood.vn/da-nang/bep-chay-co-quyt-banh-loc-chay-bun-nuong-banh-hoi-chay,,,,,,https://shope.ee/4LJk2eGnVH,
https://shopeefood.vn/da-nang/tiem-chay-nha-ny-bun-mam-chay-banh-xeo-ca-phe,,,,,,https://shope.ee/3Vkd37JyC8,
https://shopeefood.vn/da-nang/phuoc-vegan-quan-chay,,,,,,https://shope.ee/3LRCqoKbX7,
https://shopeefood.vn/da-nang/food-chay-online-bun-xi-dau,,,,,,https://shope.ee/3qNTRjIhWE,
https://shopeefood.vn/da-nang/bun-sup-cua-pho-chay-thao-tram-cho-an-hai-dong,,,,,,https://shope.ee/3g43FQJKrD,
https://shopeefood.vn/da-nang/chay-ba-tu-bun-thit-nuong-chay-bo-kho-chay,,,,,,https://shope.ee/2qUwFtMVY4,
https://shopeefood.vn/da-nang/bep-chay-an-nhien-chuyen-mi-xao-bun-com-trua,,,,,,https://shope.ee/2gBW3aN8t3,
https://shopeefood.vn/da-nang/nguyen-phuong-bun-thit-nuong-chay-tang-bat-ho.tzhqa9,,,,,,https://shope.ee/3B7meVLEsA,
https://shopeefood.vn/da-nang/bun-dau-pho-co-dang-dung,,,,,,https://shope.ee/30oMSCLsD9,
https://shopeefood.vn/da-nang/banh-canh-ca-loc-bun-bo-chay,,,,,,https://shope.ee/7VGloT4k52,
https://shopeefood.vn/da-nang/bun-rieu-be-be-hoang-chay-pham-ngoc-mau,,,,,,https://shope.ee/7KxLcA5NQ1,
https://shopeefood.vn/da-nang/bun-mam-nem-bun-nuoc-tuong-bun-chay-tiem-co-ut-40b-ky-dong-thanh-khe,,,,,,https://shope.ee/7ptcD53TP8,
https://shopeefood.vn/ho-chi-minh/bun-thai-chay-pasi-tran-quy,,,,,,https://shope.ee/7faC0m46k7,
https://shopeefood.vn/ho-chi-minh/dieu-tam-am-thuc-chay-bun-chay-tra-sua-duong-so-28,,,,,,https://shope.ee/6q151F7HQy,
https://shopeefood.vn/ho-chi-minh/bun-chay-ngoc-giau-ung-van-khiem,,,,,,https://shope.ee/6fheow7ulx,
https://shopeefood.vn/ho-chi-minh/bun-xao-chay-ly-thuong-kiet,,,,,,https://shope.ee/7AdvPr60l4,
https://shopeefood.vn/ho-chi-minh/truc-phuong-hu-tieu-chay-bun-xao-chay-dht23,,,,,,https://shope.ee/70KVDY6e63,
https://shopeefood.vn/ho-chi-minh/bun-oi-bun-nuoc-tuong-chay-bun-nuoc-mam-man,,,,,,https://shope.ee/6AlOE19omu,
https://shopeefood.vn/ho-chi-minh/bun-xao-chay-bun-gao-xao-pham-van-dong.ikzadb,,,,,,https://shope.ee/60Ry1iAS7t,
https://shopeefood.vn/ho-chi-minh/dieu-bun-gao-xao-chay-banh-uot-chay,,,,,,https://shope.ee/6VOEcd8Y70,
https://shopeefood.vn/ho-chi-minh/moc-vi-bun-chay-nuoc-tuong-sam-17-vi-ha-huy-giap,,,,,,https://shope.ee/6L4oQK9BRz,
https://shopeefood.vn/ho-chi-minh/bun-thit-nuong-chay-man-nuu-food-ho-xuan-huong,,,,,,https://shope.ee/5VVhQnCM8q,
https://shopeefood.vn/ho-chi-minh/quan-chay-37-bun-thai-chay-hu-tieu-chay,,,,,,https://shope.ee/5LCHEUCzTp,
https://shopeefood.vn/ho-chi-minh/bo-beo-chan-ga-sot-thai-duong-so-8,,,,,,https://shope.ee/5q8XpPB5Sw,
https://shopeefood.vn/ho-chi-minh/bun-chay-dieu-thanh-huynh-dinh-hai,,,,,,https://shope.ee/5fp7d6Binv,
https://shopeefood.vn/ho-chi-minh/phan-anh-quan-bun-mi-xao-chay-xa-xiu,,,,,,https://shope.ee/AAHWzMuafo,
https://shopeefood.vn/ho-chi-minh/dieu-hanh-chay-com-suon-bi-cha-chay-bun-thit-nuong-cha-gio-chay-tran-tan,,,,,,https://shope.ee/9zy6n3vE0n,
https://shopeefood.vn/ho-chi-minh/quan-chay-phap-hoa-bong-sao,,,,,,https://shope.ee/AUuNNytJzu,
https://shopeefood.vn/ho-chi-minh/quan-chay-tam-an-hu-tieu-bun-rieu-chay-pham-van-bach,,,,,,https://shope.ee/AKaxBftxKt,
https://shopeefood.vn/ho-chi-minh/dieu-bun-xao-chay-banh-uot-chay-nguyen-thien-thuat,,,,,,https://shope.ee/9V1qC8x81k,
https://shopeefood.vn/ho-chi-minh/dieu-thanh-bun-bo-hue-chay-huynh-tan-phat,,,,,,https://shope.ee/9KiPzpxlMj,
https://shopeefood.vn/ho-chi-minh/quan-bun-xao-chay-144-nguyen-van-khoi,,,,,,https://shope.ee/9pegakvrLq,
https://shopeefood.vn/ho-chi-minh/quan-chay-thoi-ke-le-hong-phong,,,,,,https://shope.ee/9fLGORwUgp,
https://shopeefood.vn/ho-chi-minh/xot-thien-loc-bun-thai-hue-mam-nem-chay-man,,,,,,https://shope.ee/8pm9OuzfNg,
https://shopeefood.vn/ho-chi-minh/bun-nuoc-tuong-sua-hat-lac-lac,,,,,,https://shope.ee/8fSjCc0Iif,
https://shopeefood.vn/ho-chi-minh/com-tam-chay-bun-hue-pho-chay-minh-thien,,,,,,https://shope.ee/9AOznWyOhm,
https://shopeefood.vn/ho-chi-minh/thanh-chay-hu-tieu-chay-bun-nuoc-tuong,,,,,,https://shope.ee/905ZbDz22l,
https://shopeefood.vn/ho-chi-minh/vinh-an-chay-com-suon-bi-cha-chay-bun-thit-nuong-cha-gio-chay-nguyen-canh-chan,,,,,,https://shope.ee/8AWSbh2Cjc,
https://shopeefood.vn/ho-chi-minh/thien-tam-bun-xao-chay-quang-trung,,,,,,https://shope.ee/80D2PO2q4b,
https://shopeefood.vn/ho-chi-minh/huong-phat-am-thuc-chay,,,,,,https://shope.ee/8V9J0J0w3i,
https://shopeefood.vn/ho-chi-minh/hu-tieu-chay-truong-son,,,,,,https://shope.ee/8Kpso01ZOh,
https://shopeefood.vn/ho-chi-minh/quan-chay-thoi-ke-lac-an-nguyen-tri-phuong,,,,,,https://shope.ee/20vpGMPgFU,
https://shopeefood.vn/ho-chi-minh/bep-chay-cua-ngoc-bun-nuoc-tuong,,,,,,https://shope.ee/2BFFSfP2uX,
https://shopeefood.vn/ho-chi-minh/com-chay-dieu-quyen-com-bun-pho-hoang-dieu-2,,,,,,https://shope.ee/2LYfeyOPZa,
https://shopeefood.vn/ho-chi-minh/om-chay-bun-thai-com-suon-cha,,,,,,https://shope.ee/2Vs5rHNmEd,
https://shopeefood.vn/ho-chi-minh/luoi-hoang-de-bun-xao-chao-chay-man,,,,,,https://shope.ee/1Lg8T8SDbQ,
https://shopeefood.vn/ho-chi-minh/chay-hy-lac-bun-rieu-chay-duong-1c.5h54wk,,,,,,https://shope.ee/1VzYfRRaGT,
https://shopeefood.vn/ho-chi-minh/com-bun-pho-thuan-chay-vinhomes-grand-park,,,,,,https://shope.ee/1gIyrkQwvW,
https://shopeefood.vn/ho-chi-minh/bun-tron-xa-xiu-chay-canh-nguyen-huu-cau,,,,,,https://shope.ee/1qcP43QJaZ,
https://shopeefood.vn/ho-chi-minh/am-thuc-chay-huong-sen-vuon-lai,,,,,,https://shope.ee/gQRfuUkxM,
https://shopeefood.vn/ho-chi-minh/pho-bo-chay-bun-bo-chay-quan-sake,,,,,,https://shope.ee/qjrsDU7cP,
https://shopeefood.vn/ho-chi-minh/quan-chay-hoan-hao-bun-hue-hu-tieu-chay-phan-van-tri,,,,,,https://shope.ee/113I4WTUHS,
https://shopeefood.vn/ho-chi-minh/quan-chu-tu-hu-tieu-chay-ta-quang-buu,,,,,,https://shope.ee/1BMiGpSqwV,
https://shopeefood.vn/ho-chi-minh/an-chay-hong-bun-gao-xao-chay-ho-thi-ky,,,,,,https://shope.ee/1AksgXIJI,
https://shopeefood.vn/ho-chi-minh/bun-xi-dau-chay-saigon,,,,,,https://shope.ee/BUB4zWeyL,
https://shopeefood.vn/ho-chi-minh/lau-chay-bun-an-mien-ung-van-khiem,,,,,,https://shope.ee/LnbHIW1dO,
https://shopeefood.vn/ho-chi-minh/quan-chay-phuoc-duyen-bun-bo-hue-chay-thanh-thai,,,,,,https://shope.ee/W71TbVOIR,
https://shopeefood.vn/ho-chi-minh/tiem-bun-vat-bun-nuoc-tuong-chay-man-va-trang-mieng-huynh-tan-phat.fadq5x,,,,,,https://shope.ee/4fwaRGFWqG,
https://shopeefood.vn/ho-chi-minh/bun-hue-chay-xo-viet-nghe-tinh,,,,,,https://shope.ee/4qG0dZEtVJ,
https://shopeefood.vn/ho-chi-minh/hang-bun-xao-singapore-bun-xao-chay-hong-bang,,,,,,https://shope.ee/50ZQpsEGAM,
https://shopeefood.vn/ho-chi-minh/bun-thit-nuong-banh-uot-bun-xao-chay-cho-binh-khanh,,,,,,https://shope.ee/5Asr2BDcpP,
https://shopeefood.vn/ho-chi-minh/bun-xao-chay-cam-tu,,,,,,https://shope.ee/40gte2I4CC,
https://shopeefood.vn/ho-chi-minh/chay-tam-an-bun-chay-cac-mon-chay,,,,,,https://shope.ee/4B0JqLHQrF,
https://shopeefood.vn/ho-chi-minh/ngoc-hu-tieu-bun-xao-chay,,,,,,https://shope.ee/4LJk2eGnWI,
https://shopeefood.vn/ho-chi-minh/com-chay-dieu-vy-le-quang-dinh,,,,,,https://shope.ee/4VdAExGABL,
https://shopeefood.vn/ho-chi-minh/quan-98-bun-xao-chay-ca-phe-van-kiep,,,,,,https://shope.ee/3LRCqoKbY8,
https://shopeefood.vn/ho-chi-minh/bun-bo-chay-toi-bun-nuoc-tuong-tiem-an-can-bep-nho,,,,,,https://shope.ee/3Vkd37JyDB,
https://shopeefood.vn/ho-chi-minh/bun-xao-chay-co-huong,,,,,,https://shope.ee/3g43FQJKsE,
https://shopeefood.vn/ho-chi-minh/bun-hue-chay-minh-lan,,,,,,https://shope.ee/3qNTRjIhXH,
https://shopeefood.vn/ho-chi-minh/chay-lan-nhi-com-chay-bun-gao-xao-chay-bun-chay-hu-tieu-chay-ton-dan,,,,,,https://shope.ee/2gBW3aN8u4,
https://shopeefood.vn/ho-chi-minh/quan-chay-hu-tieu-bun-xao-bun-bi-cho-ho-trong-quy,,,,,,https://shope.ee/2qUwFtMVZ7,
https://shopeefood.vn/ho-chi-minh/so-nguyen-chay-bun-rieu-chay-com-tam-chay,,,,,,https://shope.ee/30oMSCLsEA,
https://shopeefood.vn/ho-chi-minh/quan-chay-bach-van-thien-lo-ii-bun-thai-pho-kho-gia-lai-duong-79,,,,,,https://shope.ee/3B7meVLEtD,
https://shopeefood.vn/ho-chi-minh/tiem-bun-co-phuong-bun-dau-cha-gio-chay,,,,,,https://shope.ee/7KxLcA5NR2,
https://shopeefood.vn/ho-chi-minh/bep-chay-thuong-mon-chay-healthy-pham-van-hai,,,,,,https://shope.ee/7VGloT4k65,
https://shopeefood.vn/ho-chi-minh/bun-xao-chay-dieu-bich-nguyen-anh-thu,,,,,,https://shope.ee/7faC0m46l8,
https://shopeefood.vn/ho-chi-minh/bun-thai-chay-lau-chay-an-vat-chay-an-nhien-huynh-tan-phat,,,,,,https://shope.ee/7ptcD53TQB,
https://shopeefood.vn/ho-chi-minh/mon-an-ngon-bun-xao-chay-41-nguyen-quang-bich,,,,,,https://shope.ee/6fheow7umy,
https://shopeefood.vn/ho-chi-minh/com-chay-dieu-huyen-bun-bo-hue-chay-nguyen-van-dau,,,,,,https://shope.ee/AKaxBfuEN9,
https://shopeefood.vn/ho-chi-minh/quan-bun-rieu-chay-an,,,,,,https://shope.ee/9V1qC8xP40,
https://shopeefood.vn/ho-chi-minh/quan-272-com-hu-tieu-bun-rieu-chay,,,,,,https://shope.ee/9KiPzpy2Oz,
https://shopeefood.vn/ho-chi-minh/quan-chay-tam-duc-le-duc-tho,,,,,,https://shope.ee/9pegakw8O6,
https://shopeefood.vn/ho-chi-minh/minh-lan-bun-hue-chay-ql50.azuxsf,,,,,,https://shope.ee/9fLGORwlj5,
https://shopeefood.vn/ho-chi-minh/chay-hong-an-bun-mam-cha-gio-chay-cu-xa-ngan-hang,,,,,,https://shope.ee/8pm9OuzwPw,
https://shopeefood.vn/ho-chi-minh/bun-nuoc-tuong-chay-quynh-minh-khuong-viet,,,,,,https://shope.ee/8fSjCc0Zkv,
https://shopeefood.vn/ha-noi/tung-hue-3-bun-bo-hue-la-duong,,,,,,https://shope.ee/9AOznWyfk2,
https://shopeefood.vn/ha-noi/banh-canh-gia-truyen-phu-yen-co-nhung,,,,,,https://shope.ee/905ZbDzJ51,
https://shopeefood.vn/ha-noi/banh-canh-tom-sai-thanh-phu-dien,,,,,,https://shope.ee/8AWSbh2Tls,
https://shopeefood.vn/ha-noi/tung-bun-bo-hue-banh-canh-dak-lak,,,,,,https://shope.ee/80D2PO376r,
https://shopeefood.vn/ha-noi/bao-ngan-quan-banh-canh-gio-heo,,,,,,https://shope.ee/8V9J0J1D5y,
https://shopeefood.vn/ha-noi/be-na-bun-bo-hue,,,,,,https://shope.ee/8Kpso01qQx,
https://shopeefood.vn/ha-noi/banh-canh-qt-banh-canh-gio-heo-banh-canh-ca-1-215-to-hieu.ihhyqq,,,,,,https://shope.ee/7VGloT517o,
https://shopeefood.vn/ha-noi/co-phuong-quan-banh-trang-cuon-thit-heo-hud-van-canh.iuckxs,,,,,,https://shope.ee/7KxLcA5eSn,
https://shopeefood.vn/ha-noi/cuong-thuan-banh-trang-cuon-thit-heo-nem-tai-gio-cha,,,,,,https://shope.ee/7ptcD53kRu,
https://shopeefood.vn/ha-noi/minh-ngoc-bun-bo-gio-heo-hue-my-quang-banh-bot-loc-hue,,,,,,https://shope.ee/7faC0m4Nmt,
https://shopeefood.vn/ha-noi/minh-ngoc-bun-bo-gio-heo-banh-loc,,,,,,https://shope.ee/6q151F7YTk,
https://shopeefood.vn/ha-noi/banh-canh-suon-heo-my-bo-duc-nhat,,,,,,https://shope.ee/6fheow8Boj,
https://shopeefood.vn/da-nang/banh-canh-loi-map,,,,,,https://shope.ee/7AdvPr6Hnq,
https://shopeefood.vn/da-nang/banh-canh-ba-muoi-175-le-do,,,,,,https://shope.ee/70KVDY6v8p,
https://shopeefood.vn/da-nang/nhat-linh-banh-canh-hue,,,,,,https://shope.ee/6AlOE1A5pg,
https://shopeefood.vn/da-nang/banh-canh-bun-xuong-ma-ham-quan-nguyen,,,,,,https://shope.ee/60Ry1iAjAf,
https://shopeefood.vn/da-nang/goc-hue-banh-canh-ca-loc-64-da-son,,,,,,https://shope.ee/6VOEcd8p9m,
https://shopeefood.vn/da-nang/com-ga-bun-bo-mi-quang-34-tu-mo,,,,,,https://shope.ee/6L4oQK9SUl,
https://shopeefood.vn/da-nang/quan-ha-bun-bo-hue-banh-canh,,,,,,https://shope.ee/5VVhQnCdBc,
https://shopeefood.vn/da-nang/quan-thu-banh-canh-ca-loc-bun-bo-hue-banh-uot-thit-heo,,,,,,https://shope.ee/5LCHEUDGWb,
https://shopeefood.vn/da-nang/bep-hien-chao-long-tuoi-chao-gio-banh-uot-thit-heo,,,,,,https://shope.ee/5q8XpPBMVi,
https://shopeefood.vn/da-nang/sieu-thi-am-thuc-usa-bun-mam-heo-quay-my-quang-banh-canh,,,,,,https://shope.ee/5fp7d6Bzqh,
https://shopeefood.vn/ho-chi-minh/banh-canh-gio-heo-top-mo-nguyen-thien-thuat,,,,,,https://shope.ee/4qG0dZFAXY,
https://shopeefood.vn/ho-chi-minh/co-hanh-chu-van-an,,,,,,https://shope.ee/4fwaRGFnsX,
https://shopeefood.vn/ho-chi-minh/banh-canh-noi-dat-pham-van-hai,,,,,,https://shope.ee/5Asr2BDtre,
https://shopeefood.vn/ho-chi-minh/quan-chao-long-mien-tay-an-la-ghien-huong-lo-2,,,,,,https://shope.ee/50ZQpsEXCd,
https://shopeefood.vn/ho-chi-minh/quan-an-xoi-ga-hu-tieu-co-oanh,,,,,,https://shope.ee/4B0JqLHhtU,
https://shopeefood.vn/ho-chi-minh/hoanh-thanh-la-tom-kho-va-ga-ac-tiem-thuoc-bac-ba-hat,,,,,,https://shope.ee/40gte2ILET,
https://shopeefood.vn/ho-chi-minh/gia-bao-banh-canh-gio-heo-hu-tieu-suon-kho,,,,,,https://shope.ee/4VdAExGRDa,
https://shopeefood.vn/ho-chi-minh/ca-vien-chien-co-lan,,,,,,https://shope.ee/4LJk2eH4YZ,
https://shopeefood.vn/ho-chi-minh/banh-canh-cay-su-banh-canh-gio-heo-xo-viet-nghe-tinh,,,,,,https://shope.ee/3Vkd37KFFQ,
https://shopeefood.vn/ho-chi-minh/banh-canh-gio-heo-hang-go-vap,,,,,,https://shope.ee/3LRCqoKsaP,
https://shopeefood.vn/ho-chi-minh/banh-canh-gio-heo-bun-bo-hue-12-nguyen-tuan-go-vap,,,,,,https://shope.ee/3qNTRjIyZW,
https://shopeefood.vn/ho-chi-minh/nhu-y-banh-canh-thich-quang-duc,,,,,,https://shope.ee/3g43FQJbuV,
https://shopeefood.vn/ho-chi-minh/a-phua-quan-an-gia-dinh,,,,,,https://shope.ee/2qUwFtMmbM,
https://shopeefood.vn/ho-chi-minh/banh-canh-hue-o-huyen,,,,,,https://shope.ee/2gBW3aNPwL,
https://shopeefood.vn/ho-chi-minh/banh-canh-cua-nha-shin-cua-hap-thai-phien,,,,,,https://shope.ee/3B7meVLVvS,
https://shopeefood.vn/ho-chi-minh/bun-banh-canh-gio-heo-que-minh,,,,,,https://shope.ee/30oMSCM9GR,
https://shopeefood.vn/ho-chi-minh/banh-canh-suon-chia-hoang-vu-tan-son-nhi,,,,,,https://shope.ee/2BFFSfPJxI,
https://shopeefood.vn/ho-chi-minh/banh-canh-bot-gao-thanh-quyen-nguyen-tri-phuong,,,,,,https://shope.ee/20vpGMPxIH,
https://shopeefood.vn/ho-chi-minh/banh-canh-suon-chia-hoang-vu,,,,,,https://shope.ee/2Vs5rHO3HO,
https://shopeefood.vn/ho-chi-minh/banh-canh-ba-tam-banh-canh-gio-heo-banh-canh-moc,,,,,,https://shope.ee/2LYfeyOgcN,
https://shopeefood.vn/ho-chi-minh/banh-canh-cua-gio-heo-hu-tieu-muc-a-hao,,,,,,https://shope.ee/1VzYfRRrJE,
https://shopeefood.vn/ho-chi-minh/banh-canh-nui-be-ba-cach-mang-thang-8,,,,,,https://shope.ee/1Lg8T8SUeD,
https://shopeefood.vn/ho-chi-minh/hu-tieu-mi-nui-banh-canh-tram-y-te-binh-hung,,,,,,https://shope.ee/1qcP43QadK,
https://shopeefood.vn/ho-chi-minh/ca-ri-vit-xiem-vit-dong-100-bun-thit-xao,,,,,,https://shope.ee/1gIyrkRDyJ,
https://shopeefood.vn/ho-chi-minh/quan-nam-ech-bun-moc-cha-ca-banh-canh-gio-heo,,,,,,https://shope.ee/qjrsDUOfA,
https://shopeefood.vn/ho-chi-minh/hu-tieu-co-hai-hu-tieu-gio-heo-xuong-nac,,,,,,https://shope.ee/gQRfuV209,
https://shopeefood.vn/ho-chi-minh/ut-gai-banh-canh-gio-heo-le-van-tho,,,,,,https://shope.ee/1BMiGpT7zG,
https://shopeefood.vn/ho-chi-minh/me-thinh-banh-canh-hu-tieu-bui-minh-truc.ud9shq,,,,,,https://shope.ee/113I4WTlKF,
https://shopeefood.vn/ho-chi-minh/cua-hang-banh-canh-bot-gao-gio-heo-23a-phu-my,,,,,,https://shope.ee/BUB4zWw16,
https://shopeefood.vn/ho-chi-minh/quan-bo-kho-hu-tieu-bo-kho-ga-nau-nam-duong-so-22,,,,,,https://shope.ee/1AksgXZM5,
https://shopeefood.vn/ho-chi-minh/hu-tieu-mi-banh-canh-bot-gao-bao-bao,,,,,,https://shope.ee/W71TbVfLC,
https://shopeefood.vn/ho-chi-minh/kim-phuong-hu-tieu-hai-san-bun-moc-suon,,,,,,https://shope.ee/LnbHIWIgB,
https://shopeefood.vn/ho-chi-minh/hu-tieu-nam-vang-tuan-tu,,,,,,https://shope.ee/9zy6n3vV44,
https://shopeefood.vn/ho-chi-minh/banh-canh-cua-gia-han,,,,,,https://shope.ee/AAHWzMurj7,
https://shopeefood.vn/ho-chi-minh/banh-canh-gio-heo-52,,,,,,https://shope.ee/AKaxBfuEOA,
https://shopeefood.vn/ho-chi-minh/hu-tiu-mi-hoanh-thanh-297-nguyen-thai-son,,,,,,https://shope.ee/AUuNNytb3D,
https://shopeefood.vn/ho-chi-minh/co-hoa-hu-tieu-pho-bo,,,,,,https://shope.ee/9KiPzpy2Q0,
https://shopeefood.vn/ho-chi-minh/banh-canh-co-hai-phuoc-thien,,,,,,https://shope.ee/9V1qC8xP53,
https://shopeefood.vn/ho-chi-minh/quan-an-lagu-chao-long-bo,,,,,,https://shope.ee/9fLGORwlk6,
https://shopeefood.vn/ho-chi-minh/banh-canh-ca-loc-hu-tieu-com-chien-a-thach,,,,,,https://shope.ee/9pegakw8P9,
https://shopeefood.vn/ho-chi-minh/quan-thanh-tuyet-bun-thai-mi-cay-ht44,,,,,,https://shope.ee/8fSjCc0Zlw,
https://shopeefood.vn/ho-chi-minh/banh-canh-duoi-heo-thai-an-xo-viet-nghe-tinh,,,,,,https://shope.ee/8pm9OuzwQz,
https://shopeefood.vn/ho-chi-minh/banh-canh-bot-gao-cho-chieu,,,,,,https://shope.ee/905ZbDzJ62,
https://shopeefood.vn/ho-chi-minh/co-hai-quyen-banh-canh-cha-ca-phan-thiet-hu-tieu-dai,,,,,,https://shope.ee/9AOznWyfl5,
https://shopeefood.vn/ho-chi-minh/banh-canh-go-gio-heo-chi-thanh-phan-van-han,,,,,,https://shope.ee/80D2PO377s,
https://shopeefood.vn/ho-chi-minh/banh-canh-duoi-heo-ho-thi-ky,,,,,,https://shope.ee/8AWSbh2Tmv,
https://shopeefood.vn/ho-chi-minh/hu-tieu-go-578-le-quang-dinh,,,,,,https://shope.ee/8Kpso01qRy,
https://shopeefood.vn/ho-chi-minh/banh-canh-gio-kim-hoang,,,,,,https://shope.ee/8V9J0J1D71,
https://shopeefood.vn/ho-chi-minh/quan-hu-tieu-mi-hoanh-thanh-phan-anh,,,,,,https://shope.ee/7KxLcA5eTo,
https://shopeefood.vn/ho-chi-minh/banh-canh-ghe-phoi-suong-3-vo-van-hat,,,,,,https://shope.ee/7VGloT518r,
https://shopeefood.vn/ho-chi-minh/quan-loan-banh-canh-cua-sup-cua-hu-tieu-nam-vang,,,,,,https://shope.ee/7faC0m4Nnu,
https://shopeefood.vn/ho-chi-minh/banh-canh-phan-thiet-khu-dong-dieu,,,,,,https://shope.ee/7ptcD53kSx,
https://shopeefood.vn/ho-chi-minh/banh-canh-013-chung-cu-xom-cai,,,,,,https://shope.ee/6fheow8Bpk,
https://shopeefood.vn/ho-chi-minh/hai-thao-74-diem-tam-sang,,,,,,https://shope.ee/6q151F7YUn,
https://shopeefood.vn/ho-chi-minh/quan-an-sang-7-ngay-7-mon-ba-khanh-tan-hoa-dong,,,,,,https://shope.ee/70KVDY6v9q,
https://shopeefood.vn/ho-chi-minh/tham-bun-bo-hue,,,,,,https://shope.ee/7AdvPr6Hot,
https://shopeefood.vn/ho-chi-minh/quan-an-co-hai-dac-san-binh-dinh,,,,,,https://shope.ee/60Ry1iAjBg,
https://shopeefood.vn/ho-chi-minh/banh-canh-thien-huong-dac-san-phan-thiet-chinh-goc,,,,,,https://shope.ee/6AlOE1A5qj,
https://shopeefood.vn/ho-chi-minh/co-sau-hu-tieu-duong-so-9,,,,,,https://shope.ee/6L4oQK9SVm,
https://shopeefood.vn/ho-chi-minh/banh-canh-coi-da-truong-van-thanh,,,,,,https://shope.ee/6VOEcd8pAp,
https://shopeefood.vn/ho-chi-minh/tan-hung-hu-tieu-mi-le-duc-tho,,,,,,https://shope.ee/5LCHEUDGXc,
https://shopeefood.vn/ho-chi-minh/hoanh-thanh-la-tom-kho-kinh-duong-vuong,,,,,,https://shope.ee/5VVhQnCdCf,
https://shopeefood.vn/ho-chi-minh/hat-dau-nho-banh-canh-ghe,,,,,,https://shope.ee/5fp7d6Bzri,
https://shopeefood.vn/ho-chi-minh/hu-tieu-co-thanh,,,,,,https://shope.ee/5q8XpPBMWl,
https://shopeefood.vn/ho-chi-minh/banh-canh-cha-ca-lagi-bun-mam-nem-nui-gio-heo,,,,,,https://shope.ee/4fwaRGFntY,
https://shopeefood.vn/ho-chi-minh/banh-canh-cua-hung-phat-nguyen-dinh-chieu,,,,,,https://shope.ee/4qG0dZFAYb,
https://shopeefood.vn/ho-chi-minh/quan-diem-mi-bot-chien-hoa-kieu,,,,,,https://shope.ee/50ZQpsEXDe,
https://shopeefood.vn/ho-chi-minh/hu-tieu-quynh-do-tan-phong,,,,,,https://shope.ee/5Asr2BDtsh,
https://shopeefood.vn/ho-chi-minh/hu-tieu-mi-co-lien-hong-ha,,,,,,https://shope.ee/40gte2ILFU,
https://shopeefood.vn/ho-chi-minh/hu-tieu-mien-tay-binh-chanh,,,,,,https://shope.ee/4B0JqLHhuX,
https://shopeefood.vn/ho-chi-minh/amo-bo-kho-hu-tieu-nam-vang,,,,,,https://shope.ee/4LJk2eH4Za,
https://shopeefood.vn/ho-chi-minh/o-hien-banh-canh-ca-loc,,,,,,https://shope.ee/AKaxBfuA6x,
https://shopeefood.vn/ho-chi-minh/hu-tieu-nam-vang-phuoc-loc,,,,,,https://shope.ee/8AWSbh2PVY,
https://shopeefood.vn/ho-chi-minh/banh-uot-thit-heo-quan-o-thinh-duong-5f,,,,,,https://shope.ee/80D2PO32qX,
https://shopeefood.vn/ho-chi-minh/me-gau-food-banh-canh-cua-le-van-sy,,,,,,https://shope.ee/8V9J0J18pe,
https://shopeefood.vn/ho-chi-minh/quan-2-nguoi-ban-hu-tieu-nam-vang-duong-20,,,,,,https://shope.ee/8Kpso01mAd,
https://shopeefood.vn/ho-chi-minh/ben-hai-banh-canh-ca-loc,,,,,,https://shope.ee/8pm9Ouzs9k,
https://shopeefood.vn/ho-chi-minh/bun-thai-ruby-36-bo-bao-tan-thang.qgsmgk,,,,,,https://shope.ee/8fSjCc0VUj,
https://shopeefood.vn/ho-chi-minh/banh-canh-ngoc-han-nguyen-thi-tan,,,,,,https://shope.ee/9AOznWybTq,
https://shopeefood.vn/ha-noi/pho-le-bun-mien-ga-phung-hung,,,,,,https://shope.ee/905ZbDzEop,
https://shopeefood.vn/ha-noi/bin-ha-noi-mien-tron-com-dui-ga-shop-online,,,,,,https://shope.ee/6q151F7UDQ,
https://shopeefood.vn/ha-noi/mau-quan-pho-bun-mien-bo-ga-chao-tim-ga-trung-non,,,,,,https://shope.ee/6fheow87YP,
https://shopeefood.vn/ha-noi/mien-tron-com-ga-lau-nguyen-ngoc-vu-shop-online,,,,,,https://shope.ee/7AdvPr6DXW,
https://shopeefood.vn/ha-noi/skyfood-mien-tron-my-tron-indomie-com-ga,,,,,,https://shope.ee/70KVDY6qsV,
https://shopeefood.vn/ha-noi/bun-mien-pho-ngan-ga-206-ngo-xuan-quang,,,,,,https://shope.ee/7VGloT4wrc,
https://shopeefood.vn/ha-noi/quyen-pho-ga-mi-mien-tron-pho-vong,,,,,,https://shope.ee/7KxLcA5aCb,
https://shopeefood.vn/ha-noi/minh-hang-bun-ngan-mien-tron-pho-ga-ngo-624-minh-khai,,,,,,https://shope.ee/7ptcD53gBi,
https://shopeefood.vn/ha-noi/yen-beo-pho-tron-ga-mien-tron,,,,,,https://shope.ee/7faC0m4JWh,
https://shopeefood.vn/ha-noi/ngoc-pho-ga-bun-ngan-mien-ngan,,,,,,https://shope.ee/5VVhQnCYvI,
https://shopeefood.vn/ha-noi/pho-ga-ta-thanh-xuan-bac-com-ga-bun-mien-tron,,,,,,https://shope.ee/5LCHEUDCGH,
https://shopeefood.vn/ha-noi/pho-bo-ga-bun-mien-ngan-pho-vong,,,,,,https://shope.ee/5q8XpPBIFO,
https://shopeefood.vn/ha-noi/quan-chi-huyen-bun-mien-ngan-ga-vinh-hung,,,,,,https://shope.ee/5fp7d6BvaN,
https://shopeefood.vn/ha-noi/pho-lien-pho-ga-pho-mien-tron-295-bach-mai.cpsfxa,,,,,,https://shope.ee/6AlOE1A1ZU,
https://shopeefood.vn/ha-noi/co-tuyet-bun-dau-met-bun-mien-ga,,,,,,https://shope.ee/60Ry1iAeuT,
https://shopeefood.vn/ha-noi/bun-mien-ngan-ga-xoi-tran-dang-ninh,,,,,,https://shope.ee/6VOEcd8kta,
https://shopeefood.vn/ha-noi/bun-ngan-co-beo-bun-mien-ngan-xoi-ga-624-minh-khai.6myzbf,,,,,,https://shope.ee/6L4oQK9OEZ,
https://shopeefood.vn/ha-noi/ngan-ga-chat-bun-mien-pho-19a-le-van-hien,,,,,,https://shope.ee/4B0JqLHddA,
https://shopeefood.vn/ha-noi/bun-mien-ngan-ngoc-thong-pho-ga-ta-mi-indomie,,,,,,https://shope.ee/40gte2IGy9,
https://shopeefood.vn/ha-noi/banh-duc-nong-pho-tron-bo-ga-thanh-mien,,,,,,https://shope.ee/4VdAExGMxG,
https://shopeefood.vn/ha-noi/bun-mien-ngan-pho-ga-281-ngoc-thuy,,,,,,https://shope.ee/4LJk2eH0IF,
https://shopeefood.vn/ha-noi/pho-phong-pho-ga-tron-mien-ga-tron-nguyen-chi-thanh,,,,,,https://shope.ee/4qG0dZF6HM,
https://shopeefood.vn/ha-noi/thuy-dong-chao-bun-mien-ngan-ga,,,,,,https://shope.ee/4fwaRGFjcL,
https://shopeefood.vn/ha-noi/lan-anh-bun-mien-pho-ga-ta-nuoc-tron-giap-bat,,,,,,https://shope.ee/5Asr2BDpbS,
https://shopeefood.vn/ha-noi/com-ga-the-thuy-bun-mien-ngan-cac-mon-tron,,,,,,https://shope.ee/50ZQpsESwR,
https://shopeefood.vn/ha-noi/co-phuong-bun-mien-ngan-pho-ga-minh-khai.ydjc6z,,,,,,https://shope.ee/2qUwFtMiL2,
https://shopeefood.vn/ha-noi/thuy-thanh-bun-mien-ngan-ga-vit,,,,,,https://shope.ee/2gBW3aNLg1,
https://shopeefood.vn/ha-noi/gia-linh-pho-ga-com-bo-mien-tron,,,,,,https://shope.ee/3B7meVLRf8,
https://shopeefood.vn/ha-noi/pho-phong-pho-ga-tron-mien-ga-tron-thai-thinh,,,,,,https://shope.ee/30oMSCM507,
https://shopeefood.vn/ha-noi/bep-an-bun-mien-ngan-ga-gia-truyen-vinhomes-smart-city,,,,,,https://shope.ee/3Vkd37KAzE,
https://shopeefood.vn/ha-noi/pho-huyen-chuyen-bun-pho-mien-ga-38a-long-bien-1,,,,,,https://shope.ee/3LRCqoKoKD,
https://shopeefood.vn/ha-noi/bep-thang-ngan-mien-ga-tron-pho-tron,,,,,,https://shope.ee/3qNTRjIuJK,
https://shopeefood.vn/ha-noi/pho-khanh-pho-ga-ta-bun-mien-tron,,,,,,https://shope.ee/3g43FQJXeJ,
https://shopeefood.vn/ha-noi/pho-ga-sanh-mien-tron-com-dao-gion-c9-to-hieu,,,,,,https://shope.ee/1VzYfRRn2u,
https://shopeefood.vn/ha-noi/quan-cay-bang-bun-mien-ngan-chao-ga-vit-tran-binh,,,,,,https://shope.ee/1Lg8T8SQNt,
https://shopeefood.vn/ha-noi/banh-ga-mi-tron-mien-tron-cau-noi.hbb6je,,,,,,https://shope.ee/1qcP43QWN0,
https://shopeefood.vn/ha-noi/mien-banh-da-tron-ga-vit-le-duc-tho,,,,,,https://shope.ee/1gIyrkR9hz,
https://shopeefood.vn/ha-noi/bun-mien-pho-ga-cua-dong,,,,,,https://shope.ee/2BFFSfPFh6,
https://shopeefood.vn/ha-noi/nam-ga-pho-ga-ta-mien-ngan-vinh-hung,,,,,,https://shope.ee/20vpGMPt25,
https://shopeefood.vn/ha-noi/hien-beo-pho-ga-bun-mien-ngan,,,,,,https://shope.ee/2Vs5rHNz1C,
https://shopeefood.vn/ha-noi/quan-mua-com-ga-bun-mien-tron,,,,,,https://shope.ee/2LYfeyOcMB,
https://shopeefood.vn/ha-noi/thu-huong-bun-mien-pho-chao-ga,,,,,,https://shope.ee/BUB4zWrkm,
https://shopeefood.vn/ha-noi/ba-phuc-quan-pho-ga-bun-mien-ngan,,,,,,https://shope.ee/1AksgXV5l,
https://shopeefood.vn/ha-noi/quan-ngon-co-mai-bun-mien-ngan-pho-bo-ga,,,,,,https://shope.ee/W71TbVb4s,
https://shopeefood.vn/ha-noi/ngan-tong-9-bun-mien-ngan-ga-phan-trong-tue,,,,,,https://shope.ee/LnbHIWEPr,
https://shopeefood.vn/ha-noi/bep-co-yen-mien-pho-ga-tron-xoi-mit-la-nep-dinh-cong-ha,,,,,,https://shope.ee/qjrsDUKOy,
https://shopeefood.vn/ha-noi/pho-ga-bun-mien-ngan-tron-tan-khai,,,,,,https://shope.ee/gQRfuUxjx,
https://shopeefood.vn/ha-noi/pho-ga-pho-co-pho-mien-ga-tron-xoi-ga-14-o-quan-chuong.bohcmy,,,,,,https://shope.ee/1BMiGpT3j4,
https://shopeefood.vn/ha-noi/minh-phuc-pho-bo-ga-mien-ngan,,,,,,https://shope.ee/113I4WTh43,
https://shopeefood.vn/ha-noi/quan-cau-thang-nha-c6-bun-mien-ngan-my-ga-tan-dang-van-ngu,,,,,,https://shope.ee/9KiPzpxy9g,
https://shopeefood.vn/ha-noi/phuong-mien-com-van-phong-com-ga-com-suon-trau-quy,,,,,,https://shope.ee/9V1qC8xKoj,
https://shopeefood.vn/ha-noi/chien-ga-pho-ga-tron-mien-tron-xoi-ga-met-209-dinh-thon,,,,,,https://shope.ee/9fLGORwhTm,
https://shopeefood.vn/ha-noi/lau-ga-la-e-bun-mien-pho-ga-tuoi-4i,,,,,,https://shope.ee/9pegakw48p,
https://shopeefood.vn/ha-noi/com-ga-mien-luon-thanh-phuong,,,,,,https://shope.ee/9zy6n3vQns,
https://shopeefood.vn/ha-noi/pho-ga-bo-bu-n-mie-n-ngan-35-gia-p-ba-t.hck7an,,,,,,https://shope.ee/AAHWzMunSv,
https://shopeefood.vn/ha-noi/ba-hong-pho-mien-tron-ga-ta,,,,,,https://shope.ee/AKaxBfuA7y,
https://shopeefood.vn/ha-noi/ga-ran-my-y-mien-tron-tiem-co-ngoc-my-dinh,,,,,,https://shope.ee/AUuNNytWn1,
https://shopeefood.vn/ha-noi/pho-ga-mien-tron-com-dao-gion-pho-ga-ngan-18-nguyen-co-thach,,,,,,https://shope.ee/80D2PO32rY,
https://shopeefood.vn/ha-noi/bong-vit-ngan-ga-pho-bun-mien-chao-lau-dai-tu,,,,,,https://shope.ee/8AWSbh2PWb,
https://shopeefood.vn/ha-noi/yen-pho-ga-chan-ga-bun-mien-ngan,,,,,,https://shope.ee/8Kpso01mBe,
https://shopeefood.vn/ha-noi/king-s-food-mi-mien-pho-nem-chua-chan-ga-sai-dong.vxbphc,,,,,,https://shope.ee/8V9J0J18qh,
https://shopeefood.vn/ha-noi/xuan-truong-quan-pho-ga-mien-ngan-com-rang,,,,,,https://shope.ee/8fSjCc0VVk,
https://shopeefood.vn/ha-noi/bep-mien-beo-chan-ga-sa-ot-an-vat-online,,,,,,https://shope.ee/8pm9OuzsAn,
https://shopeefood.vn/ha-noi/no-chua-com-ga-mien-tron-han-quoc,,,,,,https://shope.ee/905ZbDzEpq,
https://shopeefood.vn/ha-noi/pho-viet-pho-ga-bun-ca-mien-luon-kdt-van-phu,,,,,,https://shope.ee/9AOznWybUt,
https://shopeefood.vn/ha-noi/pho-ga-doi-bun-mien-ngan-188-nam-du,,,,,,https://shope.ee/6fheow87ZQ,
https://shopeefood.vn/ha-noi/bep-nha-bia-bun-mien-tron-ga-u-muoi-do-uong-kdt-geleximco-le-trong-tan,,,,,,https://shope.ee/6q151F7UET,
https://shopeefood.vn/da-nang/pho-xua-pho-ga-bo-chuyen-pho-mien-ga-ta-tha-vuon-148-huynh-thuc-khang,,,,,,https://shope.ee/70KVDY6qtW,
https://shopeefood.vn/da-nang/my-xiu-hoanh-thanh-mien-ga-38-ong-ich-khiem,,,,,,https://shope.ee/7AdvPr6DYZ,
https://shopeefood.vn/da-nang/chao-ngon-24-24-chao-ga-u-muoi-mien-xao-my-xao,,,,,,https://shope.ee/7KxLcA5aDc,
https://shopeefood.vn/da-nang/pho-long-mi-xiu-mien-ga,,,,,,https://shope.ee/7VGloT4wsf,
https://shopeefood.vn/da-nang/co-hoa-mi-xa-xiu-mien-ga-pho-ga,,,,,,https://shope.ee/7faC0m4JXi,
https://shopeefood.vn/da-nang/be-nga-bun-ga-mien-tron-xoi-ga,,,,,,https://shope.ee/7ptcD53gCl,
https://shopeefood.vn/da-nang/tiem-an-co-mai-bun-mien-xoi-ga-12-van-tan,,,,,,https://shope.ee/5LCHEUDCHI,
https://shopeefood.vn/da-nang/be-su-banh-canh-ga-mien-mang-ga-chao-ga-171-dung-si-thanh-khe,,,,,,https://shope.ee/5VVhQnCYwL,
https://shopeefood.vn/da-nang/com-chao-mien-ga-thu-hien,,,,,,https://shope.ee/5fp7d6BvbO,
https://shopeefood.vn/da-nang/com-ga-mien-ga-quan-hiep,,,,,,https://shope.ee/5q8XpPBIGR,
https://shopeefood.vn/da-nang/hello-mien-tay-banh-xeo-mien-tay-bo-kho-com-tam-suon-va-ga,,,,,,https://shope.ee/60Ry1iAevU,
https://shopeefood.vn/da-nang/com-ga-tran-my-com-ga-mien-xao-long-ga-tran-cao-van,,,,,,https://shope.ee/6AlOE1A1aX,
https://shopeefood.vn/da-nang/2a-quan-my-xa-xiu-mien-ga-hoanh-thanh,,,,,,https://shope.ee/6L4oQK9OFa,
https://shopeefood.vn/da-nang/nga-quan-com-ga-xe-mien-xao-my-xao,,,,,,https://shope.ee/6VOEcd8kud,
https://shopeefood.vn/ho-chi-minh/com-ga-chao-goi-mien-ga-dat-quang-quan-bui-dinh-tuy,,,,,,https://shope.ee/40gte2IGzA,
https://shopeefood.vn/ho-chi-minh/com-ga-chao-goi-mien-ga-dat-quang-quan-2-tan-son-nhi,,,,,,https://shope.ee/4B0JqLHdeD,
https://shopeefood.vn/ho-chi-minh/mi-mien-xao-mi-mien-ga-xe-mien-tay-quan,,,,,,https://shope.ee/4LJk2eH0JG,
https://shopeefood.vn/ho-chi-minh/mien-ga-tron-bun-cha-vien-bun-thai-nau-tho-nguyen-dinh-chieu,,,,,,https://shope.ee/4VdAExGMyJ,
https://shopeefood.vn/ho-chi-minh/mien-ga-ky-dong-586-van-kiep,,,,,,https://shope.ee/4fwaRGFjdM,
https://shopeefood.vn/ho-chi-minh/com-ga-ta-truc-huong-goi-ga-mien-ga,,,,,,https://shope.ee/4qG0dZF6IP,
https://shopeefood.vn/ho-chi-minh/mien-ga-com-ga-lau-ga-ut-hang,,,,,,https://shope.ee/50ZQpsESxS,
https://shopeefood.vn/ho-chi-minh/bun-mien-ga-to-ky,,,,,,https://shope.ee/5Asr2BDpcV,
https://shopeefood.vn/ho-chi-minh/mien-tron-ga-ta-142-xo-viet-nghe-tinh,,,,,,https://shope.ee/2gBW3aNLh2,
https://shopeefood.vn/ho-chi-minh/mien-ga-co-hai-dien-bien-phu,,,,,,https://shope.ee/2qUwFtMiM5,
https://shopeefood.vn/ho-chi-minh/mien-ga-nam-dinh-18,,,,,,https://shope.ee/30oMSCM518,
https://shopeefood.vn/ho-chi-minh/mien-ga-bep-co-luc-bo-bao-tan-thang,,,,,,https://shope.ee/1AksgW7po,
https://shopeefood.vn/ho-chi-minh/mien-tron-ga-ta-142-pham-hung,,,,,,https://shope.ee/BUB4zVUUr,
https://shopeefood.vn/ho-chi-minh/hu-tieu-mien-ga-nui-giau,,,,,,https://shope.ee/LnbHIUr9u,
https://shopeefood.vn/ho-chi-minh/com-ga-hai-nam-tam-ky-142-chao-goi-mien-ga-tron-45-phan-huy-ich-closed,,,,,,https://shope.ee/W71TbUDox,
https://shopeefood.vn/ho-chi-minh/quan-ga-ta-chao-goi-mien-pho-ga,,,,,,https://shope.ee/gQRfuTaU0,
https://shopeefood.vn/ho-chi-minh/quan-ba-beo-ha-noi-pho-ga-bun-thang-mien-tron-duong-a4,,,,,,https://shope.ee/qjrsDSx93,
https://shopeefood.vn/ho-chi-minh/mien-tron-ga-ta-142-thich-quang-duc,,,,,,https://shope.ee/113I4WSJo6,
https://shopeefood.vn/ho-chi-minh/mien-tron-ga-ta-142-truong-son,,,,,,https://shope.ee/1BMiGpRgT9,
https://shopeefood.vn/ho-chi-minh/mien-tron-ga-ta-142-tan-thanh,,,,,,https://shope.ee/40gte2Gtii,
https://shopeefood.vn/ho-chi-minh/thuy-24-mien-chao-goi-ga-ta-dang-chat,,,,,,https://shope.ee/4B0JqLGGNl,
https://shopeefood.vn/ho-chi-minh/ga-ta-tam-ky-phuoc-tri-1-com-chao-goi-mien,,,,,,https://shope.ee/4LJk2eFd2o,
https://shopeefood.vn/ho-chi-minh/mien-ga-bep-co-luc-go-vap,,,,,,https://shope.ee/4VdAExEzhr,
https://shopeefood.vn/ho-chi-minh/ga-ta-thanh-trung-2-com-chao-goi-mien-ga,,,,,,https://shope.ee/4fwaRGEMMu,
https://shopeefood.vn/ho-chi-minh/mien-tron-ga-ta-142-lu-gia,,,,,,https://shope.ee/4qG0dZDj1x,
https://shopeefood.vn/ho-chi-minh/bun-bo-mien-ga-co-trang,,,,,,https://shope.ee/50ZQpsD5h0,
https://shopeefood.vn/ho-chi-minh/pho-hien-mien-ga-tran-khanh-du,,,,,,https://shope.ee/5Asr2BCSM3,
https://shopeefood.vn/ho-chi-minh/com-ga-hai-nam-tam-ky-142-chao-goi-mien-ga-tron-17-thach-lam-tan-phu,,,,,,https://shope.ee/2gBW3aLyQa,
https://shopeefood.vn/ho-chi-minh/hu-tieu-mien-tay-bun-thai-mien-ga-thach-lam,,,,,,https://shope.ee/2qUwFtLL5d,
https://shopeefood.vn/ho-chi-minh/mien-tron-ga-ta-142-nguyen-van-dau,,,,,,https://shope.ee/30oMSCKhkg,
https://shopeefood.vn/ho-chi-minh/ga-ta-thanh-tuyen-com-chao-mien,,,,,,https://shope.ee/3B7meVK4Pj,
https://shopeefood.vn/ho-chi-minh/mien-tron-ga-ta-142-phan-huy-ich,,,,,,https://shope.ee/3LRCqoJR4m,
https://shopeefood.vn/ho-chi-minh/mien-tron-ga-ta-142-thach-lam,,,,,,https://shope.ee/3Vkd37Injp,
https://shopeefood.vn/ho-chi-minh/com-ga-hai-nam-tam-ky-142-chao-goi-mien-ga-tron-32-thich-quang-duc,,,,,,https://shope.ee/3g43FQIAOs,
https://shopeefood.vn/ho-chi-minh/com-ga-hai-nam-tam-ky-142-chao-goi-mien-ga-tron-75-truong-son,,,,,,https://shope.ee/3qNTRjHX3v,
https://shopeefood.vn/ho-chi-minh/ga-ta-tam-ky-anh-hai-com-ga-mien-ga,,,,,,https://shope.ee/6fheow6kJU,
https://shopeefood.vn/ho-chi-minh/mi-quang-mien-ga-quan-92-ngyen-bich,,,,,,https://shope.ee/6q151F66yX,
https://shopeefood.vn/ho-chi-minh/dac-san-ha-noi-chao-ga-goi-ga-mien-tron-ga-bui-huu-nghia,,,,,,https://shope.ee/70KVDY5Tda,
https://shopeefood.vn/ho-chi-minh/ga-ta-son-ca-chao-mien-ga-truong-sa,,,,,,https://shope.ee/7AdvPr4qId,
https://shopeefood.vn/ho-chi-minh/mien-tron-ga-xe-goi-ga-vit-chung-cu-nguyen-thien-thuat,,,,,,https://shope.ee/7KxLcA4Cxg,
https://shopeefood.vn/ho-chi-minh/ga-ta-tam-ky-chao-mien-ga-mi-quang-lo-lu,,,,,,https://shope.ee/7VGloT3Zcj,
https://shopeefood.vn/ho-chi-minh/van-bun-vit-mien-ga-50-co-bac,,,,,,https://shope.ee/7faC0m2wHm,
https://shopeefood.vn/ho-chi-minh/mien-ga-ta-my-dung-ba-hat,,,,,,https://shope.ee/7ptcD52Iwp,
https://shopeefood.vn/ho-chi-minh/com-ga-hai-nam-tam-ky-142-chao-goi-mien-ga-tron-661-nguyen-van-qua-closed,,,,,,https://shope.ee/5LCHEUBp1M,
https://shopeefood.vn/ho-chi-minh/bun-chao-mien-goi-ga-vit-le-duc-tho,,,,,,https://shope.ee/5VVhQnBBgP,
https://shopeefood.vn/ho-chi-minh/mien-mi-tron-ga-long-an-truong-chinh,,,,,,https://shope.ee/5fp7d6AYLS,
https://shopeefood.vn/ho-chi-minh/quan-chi-ngoc-bun-mien-pho-ga,,,,,,https://shope.ee/5q8XpP9v0V,
https://shopeefood.vn/ho-chi-minh/mien-ga-ta-doc-ke,,,,,,https://shope.ee/60Ry1i9HfY,
https://shopeefood.vn/ho-chi-minh/mien-ga-kho-sot-dau-hao-156,,,,,,https://shope.ee/6AlOE18eKb,
https://shopeefood.vn/ho-chi-minh/thanh-trung-com-mien-chao-ga,,,,,,https://shope.ee/6L4oQK80ze,
https://shopeefood.vn/ho-chi-minh/com-ga-chao-mien-goi-ga-ta-tuong-vy-phan-van-hon,,,,,,https://shope.ee/6VOEcd7Neh,
https://shopeefood.vn/ho-chi-minh/mien-tron-ga-ta-142-378-phan-huy-ich,,,,,,https://shope.ee/9KiPzpwauG,
https://shopeefood.vn/ho-chi-minh/quan-ong-nam-pho-bo-mien-ga-tran-quoc-thao.yzuplm,,,,,,https://shope.ee/9V1qC8vxZJ,
https://shopeefood.vn/ho-chi-minh/pho-mien-ga-trong-thien-ngo-vang-ly-chinh-thang,,,,,,https://shope.ee/9fLGORvKEM,
https://shopeefood.vn/ho-chi-minh/com-ga-chao-goi-ga-ta-tuong-vy-pham-hung,,,,,,https://shope.ee/9pegakugtP,
https://shopeefood.vn/ho-chi-minh/mien-mi-tron-ga-hai-phuong-tan-hoa-dong,,,,,,https://shope.ee/9zy6n3u3YS,
https://shopeefood.vn/ho-chi-minh/mien-bun-mang-ga-do-an-lien-xa-thi-tran,,,,,,https://shope.ee/AAHWzMtQDV,
https://shopeefood.vn/ho-chi-minh/mien-ga-thuan-truong-chinh,,,,,,https://shope.ee/AKaxBfsmsY,
https://shopeefood.vn/ho-chi-minh/com-ga-hai-nam-tam-ky-142-chao-goi-mien-ga-tron-32-lu-gia-closed,,,,,,https://shope.ee/AUuNNys9Xb,
https://shopeefood.vn/ho-chi-minh/mien-pho-ga-43-mac-dinh-chi-duong-56,,,,,,https://shope.ee/80D2PO1fc8,
https://shopeefood.vn/ho-chi-minh/mien-tron-ga-xe-952,,,,,,https://shope.ee/8AWSbh12HB,
https://shopeefood.vn/ho-chi-minh/mien-tron-ga-ta-142-nguyen-van-qua,,,,,,https://shope.ee/8Kpso00OwE,
https://shopeefood.vn/ho-chi-minh/quan-nga-banh-canh-ghe-pho-mien-ga,,,,,,https://shope.ee/8V9J0IzlbH,
https://shopeefood.vn/ho-chi-minh/mien-tron-ga-ta-142-nguyen-thuong-hien,,,,,,https://shope.ee/8fSjCbz8GK,
https://shopeefood.vn/ho-chi-minh/com-ga-chao-goi-ga-ta-tuong-vy-378-phan-huy-ich,,,,,,https://shope.ee/8pm9OuyUvN,
https://shopeefood.vn/ho-chi-minh/tai-phuc-pho-mien-ga,,,,,,https://shope.ee/905ZbDxraQ,
https://shopeefood.vn/ho-chi-minh/com-ga-hai-nam-tam-ky-142-chao-goi-mien-ga-tron-52-nguyen-van-dau,,,,,,https://shope.ee/9AOznWxEFT,
https://shopeefood.vn/ho-chi-minh/com-ga-hai-nam-tam-ky-142-chao-goi-mien-ga-tron-593-xo-viet-nghe-tinh,,,,,,https://shope.ee/1VzYfRQPo0,
https://shopeefood.vn/ho-chi-minh/com-ga-hai-nam-tam-ky-142-chao-goi-mien-ga-tron-34-binh-phu-quan-6-closed,,,,,,https://shope.ee/1Lg8T8R38z,
https://shopeefood.vn/ho-chi-minh/ga-ta-hien-hau-pho-mien,,,,,,https://shope.ee/1qcP43P986,
https://shopeefood.vn/ho-chi-minh/mien-tron-ga-ta-142-binh-phu,,,,,,https://shope.ee/1gIyrkPmT5,
https://shopeefood.vn/ho-chi-minh/mien-tron-ga-ta-142-phan-van-hon,,,,,,https://shope.ee/2BFFSfNsSC,
https://shopeefood.vn/ho-chi-minh/mien-ga-xuan-mai,,,,,,https://shope.ee/20vpGMOVnB,
https://shopeefood.vn/ha-noi/mien-luon-9-phu-doan,,,,,,https://shope.ee/2Vs5rHMbmI,
https://shopeefood.vn/ha-noi/mien-luon-nguyen-tu-gian,,,,,,https://shope.ee/2LYfeyNF7H,
https://shopeefood.vn/ha-noi/luon-nghe-an-40-nguyen-thi-dinh,,,,,,https://shope.ee/BUB4zVUVs,
https://shopeefood.vn/ha-noi/oc-luon-xu-nghe-tan-mai,,,,,,https://shope.ee/1AksgW7qr,
https://shopeefood.vn/ha-noi/luon-nieu-xu-nghe-linh-ly-quan,,,,,,https://shope.ee/W71TbUDpy,
https://shopeefood.vn/ha-noi/luon-son-cuong-luon-nghe-an,,,,,,https://shope.ee/LnbHIUrAx,
https://shopeefood.vn/ha-noi/mien-luon-thanh-beo-phuc-tan,,,,,,https://shope.ee/qjrsDSxA4,
https://shopeefood.vn/ha-noi/mien-luon-ngoc-bao-la-thanh,,,,,,https://shope.ee/gQRfuTaV3,
https://shopeefood.vn/ha-noi/luon-dong-xu-nghe-ruby-quan-chao-mien-luon,,,,,,https://shope.ee/1BMiGpRgUA,
https://shopeefood.vn/ha-noi/minh-lan-mien-luon-nguyen-son,,,,,,https://shope.ee/113I4WSJp9,
https://shopeefood.vn/ha-noi/minh-lan-mien-luon-so-1-chan-cam,,,,,,https://shope.ee/4B0JqLGGOm,
https://shopeefood.vn/ha-noi/ba-loan-mien-luon-bun-ca-banh-da-ca-truong-dinh,,,,,,https://shope.ee/40gte2Gtjl,
https://shopeefood.vn/ha-noi/co-thien-mien-luon-gia-truyen-thai-thinh,,,,,,https://shope.ee/4VdAExEzis,
https://shopeefood.vn/ha-noi/mien-luon-tan-tan-le-thanh-nghi,,,,,,https://shope.ee/4LJk2eFd3r,
https://shopeefood.vn/ha-noi/huyen-trang-mien-luon-thanh-cong,,,,,,https://shope.ee/4qG0dZDj2y,
https://shopeefood.vn/ha-noi/luon-bung-quan-tay-mo-sup-luon-chao-mien-luon-tay-mo.ekipbc,,,,,,https://shope.ee/4fwaRGEMNx,
https://shopeefood.vn/ha-noi/mien-luon-mai-beo,,,,,,https://shope.ee/5Asr2BCSN4,
https://shopeefood.vn/ha-noi/sup-luon-xu-nghe-bep-nha-kem-vinhomes-smart-city,,,,,,https://shope.ee/50ZQpsD5i3,
https://shopeefood.vn/ha-noi/quan-259-yen-hoa-chao-long-mien-luon-yen-hoa.31nzac,,,,,,https://shope.ee/2qUwFtLL6e,
https://shopeefood.vn/ha-noi/luon-nieu-xu-nghe-sup-luon-chao-luon-mien-luon-le-van-thiem,,,,,,https://shope.ee/2gBW3aLyRd,
https://shopeefood.vn/ha-noi/luon-o-que-dac-san-nghe-an-le-trong-tan,,,,,,https://shope.ee/3B7meVK4Qk,
https://shopeefood.vn/ha-noi/mien-luon-hoa-doi-can,,,,,,https://shope.ee/30oMSCKhlj,
https://shopeefood.vn/ha-noi/mai-oanh-3,,,,,,https://shope.ee/3Vkd37Inkq,
https://shopeefood.vn/ha-noi/luon-nghe-an-mien-chao-sup,,,,,,https://shope.ee/3LRCqoJR5p,
https://shopeefood.vn/ha-noi/mien-luon-co-lan-so-1-bui-ngoc-duong,,,,,,https://shope.ee/3qNTRjHX4w,
https://shopeefood.vn/ha-noi/luon-o-que-dac-san-nghe-an,,,,,,https://shope.ee/3g43FQIAPv,
https://shopeefood.vn/ha-noi/luon-nam-dan-chao-luon-mien-luon-sup-luon-khu-do-thi-viet-hung.b6z98m,,,,,,https://shope.ee/6q151F66zY,
https://shopeefood.vn/ha-noi/huyen-trang-mien-luon-b1-thanh-cong.px9gh3,,,,,,https://shope.ee/6fheow6kKX,
https://shopeefood.vn/ha-noi/mien-luon-nam-dong,,,,,,https://shope.ee/7AdvPr4qJe,
https://shopeefood.vn/ha-noi/pham-dinh-banh-cuon-mien-luon,,,,,,https://shope.ee/70KVDY5Ted,
https://shopeefood.vn/ha-noi/mien-luon-thuy-loi-34-le-dai-hanh,,,,,,https://shope.ee/7VGloT3Zdk,
https://shopeefood.vn/ha-noi/cau-luon-nghe-an-ham-tu-quan,,,,,,https://shope.ee/7KxLcA4Cyj,
https://shopeefood.vn/ha-noi/luon-nieu-xu-nghe-hung-thanh-ngo-42-sai-dong,,,,,,https://shope.ee/7ptcD52Ixq,
https://shopeefood.vn/ha-noi/banh-cuon-bun-cha-quan-ngon-xu-thanh,,,,,,https://shope.ee/7faC0m2wIp,
https://shopeefood.vn/ha-noi/minh-lan-mien-luon-dao-tan,,,,,,https://shope.ee/5VVhQnBBhQ,
https://shopeefood.vn/ha-noi/mien-luon-sanh-pho-co,,,,,,https://shope.ee/5LCHEUBp2P,
https://shopeefood.vn/ha-noi/luon-gia-truyen-an-nam-kdt-van-phu,,,,,,https://shope.ee/5q8XpP9v1W,
https://shopeefood.vn/ha-noi/minh-lan-mien-luon-lac-trung,,,,,,https://shope.ee/5fp7d6AYMV,
https://shopeefood.vn/ha-noi/luon-xu-nghe-43-nguyen-van-huyen,,,,,,https://shope.ee/AKaxBftTW2,
https://shopeefood.vn/ha-noi/hoa-hung-luon-xu-nghe,,,,,,https://shope.ee/AUuNNysqB5,
https://shopeefood.vn/ha-noi/luon-vui-tuoi-tran-binh,,,,,,https://shope.ee/5LCHEUCVf6,
https://shopeefood.vn/ha-noi/mien-luon-phuc,,,,,,https://shope.ee/5VVhQnBsK9,
https://shopeefood.vn/ha-noi/mien-luon-thuy-loi-386-tran-khat-chan,,,,,,https://shope.ee/5fp7d6BEzC,
https://shopeefood.vn/ha-noi/mien-luon-chao-luon-88,,,,,,https://shope.ee/5q8XpPAbeF,
https://shopeefood.vn/ha-noi/bep-38-am-thuc-xu-nghe-chao-luon-sup-luon-bun-dau,,,,,,https://shope.ee/60Ry1i9yJI,
https://shopeefood.vn/ha-noi/luon-xu-nghe-mien-luon-so-6-van-tien-dung.v6llpu,,,,,,https://shope.ee/6AlOE19KyL,
https://shopeefood.vn/ha-noi/luon-quan-hoang-ngoc-phach,,,,,,https://shope.ee/6L4oQK8hdO,
https://shopeefood.vn/ha-noi/mien-luon-phuc-lo-duc,,,,,,https://shope.ee/6VOEcd84IR,
https://shopeefood.vn/ha-noi/mien-luon-gia-truyen-275-van-chuong,,,,,,https://shope.ee/6fheow7QxU,
https://shopeefood.vn/ha-noi/quan-cay-xoai-bun-mien-luon-banh-da-cua,,,,,,https://shope.ee/6q151F6ncX,
https://shopeefood.vn/ha-noi/luon-nieu-son-nam-dac-san-so-1-nghe-an-xuan-dinh.4kbau7,,,,,,https://shope.ee/70KVDY6AHa,
https://shopeefood.vn/ha-noi/luon-cay-xu-nghe-kim-ma,,,,,,https://shope.ee/7AdvPr5Wwd,
https://shopeefood.vn/ha-noi/mien-luon-thanh-huong-cho-ngo-sy-lien,,,,,,https://shope.ee/7KxLcA4tbg,
https://shopeefood.vn/ha-noi/que-choa-luon-xu-nghe-nhau-dong-que,,,,,,https://shope.ee/7VGloT4GGj,
https://shopeefood.vn/ha-noi/co-thien-mien-luon-gia-truyen,,,,,,https://shope.ee/7faC0m3cvm,
https://shopeefood.vn/ha-noi/luon-o-que-dac-san-nghe-an-lang-ha,,,,,,https://shope.ee/7ptcD52zap,
https://shopeefood.vn/ha-noi/dac-san-xu-nghe-37-mien-luon-sup-luon,,,,,,https://shope.ee/3B7meVKl3w,
https://shopeefood.vn/ha-noi/banh-cuon-mien-luon-sup-luon-thu-hoai-khu-do-thi-xa-la,,,,,,https://shope.ee/30oMSCLOOv,
https://shopeefood.vn/ha-noi/mien-luon-gia-truyen-co-hanh-cho-ngo-si-lien,,,,,,https://shope.ee/2qUwFtM1ju,
https://shopeefood.vn/ha-noi/mien-luon-minh-dao-189b-lo-duc,,,,,,https://shope.ee/2gBW3aMf4t,
https://shopeefood.vn/ha-noi/hong-anh-dac-san-luon-nui-truc,,,,,,https://shope.ee/3qNTRjIDi8,
https://shopeefood.vn/ha-noi/hp-restaurant-mien-luon-soup-luon,,,,,,https://shope.ee/3g43FQIr37,
https://shopeefood.vn/ha-noi/huyen-mien-luon-ngo-cho-dong-xuan,,,,,,https://shope.ee/3Vkd37JUO6,
https://shopeefood.vn/ha-noi/mien-luon-dong-thai-ha,,,,,,https://shope.ee/3LRCqoK7j5,
https://shopeefood.vn/ha-noi/dang-khoi-bun-dau-met-mien-sup-chao-luon,,,,,,https://shope.ee/4VdAExFgMK,
https://shopeefood.vn/ha-noi/phuong-tuan-mien-luon-nghe-an,,,,,,https://shope.ee/4LJk2eGJhJ,
https://shopeefood.vn/ha-noi/mien-luon-chao-luon-de-la-thanh,,,,,,https://shope.ee/4B0JqLGx2I,
https://shopeefood.vn/ha-noi/mien-luon-phuc-thai-thinh,,,,,,https://shope.ee/40gte2HaNH,
https://shopeefood.vn/ha-noi/luon-dong-xu-nghe-tran-phu,,,,,,https://shope.ee/5Asr2BD90W,
https://shopeefood.vn/ha-noi/nha-hang-mai-oanh-bo-cau-luon-xu-nghe-co-so-2,,,,,,https://shope.ee/50ZQpsDmLV,
https://shopeefood.vn/ha-noi/kieu-hong-bun-ca-mien-luon,,,,,,https://shope.ee/4qG0dZEPgU,
https://shopeefood.vn/ha-noi/mon-mien-luon-bach-dang,,,,,,https://shope.ee/4fwaRGF31T,
https://shopeefood.vn/ha-noi/quan-ha-noi-xua-linh-nam,,,,,,https://shope.ee/W71TbUuTg,
https://shopeefood.vn/ha-noi/thuy-my-luon-dong-xu-nghe,,,,,,https://shope.ee/LnbHIVXof,
https://shopeefood.vn/ha-noi/chao-mien-luon-ngan-nguyen-canh-di,,,,,,https://shope.ee/BUB4zWB9e,
https://shopeefood.vn/ha-noi/luon-nghe-an-348-xa-dan,,,,,,https://shope.ee/1AksgWoUd,
https://shopeefood.vn/ha-noi/quan-1930-bun-bo-hue-46-le-van-hien,,,,,,https://shope.ee/1BMiGpSN7s,
https://shopeefood.vn/ha-noi/mon-mien-luon,,,,,,https://shope.ee/113I4WT0Sr,
https://shopeefood.vn/ha-noi/dac-san-luon-dong-nghe-an-viet-hung,,,,,,https://shope.ee/qjrsDTdnq,
https://shopeefood.vn/ha-noi/luon-dong-xu-nghe-chao-mien-sup-2-vu-ngoc-phan,,,,,,https://shope.ee/gQRfuUH8p,
https://shopeefood.vn/ha-noi/oanh-oanh-luon-dong,,,,,,https://shope.ee/1qcP43Ppm4,
https://shopeefood.vn/ha-noi/luon-dong-xu-nghe-do-an-kiot-5-ngo-42-sai-dong-long-bien-ha-noi.kcqhtc,,,,,,https://shope.ee/1gIyrkQT73,
https://shopeefood.vn/ha-noi/o-ly-luon-nghe-an,,,,,,https://shope.ee/1VzYfRR6S2,
https://shopeefood.vn/ha-noi/luon-que-mien-chao-sup-luon-k-park-van-phu,,,,,,https://shope.ee/1Lg8T8Rjn1,
https://shopeefood.vn/ha-noi/nha-hang-le-hang-dac-san-luon-nieu-me-tri-h,,,,,,https://shope.ee/2Vs5rHNIQG,
https://shopeefood.vn/ha-noi/luon-nieu-37-luon-nieu-pham-van-dong,,,,,,https://shope.ee/2LYfeyNvlF,
https://shopeefood.vn/ha-noi/dung-luon-sup-luon-chao-luon-mien-luon-quan-an-duong-19-5.1syuqk,,,,,,https://shope.ee/2BFFSfOZ6E,
https://shopeefood.vn/ha-noi/mien-luon-thu-hien-mien-chao-bun-duy-tan.c0moin,,,,,,https://shope.ee/20vpGMPCRD,
https://shopeefood.vn/ha-noi/thu-huong-mien-chao-luon-nghe-an,,,,,,https://shope.ee/8V9J0J0SFU,
https://shopeefood.vn/ha-noi/vua-luon-xu-nghe-cac-mon-luon-tran-duy-hung.lpnewb,,,,,,https://shope.ee/8Kpso015aT,
https://shopeefood.vn/ha-noi/co-hoa-mien-luon-vinh-ho.4uujsv,,,,,,https://shope.ee/8AWSbh1ivS,
https://shopeefood.vn/ha-noi/luon-nghe-duy-tan,,,,,,https://shope.ee/80D2PO2MGR,
https://shopeefood.vn/ha-noi/luon-nieu-banh-canh-ca-loc-cuong-tran-dao-dinh-luyen.fugmjb,,,,,,https://shope.ee/9AOznWxutg,
https://shopeefood.vn/ha-noi/luon-hoa-luong-cs4-yen-lang,,,,,,https://shope.ee/905ZbDyYEf,
https://shopeefood.vn/ha-noi/mien-luon-461-kim-nguu,,,,,,https://shope.ee/8pm9OuzBZe,
https://shopeefood.vn/ha-noi/luon-xu-nghe-ngoc-my-ham-nghi,,,,,,https://shope.ee/8fSjCbzoud,
https://shopeefood.vn/ha-noi/quan-con-luon-mien-goi-luon-ngo-ba-trieu.slf0x0,,,,,,https://shope.ee/9pegakvNXs,
https://shopeefood.vn/ha-noi/luon-tho-nha-com-sup-chao-mien-do-nhau-le-trong-tan.n2xdhy,,,,,,https://shope.ee/9fLGORw0sr,
https://shopeefood.vn/da-nang/chao-ngon-24-7-luong-the-vinh,,,,,,https://shope.ee/9V1qC8weDq,
https://shopeefood.vn/da-nang/quan-trang-dac-san-luon-xu-nghe,,,,,,https://shope.ee/9KiPzpxHYp,
https://shopeefood.vn/da-nang/tiem-an-ngon-chao-luon-mien-luon-ram-thit-nuong,,,,,,https://shope.ee/AUuNNysqC4,
https://shopeefood.vn/da-nang/quan-co-hoa-nghe-an-sup-luon-chao-luon-mien-luon,,,,,,https://shope.ee/AKaxBftTX3,
https://shopeefood.vn/da-nang/a-shin-luon-xu-nghe-le-tan-trung,,,,,,https://shope.ee/AAHWzMu6s2,
https://shopeefood.vn/da-nang/luon-dong-ga-que-dac-san-xu-nghe-284-nui-thanh,,,,,,https://shope.ee/9zy6n3ukD1,
https://shopeefood.vn/da-nang/ba-nhu-luon-dong-xu-nghe-dang-dung,,,,,,https://shope.ee/5q8XpPAbfE,
https://shopeefood.vn/da-nang/luon-xu-nghe-chao-mien-sup-luon-117-nguyen-trung-truc-an-hai-bac-son-tra.jyscbz,,,,,,https://shope.ee/5fp7d6BF0D,
https://shopeefood.vn/da-nang/minh-huong-dac-san-luon-dong-xu-nghe,,,,,,https://shope.ee/5VVhQnBsLC,
https://shopeefood.vn/da-nang/luon-dong-xu-nghe-khanh-hung,,,,,,https://shope.ee/5LCHEUCVgB,
https://shopeefood.vn/da-nang/hoi-quynh-luon-dong-xu-nghe,,,,,,https://shope.ee/6VOEcd84JQ,
https://shopeefood.vn/da-nang/banh-muot-khanh-hang,,,,,,https://shope.ee/6L4oQK8heP,
https://shopeefood.vn/da-nang/ba-nhu-luon-dong-xu-nghe,,,,,,https://shope.ee/6AlOE19KzO,
https://shopeefood.vn/da-nang/a-truyen-chao-luon-mien-luon-144-luong-nhu-hoc,,,,,,https://shope.ee/60Ry1i9yKN,
https://shopeefood.vn/da-nang/quan-bong-chao-luon-sup-luon-khuc-hao,,,,,,https://shope.ee/7AdvPr5Wxc,
https://shopeefood.vn/da-nang/luon-nieu-xu-nghe-sup-luon-271-mai-chi-tho,,,,,,https://shope.ee/70KVDY6AIb,
https://shopeefood.vn/da-nang/chao-luon-banh-canh-quang-binh-chu-huy-man,,,,,,https://shope.ee/6q151F6nda,
https://shopeefood.vn/da-nang/dung-map-dac-san-luon-nghe-an,,,,,,https://shope.ee/6fheow7QyZ,
https://shopeefood.vn/da-nang/ba-chua-luon-dong-mon-ngon-nghe-an-nguyen-cong-tru,,,,,,https://shope.ee/7ptcD52zbo,
https://shopeefood.vn/da-nang/ba-chua-luon-dong-mon-ngon-nghe-an-huynh-thuc-khang,,,,,,https://shope.ee/7faC0m3cwn,
https://shopeefood.vn/da-nang/a-truyen-chao-luon-mien-luon,,,,,,https://shope.ee/7VGloT4GHm,
https://shopeefood.vn/da-nang/thai-hoa-food-luon-dong-xu-nghe-thit-bo-sot-vang,,,,,,https://shope.ee/7KxLcA4tcl,
https://shopeefood.vn/da-nang/chao-luon-lan-nguyen,,,,,,https://shope.ee/30oMSCLOPw,
https://shopeefood.vn/da-nang/luon-dong-nghe-an-huong-pho-187-ly-trien,,,,,,https://shope.ee/3B7meVKl4z,
https://shopeefood.vn/da-nang/hai-luon-xu-nghe-209-le-thanh-nghi,,,,,,https://shope.ee/2gBW3aMf5u,
https://shopeefood.vn/da-nang/dac-san-luon-xu-nghe-ong-ba-son-tham,,,,,,https://shope.ee/2qUwFtM1kx,
https://shopeefood.vn/da-nang/an-nhien-quan-luon-nghe-an-van-tien-dung,,,,,,https://shope.ee/3g43FQIr48,
https://shopeefood.vn/da-nang/quan-co-ba-kdt-fpt-city,,,,,,https://shope.ee/3qNTRjIDjB,
https://shopeefood.vn/da-nang/quan-nha-lim-dac-san-luon-yen-thanh,,,,,,https://shope.ee/3LRCqoK7k6,
https://shopeefood.vn/da-nang/dac-san-nghe-an-98-bac-son-xao-long-sup-luon-banh-dong-xu-pho-mai-han-quoc,,,,,,https://shope.ee/3Vkd37JUP9,
https://shopeefood.vn/da-nang/tiem-an-thanh-ky-hu-tieu-mi-xa-xiu-ho-trung-luong.kq4nh4,,,,,,https://shope.ee/4LJk2eGJiK,
https://shopeefood.vn/da-nang/lau-mam-mien-tay-thi-thi-17-thanh-luong-25,,,,,,https://shope.ee/4VdAExFgNN,
https://shopeefood.vn/da-nang/hu-hieu-nam-vang-so-1-mien-tay-pham-cu-luong,,,,,,https://shope.ee/40gte2HaOI,
https://shopeefood.vn/da-nang/quan-luon-viet-troc-167-le-thanh-nghi,,,,,,https://shope.ee/4B0JqLGx3L,
https://shopeefood.vn/da-nang/bep-thang-tu-512-trung-nu-vuong.6bqgdf,,,,,,https://shope.ee/50ZQpsDmMW,
https://shopeefood.vn/ho-chi-minh/pho-ha-hai-trieu,,,,,,https://shope.ee/5Asr2BD91Z,
https://shopeefood.vn/ho-chi-minh/chao-long-mien-tay-le-van-luong,,,,,,https://shope.ee/4fwaRGF32U,
https://shopeefood.vn/ho-chi-minh/xu-nghe-quan-dac-san-luon-cay,,,,,,https://shope.ee/4qG0dZEPhX,
https://shopeefood.vn/ho-chi-minh/luon-nieu-xu-nghe-duong-so-79,,,,,,https://shope.ee/LnbHIVXpg,
https://shopeefood.vn/ho-chi-minh/mien-luon-chao-luon-xu-nghe-68,,,,,,https://shope.ee/W71TbUuUj,
https://shopeefood.vn/ho-chi-minh/thien-dang-quan-chao-luon-mien-luon,,,,,,https://shope.ee/3g43FQJXfK,
https://shopeefood.vn/ho-chi-minh/quan-dac-san-luon-dong-xu-nghe-ba-huyen-trinh-khac-lap,,,,,,https://shope.ee/3qNTRjIuKN,
https://shopeefood.vn/ho-chi-minh/cu-nghe-quan-luon-xu-nghe,,,,,,https://shope.ee/1Lg8T8SQOu,
https://shopeefood.vn/ho-chi-minh/luon-nieu-xu-nghe-trinh-khac-lap,,,,,,https://shope.ee/1VzYfRRn3x,
https://shopeefood.vn/ho-chi-minh/quan-luon-37-thu-duc-mien-luon-kha-van-can,,,,,,https://shope.ee/1gIyrkR9j0,
https://shopeefood.vn/ho-chi-minh/chao-mien-luon-banh-canh-ca-loc-loc-quang-tri-do-thi-loi,,,,,,https://shope.ee/1qcP43QWO3,
https://shopeefood.vn/ho-chi-minh/mien-luon-xu-nghe-kim-lien,,,,,,https://shope.ee/20vpGMPt36,
https://shopeefood.vn/ho-chi-minh/luon-xu-nghe-37-ly-thuong-kiet,,,,,,https://shope.ee/2BFFSfPFi9,
https://shopeefood.vn/ho-chi-minh/chuong-map-2-luon-dong-xu-nghe,,,,,,https://shope.ee/2LYfeyOcNC,
https://shopeefood.vn/ho-chi-minh/dac-san-luon-dong-xu-nghe-nguyen-dinh-chieu,,,,,,https://shope.ee/2Vs5rHNz2F,
https://shopeefood.vn/ho-chi-minh/fami-luon-xu-nghe-vu-tong-phan.rilucx,,,,,,https://shope.ee/1AksgXV6m,
https://shopeefood.vn/ho-chi-minh/am-thuc-37-song-hanh,,,,,,https://shope.ee/BUB4zWrlp,
https://shopeefood.vn/ho-chi-minh/thu-luon-nghe-an,,,,,,https://shope.ee/LnbHIWEQs,
https://shopeefood.vn/ho-chi-minh/thuong-thuong-luon-xu-nghe,,,,,,https://shope.ee/W71TbVb5v,
https://shopeefood.vn/ho-chi-minh/luon-nieu-xu-nghe-duong-so-11n,,,,,,https://shope.ee/gQRfuUxky,
https://shopeefood.vn/ho-chi-minh/chao-luon-mien-luon-cong-thanh-thai-thuan,,,,,,https://shope.ee/qjrsDUKQ1,
https://shopeefood.vn/ho-chi-minh/luon-dong-xu-nghe-duc-quan,,,,,,https://shope.ee/113I4WTh54,
https://shopeefood.vn/ho-chi-minh/huong-que-chao-luon-mien-luon-xu-nghe,,,,,,https://shope.ee/1BMiGpT3k7,
https://shopeefood.vn/ho-chi-minh/dac-san-luon-xu-nghe-lien-thong-chao-luon-duong-so-7,,,,,,https://shope.ee/9pegakw49o,
https://shopeefood.vn/ho-chi-minh/chao-luon-xu-nghe-bun-dau-duong-so-42,,,,,,https://shope.ee/9fLGORwhUn,
https://shopeefood.vn/ho-chi-minh/quan-luon-xu-nghe-song-hanh,,,,,,https://shope.ee/9V1qC8xKpm,
https://shopeefood.vn/ho-chi-minh/quan-luon-nieu-ten-lua,,,,,,https://shope.ee/9KiPzpxyAl,
https://shopeefood.vn/ho-chi-minh/chao-luon-xu-nghe-duong-268,,,,,,https://shope.ee/AUuNNytWo0,
https://shopeefood.vn/ho-chi-minh/quan-luon-xu-nghe-thuy-hoai-tran-thi-nam,,,,,,https://shope.ee/AKaxBfuA8z,
https://shopeefood.vn/ho-chi-minh/thanh-thao-ly-tu-trong,,,,,,https://shope.ee/AAHWzMunTy,
https://shopeefood.vn/ho-chi-minh/quan-dac-san-xu-nghe-chuong-map,,,,,,https://shope.ee/9zy6n3vQox,
https://shopeefood.vn/ho-chi-minh/mien-chao-sup-luon-nieu-xu-nghe,,,,,,https://shope.ee/8V9J0J18rg,
https://shopeefood.vn/ho-chi-minh/chao-luon-nhu-y-3-chao-mien-luon-duong-so-1,,,,,,https://shope.ee/8Kpso01mCf,
https://shopeefood.vn/ho-chi-minh/luon-ong-xoan-mon-ve-luon-204-131-14-an-duong-vuong,,,,,,https://shope.ee/8AWSbh2PXe,
https://shopeefood.vn/ho-chi-minh/mien-luon-144,,,,,,https://shope.ee/80D2PO32sd,
https://shopeefood.vn/ho-chi-minh/nghe-tinh-quan-luon-88-tran-nao,,,,,,https://shope.ee/9AOznWybVs,
https://shopeefood.vn/ho-chi-minh/pho-ha-noi-luon-nieu-xu-nghe-1060-au-co,,,,,,https://shope.ee/905ZbDzEqr,
https://shopeefood.vn/ho-chi-minh/luon-thanh-vinh-nguyen-van-khoi,,,,,,https://shope.ee/8pm9OuzsBq,
https://shopeefood.vn/ho-chi-minh/chao-luon-song-lam-nghe-an-mien-luon-soup-luon,,,,,,https://shope.ee/8fSjCc0VWp,
https://shopeefood.vn/ho-chi-minh/mien-luon-bun-ca-hai-phong-ton-dan,,,,,,https://shope.ee/7AdvPr6DZY,
https://shopeefood.vn/ho-chi-minh/luon-dong-xu-nghe-bun-ca-ha-noi-quan-que-huong,,,,,,https://shope.ee/70KVDY6quX,
https://shopeefood.vn/ho-chi-minh/hau-nuong-hung-nguyen-hiep-binh,,,,,,https://shope.ee/6q151F7UFW,
https://shopeefood.vn/ho-chi-minh/vi-que-luon-xu-nghe-xoi-vinh-lien-phuong,,,,,,https://shope.ee/6fheow87aV,
https://shopeefood.vn/ho-chi-minh/the-gioi-am-thuc-chao-tim-cat-chao-luon,,,,,,https://shope.ee/7ptcD53gDk,
https://shopeefood.vn/ho-chi-minh/song-lam-quan-chao-luon-sup-luon-banh-muot,,,,,,https://shope.ee/7faC0m4JYj,
https://shopeefood.vn/ho-chi-minh/mien-cua-le-van-luong,,,,,,https://shope.ee/7VGloT4wti,
https://shopeefood.vn/ho-chi-minh/chao-long-thang-long-chao-long-banh-uot-sot-vang-mien-luon-nghe-an-vinhomes-grand-park.gld0vg,,,,,,https://shope.ee/7KxLcA5aEh,
https://shopeefood.vn/ho-chi-minh/banh-canh-ca-loc-a-cay-quan-le-van-chi,,,,,,https://shope.ee/5q8XpPBIHQ,
https://shopeefood.vn/ho-chi-minh/luon-nghe-an-thanh-da-luon-nghe-an-bun-ca-ro-cu-xa-thanh-da,,,,,,https://shope.ee/5fp7d6BvcP,
https://shopeefood.vn/ho-chi-minh/luon-dong-xu-nghe-hung-vuong-2,,,,,,https://shope.ee/5VVhQnCYxO,
https://shopeefood.vn/ho-chi-minh/pho-bac-3681-pho-bo-pho-kho-gia-lai-mien-luon,,,,,,https://shope.ee/5LCHEUDCIN,
https://shopeefood.vn/ho-chi-minh/luon-nieu-xu-nghe-co-huong-nguyen-huu-canh,,,,,,https://shope.ee/6VOEcd8kvc,
https://shopeefood.vn/ho-chi-minh/quan-luon-o-hong-luon-cay-xu-nghe-com-ga-ta,,,,,,https://shope.ee/6L4oQK9OGb,
https://shopeefood.vn/ho-chi-minh/o-lai-dac-san-luon-dong-xu-nghe,,,,,,https://shope.ee/6AlOE1A1ba,
https://shopeefood.vn/ho-chi-minh/dac-san-nghe-an-sup-luon-mien-luon-chao-luon,,,,,,https://shope.ee/60Ry1iAewZ,
https://shopeefood.vn/ho-chi-minh/luon-cay-thanh-vinh-cao-trieu-phat,,,,,,https://shope.ee/4VdAExGMzI,
https://shopeefood.vn/ho-chi-minh/banh-canh-ca-loc-a-cay-quan-duong-59,,,,,,https://shope.ee/4LJk2eH0KH,
https://shopeefood.vn/ho-chi-minh/rieu-cua-hai-mien-mien-luon-banh-mi,,,,,,https://shope.ee/4B0JqLHdfG,
https://shopeefood.vn/ho-chi-minh/chao-luon-cay-37-tan-canh,,,,,,https://shope.ee/40gte2IH0F,
https://shopeefood.vn/ho-chi-minh/ruong-quan-luon-dong-xu-nghe,,,,,,https://shope.ee/5Asr2BDpdU,
https://shopeefood.vn/ho-chi-minh/bao-duy-37-luon-dong-xu-nghe,,,,,,https://shope.ee/50ZQpsESyT,
https://shopeefood.vn/ho-chi-minh/chao-luon-xu-nghe-nguyen-quang-bich,,,,,,https://shope.ee/4qG0dZF6JS,
https://shopeefood.vn/ho-chi-minh/chao-luon-linh-dan,,,,,,https://shope.ee/4fwaRGFjeR,
https://shopeefood.vn/ho-chi-minh/chao-luon-mien-xao-xu-nghe-nguyen-dinh-khoi,,,,,,https://shope.ee/3B7meVLRhA,
https://shopeefood.vn/ho-chi-minh/sup-cua-cho-tan-dinh,,,,,,https://shope.ee/30oMSCM529,
https://shopeefood.vn/ho-chi-minh/trieu-hai-banh-canh-ca-loc-bun-ca-ro,,,,,,https://shope.ee/2qUwFtMiN8,
https://shopeefood.vn/ho-chi-minh/quan-81-bun-cha-ha-noi-chao-luon,,,,,,https://shope.ee/2gBW3aNLi7,
https://shopeefood.vn/ho-chi-minh/hai-hieu-mien-luon-banh-canh-ca-loc,,,,,,https://shope.ee/3qNTRjIuLM,
https://shopeefood.vn/ho-chi-minh/luon-xu-nghe-bo-kho-ca-ri-de-nguyen-thong,,,,,,https://shope.ee/3g43FQJXgL,
https://shopeefood.vn/ho-chi-minh/song-lam-quan-dac-san-luon-xu-nghe,,,,,,https://shope.ee/3Vkd37KB1K,
https://shopeefood.vn/ho-chi-minh/luon-nieu-37,,,,,,https://shope.ee/3LRCqoKoMJ,
https://shopeefood.vn/ho-chi-minh/mien-luon-xu-nghe-kim-lien-co-so-2-duong-quang-ham,,,,,,https://shope.ee/1qcP43QWP2,
https://shopeefood.vn/ho-chi-minh/pho-hai-ba-nghia,,,,,,https://shope.ee/1gIyrkR9k1,
https://shopeefood.vn/ho-chi-minh/nep-vi-bac-thuan-thuc-vat,,,,,,https://shope.ee/1VzYfRRn50,
https://shopeefood.vn/ho-chi-minh/mien-luon-chao-luon-co-ha,,,,,,https://shope.ee/1Lg8T8SQPz,
https://shopeefood.vn/ho-chi-minh/nha-hang-khanh-linh-luon-xu-nghe,,,,,,https://shope.ee/2Vs5rHNz3E,
https://shopeefood.vn/ho-chi-minh/com-ngon-quan-banh-canh-ca-loc-pho,,,,,,https://shope.ee/2LYfeyOcOD,
https://shopeefood.vn/ho-chi-minh/cha-ca-ha-noi,,,,,,https://shope.ee/2BFFSfPFjC,
https://shopeefood.vn/ho-chi-minh/chao-ba-dau,,,,,,https://shope.ee/20vpGMPt4B,
https://shopeefood.vn/ho-chi-minh/quan-bui-minh-mien-luon-bun-ca-gia-truyen-ha-noi,,,,,,https://shope.ee/W71TbVb6u,
https://shopeefood.vn/ho-chi-minh/pho-hai-trieu,,,,,,https://shope.ee/LnbHIWERt,
https://shopeefood.vn/ho-chi-minh/quan-chao-vit-mien-tay-le-van-luong,,,,,,https://shope.ee/BUB4zWrms,
https://shopeefood.vn/ho-chi-minh/gia-food-dac-san-mien-trung-nguyen-luong-bang,,,,,,https://shope.ee/1AksgXV7r,
https://shopeefood.vn/ho-chi-minh/chao-long-mien-tay-425-le-van-luong,,,,,,https://shope.ee/1BMiGpT3l6,
https://shopeefood.vn/ho-chi-minh/bun-mam-mien-tay-970-le-van-luong,,,,,,https://shope.ee/113I4WTh65,
https://shopeefood.vn/ho-chi-minh/ti-ni-quan-banh-xeo-banh-beo-mien-trung-nguyen-van-luong,,,,,,https://shope.ee/qjrsDUKR4,
https://shopeefood.vn/ho-chi-minh/bap-xao-trung-nuong-mien-an-vat-1038-le-van-luong,,,,,,https://shope.ee/gQRfuUxm3,
https://shopeefood.vn/ho-chi-minh/quan-mien-trung-417-le-van-luong,,,,,,https://shope.ee/9fLGORwhVo,
https://shopeefood.vn/ho-chi-minh/banh-xeo-mien-trung-bo-ne-co-dung-nguyen-van-luong,,,,,,https://shope.ee/9pegakw4Ar,
https://shopeefood.vn/ho-chi-minh/banh-xeo-mien-trung-212-le-van-luong.kypzcg,,,,,,https://shope.ee/9KiPzpxyBm,
https://shopeefood.vn/ho-chi-minh/luon-dong-xu-nghe-quynh-hoa-mien-luon-5-8a-duong-song-hanh,,,,,,https://shope.ee/9V1qC8xKqp,
https://shopeefood.vn/ho-chi-minh/dac-san-luon-dong-xu-nghe-9,,,,,,https://shope.ee/AKaxBfuAA0,
https://shopeefood.vn/ho-chi-minh/mien-luon-ha-noi-bun-mien-phan-van-doi.pjugtn,,,,,,https://shope.ee/AUuNNytWp3,
https://shopeefood.vn/ho-chi-minh/goi-ca-vu-thang-thai-binh-cac-mon-an-ngon-la-vung-mien-nguyen-van-luong,,,,,,https://shope.ee/9zy6n3vQpy,
https://shopeefood.vn/ho-chi-minh/cha-ram-mien-trung-le-van-luong.auoayj,,,,,,https://shope.ee/AAHWzMunV1,
https://shopeefood.vn/ha-noi/thanh-giang-vit-quay-van-dinh-bun-chao-long-tiet-canh,,,,,,https://shope.ee/8Kpso01mDg,
https://shopeefood.vn/ha-noi/vit-nuong-chao-bun-mien-pho-68,,,,,,https://shope.ee/8V9J0J18sj,
https://shopeefood.vn/ha-noi/bun-tron-phuong-trang-chao-banh-goi-trung-vit-lon-35-tran-thai-tong,,,,,,https://shope.ee/80D2PO32te,
https://shopeefood.vn/ha-noi/pho-bo-nam-dinh-com-rang-di-ai,,,,,,https://shope.ee/8AWSbh2PYh,
https://shopeefood.vn/ha-noi/quan-anh-quan-vit-nuong-chao-bun-nguyen-xien,,,,,,https://shope.ee/905ZbDzErs,
https://shopeefood.vn/ha-noi/de-nhat-ngan-vit-bun-mien-ngan-chao-vit-xa-la,,,,,,https://shope.ee/9AOznWybWv,
https://shopeefood.vn/ha-noi/quan-bun-long-chao-long-trung-vit-lon-24-duong-trau-quy,,,,,,https://shope.ee/8fSjCc0VXq,
https://shopeefood.vn/ha-noi/chao-trai-tan-mai-chao-thit-trung-vit-lon-trung-ngai-cuu,,,,,,https://shope.ee/8pm9OuzsCt,
https://shopeefood.vn/ha-noi/chao-thi-no-chao-vit-quay-hai-san,,,,,,https://shope.ee/70KVDY6qvY,
https://shopeefood.vn/ha-noi/vit-vang-chao-vit-lau-vit-om-sau-thanh-cong.mju0uh,,,,,,https://shope.ee/7AdvPr6Dab,
https://shopeefood.vn/ha-noi/chien-long-vit-nuong-van-dinh-lau-chao-long-214-dinh-cong-ha,,,,,,https://shope.ee/2LYfeyRdsg,
https://shopeefood.vn/ha-noi/b9-chao-suon-sun-chao-vit-quay-hong-mai,,,,,,https://shope.ee/2Vs5rHR0Xj,
https://shopeefood.vn/ha-noi/bun-vit-gia-cay-chao-vit-tong-duy-tan,,,,,,https://shope.ee/1Lg8T8VRuW,
https://shopeefood.vn/ha-noi/yen-nhi-quan-bun-chao-goi-vit-dinh-cong-ha,,,,,,https://shope.ee/1VzYfRUoZZ,
https://shopeefood.vn/ha-noi/tiem-chao-co-ha-chao-trai-chao-thit-trung-vit-lon-tran-cung,,,,,,https://shope.ee/1gIyrkUBEc,
https://shopeefood.vn/ha-noi/thuy-gau-xoi-chao-suon-trung-vit-lon-linh-nam,,,,,,https://shope.ee/1qcP43TXtf,
https://shopeefood.vn/ha-noi/co-trong-chao-trai-chao-suon-trung-vit-lon,,,,,,https://shope.ee/gQRfuXzGS,
https://shopeefood.vn/ha-noi/chao-trai-trung-vit-lon-nghia-tan,,,,,,https://shope.ee/qjrsDXLvV,
https://shopeefood.vn/ha-noi/vit-lien-beo-bun-mang-mien-mang-chao-vit-ki-ot-11-cho-gia-lam.fyguhb,,,,,,https://shope.ee/113I4WWiaY,
https://shopeefood.vn/ha-noi/chao-ngon-me-vit,,,,,,https://shope.ee/1BMiGpW5Fb,
https://shopeefood.vn/ha-noi/dac-san-vit-79-vit-nuong-vit-luoc-chao,,,,,,https://shope.ee/1AksgaWcO,
https://shopeefood.vn/ha-noi/bun-hen-chao-hen-vit-lon-um-bau-duong-kim-giang,,,,,,https://shope.ee/BUB4zZtHR,
https://shopeefood.vn/da-nang/co-dao-vlog-chao-vit-goi-vit,,,,,,https://shope.ee/LnbHIZFwU,
https://shopeefood.vn/da-nang/co-chu-nho-chao-vit-phan-tu.gncpw9,,,,,,https://shope.ee/W71TbYcbX,
https://shopeefood.vn/da-nang/vit-nha-que-chao-vit-goi-vit,,,,,,https://shope.ee/4fwaRGIl9M,
https://shopeefood.vn/da-nang/quan-nhan-chao-vit,,,,,,https://shope.ee/4qG0dZI7oP,
https://shopeefood.vn/da-nang/quan-nhan-chao-vit-phan-tu,,,,,,https://shope.ee/50ZQpsHUTS,
https://shopeefood.vn/da-nang/chao-vit-thuy,,,,,,https://shope.ee/5Asr2BGr8V,
https://shopeefood.vn/da-nang/chao-vit-xoi-ga-goi-son-tra,,,,,,https://shope.ee/40gte2LIVI,
https://shopeefood.vn/da-nang/chao-vit-my-hanh-11-nam-cao,,,,,,https://shope.ee/4B0JqLKfAL,
https://shopeefood.vn/da-nang/chao-vit-dai-loc-vit-que,,,,,,https://shope.ee/4LJk2eK1pO,
https://shopeefood.vn/da-nang/co-hai-chao-vit-ga,,,,,,https://shope.ee/4VdAExJOUR,
https://shopeefood.vn/da-nang/ha-thanh-nhau-binh-dan-chao-vit-ga-51-le-dinh-ky,,,,,,https://shope.ee/3LRCqoNprE,
https://shopeefood.vn/da-nang/chao-vit-mien-104-chau-thi-vinh-te,,,,,,https://shope.ee/3Vkd37NCWH,
https://shopeefood.vn/da-nang/quan-50-chao-ga-vit,,,,,,https://shope.ee/3g43FQMZBK,
https://shopeefood.vn/da-nang/quan-tam-chao-vit-goi-vit,,,,,,https://shope.ee/3qNTRjLvqN,
https://shopeefood.vn/da-nang/quan-thiet-chao-vit-chao-long-xuong-ma-ham-tu-mo,,,,,,https://shope.ee/2gBW3aQNDA,
https://shopeefood.vn/da-nang/quan-ty-chao-vit,,,,,,https://shope.ee/2qUwFtPjsD,
https://shopeefood.vn/da-nang/hoa-xuan-quan-chao-vit-vit-co-luoc,,,,,,https://shope.ee/30oMSCP6XG,
https://shopeefood.vn/da-nang/chao-vit-hai-le-thanh-nghi,,,,,,https://shope.ee/3B7meVOTCJ,
https://shopeefood.vn/da-nang/chao-vit-goi-mit-di-huong,,,,,,https://shope.ee/7KxLcA8bk8,
https://shopeefood.vn/da-nang/chao-vit-be-hoa-van-don,,,,,,https://shope.ee/7VGloT7yPB,
https://shopeefood.vn/da-nang/lan-chao-vit-chao-ga-chao-long-heo,,,,,,https://shope.ee/7faC0m7L4E,
https://shopeefood.vn/da-nang/co-ut-chao-vit,,,,,,https://shope.ee/7ptcD56hjH,
https://shopeefood.vn/da-nang/co-sau-chao-vit-goi-vit-pho-duc-chinh,,,,,,https://shope.ee/6fheowB964,
https://shopeefood.vn/da-nang/chao-vit-hoa-lan-goi-tron-92-ngo-chi-lan.ezbobd,,,,,,https://shope.ee/6q151FAVl7,
https://shopeefood.vn/da-nang/thu-huong-xoi-chao-ga-vit,,,,,,https://shope.ee/70KVDY9sQA,
https://shopeefood.vn/da-nang/chao-vit-anh,,,,,,https://shope.ee/7AdvPr9F5D,
https://shopeefood.vn/da-nang/quan-thuy-tu-chao-vit-goi-vit,,,,,,https://shope.ee/60Ry1iDgS0,
https://shopeefood.vn/da-nang/chao-vit-goi-vit-64-do-doc-loc,,,,,,https://shope.ee/6AlOE1D373,
https://shopeefood.vn/da-nang/chao-vit-ba-tram-au-co,,,,,,https://shope.ee/6L4oQKCPm6,
https://shopeefood.vn/da-nang/quan-minh-thanh-chao-thit-vit-vit-quay-la-mac-mat-xoi-ga-462-nui-thanh,,,,,,https://shope.ee/6VOEcdBmR9,
https://shopeefood.vn/da-nang/chao-vit-duoc,,,,,,https://shope.ee/5LCHEUGDnw,
https://shopeefood.vn/da-nang/hieu-thao-chao-vit-vit-que-vit-co-214-thanh-hoa,,,,,,https://shope.ee/5VVhQnFaSz,
https://shopeefood.vn/da-nang/xoi-chien-goi-vit-chao-vit,,,,,,https://shope.ee/5fp7d6Ex82,
https://shopeefood.vn/da-nang/huong-chao-vit-goi-vit,,,,,,https://shope.ee/5q8XpPEJn5,
https://shopeefood.vn/da-nang/chao-long-chao-vit-goi-vit-65-le-huu-trac,,,,,,https://shope.ee/9zy6n3ySKu,
https://shopeefood.vn/da-nang/chao-vit-loan-ga-vit-quay-la-mac-mat-hai-phong.klzrq9,,,,,,https://shope.ee/AAHWzMxozx,
https://shopeefood.vn/da-nang/chao-vit-thanh-huong-ha-huy-tap,,,,,,https://shope.ee/AKaxBfxBf0,
https://shopeefood.vn/da-nang/quan-thu-chao-ga-vit,,,,,,https://shope.ee/AUuNNywYK3,
https://shopeefood.vn/da-nang/chao-vit-ba-van,,,,,,https://shope.ee/9KiPzq0zgq,
https://shopeefood.vn/da-nang/quan-chao-vit-goi-vit-146-hoang-bich-son.syu84g,,,,,,https://shope.ee/9V1qC90MLt,
https://shopeefood.vn/da-nang/chao-vit-huong-trang-144-trinh-dinh-thao,,,,,,https://shope.ee/9fLGORzj0w,
https://shopeefood.vn/da-nang/vit-dai-lanh-chao-vit-tiet-canh,,,,,,https://shope.ee/9pegakz5fz,
https://shopeefood.vn/da-nang/chao-vit-thu-bon-2-vit-quay-la-moc-mat-32a-le-huu-trac.3pijry,,,,,,https://shope.ee/8fSjCc3X2m,
https://shopeefood.vn/da-nang/chao-vit-luat-2-khue-my-dong-3,,,,,,https://shope.ee/8pm9Ov2thp,
https://shopeefood.vn/da-nang/quan-100-chao-trang-hot-vit-muoi,,,,,,https://shope.ee/905ZbE2GMs,
https://shopeefood.vn/da-nang/co-ha-chao-vit-225-truong-chinh.4anvik,,,,,,https://shope.ee/9AOznX1d1v,
https://shopeefood.vn/da-nang/chao-vit-thuy-nguyen-huy-tuong,,,,,,https://shope.ee/80D2PO64Oi,
https://shopeefood.vn/da-nang/quan-ba-thoi-chao-vit,,,,,,https://shope.ee/8AWSbh5R3l,
https://shopeefood.vn/da-nang/vit-co-dak-lak-vit-quay-chao-vit-dung-si-thanh-khe,,,,,,https://shope.ee/8Kpso04nio,
https://shopeefood.vn/da-nang/chao-vit-thu-bon-co-so-3-quan-an-173-ha-huy-tap.tij1qs,,,,,,https://shope.ee/8V9J0J4ANr,
https://shopeefood.vn/da-nang/van-chao-vit-goi-vit-nguyen-cong-tru,,,,,,https://shope.ee/2BFFSfSHEe,
https://shopeefood.vn/da-nang/quan-cay-bang-chao-vit-xuong-ma-ham-540-duong-2-thang-9,,,,,,https://shope.ee/20vpGMSuZd,
https://shopeefood.vn/da-nang/74-quan-banh-canh-vit-chao-ga-vit-nguyen-cong-tru,,,,,,https://shope.ee/2Vs5rHR0Yk,
https://shopeefood.vn/da-nang/quan-hang-xuong-ma-ham-chao-vit-phan-boi,,,,,,https://shope.ee/2LYfeyRdtj,
https://shopeefood.vn/da-nang/chao-vit-ba-de,,,,,,https://shope.ee/1VzYfRUoaa,
https://shopeefood.vn/da-nang/chao-vit-thao-nguyen-dinh-trong,,,,,,https://shope.ee/1Lg8T8VRvZ,
https://shopeefood.vn/da-nang/chao-vit-ba-nam-tran-cao-van,,,,,,https://shope.ee/1qcP43TXug,
https://shopeefood.vn/da-nang/cuong-chao-vit-ql1a.1yhcrg,,,,,,https://shope.ee/1gIyrkUBFf,
https://shopeefood.vn/da-nang/chao-vit-co-hanh-cho-thanh-vinh,,,,,,https://shope.ee/qjrsDXLwW,
https://shopeefood.vn/da-nang/chao-vit-thu-bon-556-trung-nu-vuong,,,,,,https://shope.ee/gQRfuXzHV,
https://shopeefood.vn/da-nang/a-tai-vit-quay-ty-ba-ga-nuong-mam-nhi-chao-vit-luoc,,,,,,https://shope.ee/1BMiGpW5Gc,
https://shopeefood.vn/da-nang/mi-na-com-ga-tai-mui-tron-chao-ga-vit,,,,,,https://shope.ee/113I4WWibb,
https://shopeefood.vn/da-nang/quan-nha-trang-com-ga-com-vit-chao-vit,,,,,,https://shope.ee/BUB4zZtIS,
https://shopeefood.vn/da-nang/quan-2-thien-dao-chao-vit-bui-tan-han,,,,,,https://shope.ee/1AksgaWdR,
https://shopeefood.vn/da-nang/wonn-chao-vit-dung-si-thanh-khe,,,,,,https://shope.ee/W71TbYccY,
https://shopeefood.vn/da-nang/quan-thiet-chao-vit-long,,,,,,https://shope.ee/LnbHIZFxX,
https://shopeefood.vn/da-nang/vit-que-dai-loc-chao-vit-vit-luoc-goi-vit,,,,,,https://shope.ee/4qG0dZI7pQ,
https://shopeefood.vn/da-nang/quan-48-chao-ga-vit,,,,,,https://shope.ee/4fwaRGIlAP,
https://shopeefood.vn/da-nang/chao-vit-dong-chao-vit-01-pham-viet-chanh,,,,,,https://shope.ee/5Asr2BGr9W,
https://shopeefood.vn/da-nang/chao-vit-ong-chu-nho-au-co,,,,,,https://shope.ee/50ZQpsHUUV,
https://shopeefood.vn/da-nang/quan-be-ty-bun-cha-ca-chao-vit-le-do,,,,,,https://shope.ee/4B0JqLKfBM,
https://shopeefood.vn/ho-chi-minh/quan-chao-goi-vit-co-hai-24-7-686-cmt8,,,,,,https://shope.ee/40gte2LIWL,
https://shopeefood.vn/ho-chi-minh/chao-vit-ly-tuong,,,,,,https://shope.ee/4VdAExJOVS,
https://shopeefood.vn/ho-chi-minh/quan-chao-goi-vit-dieu-trinh-4,,,,,,https://shope.ee/4LJk2eK1qR,
https://shopeefood.vn/ho-chi-minh/chao-goi-ga-vit-168-le-duc-tho,,,,,,https://shope.ee/3Vkd37NCXI,
https://shopeefood.vn/ho-chi-minh/hong-van-chao-goi-vit-vo-van-van.cd6blf,,,,,,https://shope.ee/3LRCqoNpsH,
https://shopeefood.vn/ho-chi-minh/chao-goi-ga-vit-duc-linh-nguyen-van-qua,,,,,,https://shope.ee/3qNTRjLvrO,
https://shopeefood.vn/ho-chi-minh/chao-vit-thien-ly-co-so-2,,,,,,https://shope.ee/3g43FQMZCN,
https://shopeefood.vn/ho-chi-minh/chao-vit-165-goi-vit-ga-ta,,,,,,https://shope.ee/2qUwFtPjtE,
https://shopeefood.vn/ho-chi-minh/ha-linh-chao-goi-ga-vit-nha-lam,,,,,,https://shope.ee/2gBW3aQNED,
https://shopeefood.vn/ho-chi-minh/chao-goi-vit-bong-sao,,,,,,https://shope.ee/3B7meVOTDK,
https://shopeefood.vn/ho-chi-minh/my-chao-vit-goi-vit,,,,,,https://shope.ee/30oMSCP6YJ,
https://shopeefood.vn/ho-chi-minh/chao-vit-lien-nguyen-thi-dinh,,,,,,https://shope.ee/7VGloT7yQC,
https://shopeefood.vn/ho-chi-minh/quan-van-chao-goi-ga-vit,,,,,,https://shope.ee/7KxLcA8blB,
https://shopeefood.vn/ho-chi-minh/tham-goi-ga-vit-chao,,,,,,https://shope.ee/7ptcD56hkI,
https://shopeefood.vn/ho-chi-minh/quan-vit-dong-que-goi-vit-chao-nuong,,,,,,https://shope.ee/7faC0m7L5H,
https://shopeefood.vn/ho-chi-minh/chao-vit-co-minh,,,,,,https://shope.ee/6q151FAVm8,
https://shopeefood.vn/ho-chi-minh/chao-goi-vit-mien-tay,,,,,,https://shope.ee/6fheowB977,
https://shopeefood.vn/ho-chi-minh/vit-ga-89-goi-chao-mien,,,,,,https://shope.ee/6L4oQKCPn9,
https://shopeefood.vn/ho-chi-minh/ba-lam-goi-vit,,,,,,https://shope.ee/5VVhQnFaU0,
https://shopeefood.vn/ho-chi-minh/chao-goi-vit-huong-lan-goi-vit-goi-ga.ghn9ba,,,,,,https://shope.ee/5LCHEUGDoz,
https://shopeefood.vn/ho-chi-minh/vit-dong-cam-ranh-bun-mien-chao-duong-so-10.ueakh9,,,,,,https://shope.ee/5q8XpPEJo6,
https://shopeefood.vn/ho-chi-minh/chao-vit-thanh-vy-le-loi,,,,,,https://shope.ee/5fp7d6Ex95,
https://shopeefood.vn/ho-chi-minh/quan-co-loan-chao-vit-ga-long-heo-vit-go-dau,,,,,,https://shope.ee/AAHWzMxp0y,
https://shopeefood.vn/ho-chi-minh/chao-goi-ga-vit-anh-em-quan-hoang-huu-nam,,,,,,https://shope.ee/9zy6n3ySLx,
https://shopeefood.vn/ho-chi-minh/van-thu-chao-goi-ga-vit,,,,,,https://shope.ee/AUuNNywYL4,
https://shopeefood.vn/ho-chi-minh/vit-co-chang-vit-chao-goi-92a-tran-thi-dieu,,,,,,https://shope.ee/AKaxBfxBg3,
https://shopeefood.vn/ho-chi-minh/chao-vit-lien-pham-the-hien,,,,,,https://shope.ee/9V1qC90MMu,
https://shopeefood.vn/ho-chi-minh/chao-vit-bo-bao,,,,,,https://shope.ee/9KiPzq0zht,
https://shopeefood.vn/ho-chi-minh/goi-vit-chao-long-ma-heo-hot-vit-lon,,,,,,https://shope.ee/9pegakz5h0,
https://shopeefood.vn/ho-chi-minh/chao-vit-be-san-golf-hau-giang,,,,,,https://shope.ee/9fLGORzj1z,
https://shopeefood.vn/ho-chi-minh/chao-vit-lien-697-ta-quang-buu,,,,,,https://shope.ee/8pm9Ov2tiq,
https://shopeefood.vn/ho-chi-minh/chao-goi-ga-vit-duc-linh-le-thi-hoa,,,,,,https://shope.ee/8fSjCc3X3p,
https://shopeefood.vn/ho-chi-minh/ga-ta-cat-tien-com-chao-goi-ga-vit,,,,,,https://shope.ee/9AOznX1d2w,
https://shopeefood.vn/ho-chi-minh/chao-goi-ga-vit-na-na,,,,,,https://shope.ee/905ZbE2GNv,
https://shopeefood.vn/ho-chi-minh/phuong-quang-nam-chao-goi-ga-vit-vo-van-van.2ztijz,,,,,,https://shope.ee/8AWSbh5R4m,
https://shopeefood.vn/ho-chi-minh/chao-goi-ga-vit-77-tam-ha,,,,,,https://shope.ee/80D2PO64Pl,
https://shopeefood.vn/ho-chi-minh/chao-goi-vit-dieu-trinh-5-phan-huy-ich,,,,,,https://shope.ee/8V9J0J4AOs,
https://shopeefood.vn/ho-chi-minh/chao-vit-nga-ba-dong-quang-quan-an-nguyen-anh-thu.9d70mt,,,,,,https://shope.ee/8Kpso04njr,
https://shopeefood.vn/ho-chi-minh/chao-goi-vit-669-xo-viet-nghe-tinh,,,,,,https://shope.ee/2LYfeyRdui,
https://shopeefood.vn/ho-chi-minh/chao-goi-ga-vit-quoc-lo-13,,,,,,https://shope.ee/2Vs5rHR0Zl,
https://shopeefood.vn/ho-chi-minh/quan-154-chao-goi-vit-ga-nuong-vit-nuong,,,,,,https://shope.ee/20vpGMSuag,
https://shopeefood.vn/ho-chi-minh/ut-sang-chao-goi-ga-vit-49-lo-lu,,,,,,https://shope.ee/2BFFSfSHFj,
https://shopeefood.vn/ho-chi-minh/anh-dao-vit-co-van-dinh-chao-long-heo-bun-long-heo-le-dinh-can,,,,,,https://shope.ee/1gIyrkUBGe,
https://shopeefood.vn/ho-chi-minh/chao-vit-thanh-da-goc-thu-nga-huynh-tan-phat,,,,,,https://shope.ee/1qcP43TXvh,
https://shopeefood.vn/ho-chi-minh/chao-vit-ngon-a-suu-khu-dan-cu-hanh-phuc,,,,,,https://shope.ee/1Lg8T8VRwc,
https://shopeefood.vn/ho-chi-minh/chao-goi-vit-thu-phuong-duong-3,,,,,,https://shope.ee/1VzYfRUobf,
https://shopeefood.vn/ho-chi-minh/chao-vit-thanh-khiet-goi-vit-chan-ga-nuong,,,,,,https://shope.ee/113I4WWica,
https://shopeefood.vn/ho-chi-minh/chao-vit-9a-tan-thoi-nhat-13,,,,,,https://shope.ee/1BMiGpW5Hd,
https://shopeefood.vn/ho-chi-minh/chao-ga-vit-37-huynh-thi-hai,,,,,,https://shope.ee/gQRfuXzIY,
https://shopeefood.vn/ho-chi-minh/chao-goi-ga-vit-xiem-minh-luan,,,,,,https://shope.ee/qjrsDXLxb,
https://shopeefood.vn/ho-chi-minh/chao-vit-co-lieu,,,,,,https://shope.ee/LnbHIZFyW,
https://shopeefood.vn/ho-chi-minh/quan-nhu-ngoc-chao-goi-ga-vit,,,,,,https://shope.ee/W71TbYcdZ,
https://shopeefood.vn/ho-chi-minh/chao-goi-ga-vit-anh-em-quan-122-le-van-thinh,,,,,,https://shope.ee/1AksgaWeU,
https://shopeefood.vn/ho-chi-minh/chao-vit-truong-giang-song-hanh,,,,,,https://shope.ee/BUB4zZtJX,
https://shopeefood.vn/ho-chi-minh/chao-vit-152-binh-long,,,,,,https://shope.ee/50ZQpsHUVU,
https://shopeefood.vn/ho-chi-minh/chao-vit-ut-xuyen-chao-vit-goi-vit,,,,,,https://shope.ee/5Asr2BGrAX,
https://shopeefood.vn/ho-chi-minh/chao-vit-thanh-da-goc-nha-la-ta-quang-buu,,,,,,https://shope.ee/4fwaRGIlBS,
https://shopeefood.vn/ho-chi-minh/chao-vit-banh-xeo-ba-nam-cho-tan-my-tan-my,,,,,,https://shope.ee/4qG0dZI7qV,
https://shopeefood.vn/ho-chi-minh/chao-vit-mien-tay-yen-mai,,,,,,https://shope.ee/4LJk2eK1rQ,
https://shopeefood.vn/ho-chi-minh/nguyen-thu-chao-goi-vit-ga-quoc-lo-1a,,,,,,https://shope.ee/4VdAExJOWT,
https://shopeefood.vn/ho-chi-minh/trang-chao-vit-goi-vit-nguyen-thi-thap,,,,,,https://shope.ee/40gte2LIXO,
https://shopeefood.vn/ho-chi-minh/chao-goi-vit-615,,,,,,https://shope.ee/4B0JqLKfCR,
https://shopeefood.vn/ho-chi-minh/chao-goi-ga-vit-thu-ha-le-nga,,,,,,https://shope.ee/3g43FQMZDM,
https://shopeefood.vn/ho-chi-minh/chao-vit-9a-goi-vit-chao-vit,,,,,,https://shope.ee/3qNTRjLvsP,
https://shopeefood.vn/ho-chi-minh/chao-vit-thanh-lan-nguyen-thi-minh-khai,,,,,,https://shope.ee/3LRCqoNptK,
https://shopeefood.vn/ho-chi-minh/thang-loi-2-chao-goi-vit-pho,,,,,,https://shope.ee/3Vkd37NCYN,
https://shopeefood.vn/ho-chi-minh/chao-vit-be-ba,,,,,,https://shope.ee/30oMSCP6ZI,
https://shopeefood.vn/ho-chi-minh/hu-tieu-chao-goi-ga-vit-thang-loi-3,,,,,,https://shope.ee/3B7meVOTEL,
https://shopeefood.vn/ho-chi-minh/chao-goi-vit-cap-cap-50-nguyen-thai-binh,,,,,,https://shope.ee/2gBW3aQNFG,
https://shopeefood.vn/ho-chi-minh/chao-vit-goi-vit-co-ba-181-le-thuc-hoach,,,,,,https://shope.ee/2qUwFtPjuJ,
https://shopeefood.vn/ho-chi-minh/anh-he-mi-quang-chao-goi-vit,,,,,,https://shope.ee/7faC0m7L6G,
https://shopeefood.vn/ho-chi-minh/the-duck-bun-mien-chao-goi-vit-67-binh-gia,,,,,,https://shope.ee/7ptcD56hlJ,
https://shopeefood.vn/ho-chi-minh/chao-trang-hot-vit-muoi-kho-nuong-cac-loai-phuong-thuy-quan,,,,,,https://shope.ee/7KxLcA8bmE,
https://shopeefood.vn/ho-chi-minh/cherry-quan-chao-goi-vit-ga,,,,,,https://shope.ee/7VGloT7yRH,
https://shopeefood.vn/ho-chi-minh/quan-to-chao-goi-vit-to-huynh-tan-phat,,,,,,https://shope.ee/70KVDY9sSC,
https://shopeefood.vn/ho-chi-minh/quan-chao-goi-vit-phuong-kieu-tra-sua-tra-trai-cay-dam-vi,,,,,,https://shope.ee/7AdvPr9F7F,
https://shopeefood.vn/ho-chi-minh/chao-goi-vit-nam-dinh-quan,,,,,,https://shope.ee/6fheowB98A,
https://shopeefood.vn/ha-noi/hoang-anh-chao-long-bun-dau-thanh-xuan,,,,,,https://shope.ee/6q151FAVnD,
https://shopeefood.vn/ha-noi/a-lau-chao-long,,,,,,https://shope.ee/6L4oQKCPo8,
https://shopeefood.vn/ha-noi/chao-long-cau-dau-chao-long-kim-giang,,,,,,https://shope.ee/6VOEcdBmTB,
https://shopeefood.vn/ha-noi/chao-long-thuy-khue,,,,,,https://shope.ee/60Ry1iDgU6,
https://shopeefood.vn/ha-noi/chao-long-445-nguyen-khang.ijl0gm,,,,,,https://shope.ee/6AlOE1D399,
https://shopeefood.vn/ha-noi/long-ngon-bach-khoa-long-tran-chao-long-le-thanh-nghi,,,,,,https://shope.ee/5fp7d6ExA4,
https://shopeefood.vn/ha-noi/chao-long-chien-thuy-ngoa-long,,,,,,https://shope.ee/5q8XpPEJp7,
https://shopeefood.vn/ha-noi/co-hanh-chao-long-tiet-canh,,,,,,https://shope.ee/5LCHEUGDq2,
https://shopeefood.vn/ha-noi/thang-veo-chao-long-ngon,,,,,,https://shope.ee/5VVhQnFaV5,
https://shopeefood.vn/ha-noi/quan-chao-long-tan-xuan.yywhir,,,,,,https://shope.ee/AKaxBfxBh2,
https://shopeefood.vn/ha-noi/ngoc-chao-long-ngon-va-bun-dau-met,,,,,,https://shope.ee/AUuNNywYM5,
https://shopeefood.vn/ha-noi/chao-long-thoan-ngoan-thanh-binh,,,,,,https://shope.ee/9zy6n3ySN0,
https://shopeefood.vn/ha-noi/chao-long-duyen-quan,,,,,,https://shope.ee/AAHWzMxp23,
https://shopeefood.vn/ha-noi/long-quan-bun-long-chao-long-tiet-canh-26-duong-trau-quy,,,,,,https://shope.ee/9fLGORzj2y,
https://shopeefood.vn/ha-noi/huong-chao-long-dai-mo-tu-lien,,,,,,https://shope.ee/9pegakz5i1,
https://shopeefood.vn/ha-noi/chao-long-huyen-trang-phan-huy-chu,,,,,,https://shope.ee/9KiPzq0ziw,
https://shopeefood.vn/ha-noi/chao-long-han-hoan-hoang-mai,,,,,,https://shope.ee/9V1qC90MNz,
https://shopeefood.vn/ha-noi/chao-long-ba-doi-chao-long-nguyen-van-cu.9mu9vq,,,,,,https://shope.ee/905ZbE2GOu,
https://shopeefood.vn/ha-noi/nhu-y-chao-long-doi-can,,,,,,https://shope.ee/9AOznX1d3x,
https://shopeefood.vn/ha-noi/chao-long-minh-anh-so-192,,,,,,https://shope.ee/8fSjCc3X4s,
https://shopeefood.vn/ha-noi/vua-chao-long-chao-long-ngon-long-tran-chao,,,,,,https://shope.ee/8pm9Ov2tjv,
https://shopeefood.vn/ha-noi/oanh-chao-long-since-1982-chao-long-vinh-ho.gwfidg,,,,,,https://shope.ee/8Kpso04nkq,
https://shopeefood.vn/ha-noi/chao-long-phuong-linh-phung-khoang,,,,,,https://shope.ee/8V9J0J4APt,
https://shopeefood.vn/ha-noi/ngoc-chao-long-ngon-bun-dau-met,,,,,,https://shope.ee/80D2PO64Qo,
https://shopeefood.vn/ha-noi/chao-long-56-chao-long-bun-long-tran-tang-thiet-giap,,,,,,https://shope.ee/8AWSbh5R5r,
https://shopeefood.vn/ha-noi/chao-long-co-yen-chao-long-bun-long-lau-long,,,,,,https://shope.ee/2Vs5rHR0am,
https://shopeefood.vn/ha-noi/chao-long-thuy-shop-online,,,,,,https://shope.ee/2LYfeyRdvl,
https://shopeefood.vn/ha-noi/quan-tia-to-bun-chao-long-com-cac-loai-nguyen-xien,,,,,,https://shope.ee/2BFFSfSHGk,
https://shopeefood.vn/ha-noi/bun-dau-chao-long-lau-ech-huy-ty,,,,,,https://shope.ee/20vpGMSubj,
https://shopeefood.vn/ha-noi/chao-long-thanh-chao-bun-mi-tan-trieu.5vstse,,,,,,https://shope.ee/1qcP43TXwi,
https://shopeefood.vn/ha-noi/huong-hai-chao-long-362-kim-giang,,,,,,https://shope.ee/1gIyrkUBHh,
https://shopeefood.vn/ha-noi/chao-long-ngon-vu-tong-phan,,,,,,https://shope.ee/1VzYfRUocg,
https://shopeefood.vn/ha-noi/chao-long-19,,,,,,https://shope.ee/1Lg8T8VRxf,
https://shopeefood.vn/ha-noi/chao-long-se-dieu-16,,,,,,https://shope.ee/1BMiGpW5Ie,
https://shopeefood.vn/ha-noi/phuong-ot-long-ngon-chuan-vi-chao-long-bun-long-ngoc-lam,,,,,,https://shope.ee/113I4WWidd,
https://shopeefood.vn/ha-noi/chao-long-1984-cac-mon-long-lau-chao,,,,,,https://shope.ee/qjrsDXLyc,
https://shopeefood.vn/ha-noi/chao-long-co-mau-chao-long-bun-long-33-ngo-29-khuong-ha.p4bfpu,,,,,,https://shope.ee/gQRfuXzJb,
https://shopeefood.vn/ha-noi/chao-long-co-thoa-622-minh-khai,,,,,,https://shope.ee/W71TbYcea,
https://shopeefood.vn/ha-noi/thang-veo-chao-long-ngon-nguyen-thi-dinh,,,,,,https://shope.ee/LnbHIZFzZ,
https://shopeefood.vn/ha-noi/chao-long-my-dinh,,,,,,https://shope.ee/BUB4zZtKY,
https://shopeefood.vn/ha-noi/long-ta-chao-long-co-so-2-an-khanh.qkuycn,,,,,,https://shope.ee/AKaxBfyd9j,
https://shopeefood.vn/ha-noi/chao-long-ngon-a5,,,,,,https://shope.ee/8AWSbh6sYK,
https://shopeefood.vn/ha-noi/chao-long-43-tan-xuan,,,,,,https://shope.ee/80D2PO7VtJ,
https://shopeefood.vn/ha-noi/chao-long-104-xa-dan.ahnspp,,,,,,https://shope.ee/8V9J0J5bsQ,
https://shopeefood.vn/ha-noi/quan-lam-nhem-chao-long,,,,,,https://shope.ee/8Kpso06FDP,
https://shopeefood.vn/ha-noi/long-lon-sieu-sach-khuong-dinh,,,,,,https://shope.ee/8pm9Ov4LCW,
https://shopeefood.vn/ha-noi/chao-long-doan-coi-chao-long-long-tran-khu-tai-dinh-cu-duong-noi,,,,,,https://shope.ee/8fSjCc4yXV,
https://shopeefood.vn/ha-noi/hop-ly-1-chao-long-long-nuong,,,,,,https://shope.ee/9AOznX34Wc,
https://shopeefood.vn/ha-noi/bep-nha-vy-long-chan-chao-long-dinh-cong,,,,,,https://shope.ee/905ZbE3hrb,
https://shopeefood.vn/ha-noi/met-long-long-chan-chao-long-38-do-duc-duc,,,,,,https://shope.ee/6q151FBxGC,
https://shopeefood.vn/ha-noi/chao-long-hung-anh-hoa-bang,,,,,,https://shope.ee/6fheowCabB,
https://shopeefood.vn/ha-noi/chao-long-long-tran-bun-dau-mam-tom-chao-long-18x,,,,,,https://shope.ee/7AdvPrAgaI,
https://shopeefood.vn/ha-noi/chao-long-phuong-linh-77-thanh-binh,,,,,,https://shope.ee/70KVDYBJvH,
https://shopeefood.vn/ha-noi/tuan-anh-chao-long-luong-the-vinh,,,,,,https://shope.ee/7VGloT9PuO,
https://shopeefood.vn/ha-noi/chao-long-bun-dau-thuy-beo-chao-bun-mieu-dam,,,,,,https://shope.ee/7KxLcAA3FN,
https://shopeefood.vn/ha-noi/long-ba-thoa-1990-long-lon-chao-long-au-co.vigcsf,,,,,,https://shope.ee/7ptcD589EU,
https://shopeefood.vn/ha-noi/chao-long-559-chao-long-kim-nguu.leyctu,,,,,,https://shope.ee/7faC0m8mZT,
https://shopeefood.vn/ha-noi/chao-long-duc-bo,,,,,,https://shope.ee/5VVhQnH1y4,
https://shopeefood.vn/ha-noi/co-thanh-chao-long-1996-chao-long.ukojhf,,,,,,https://shope.ee/5LCHEUHfJ3,
https://shopeefood.vn/ha-noi/chao-long-long-heo-dac-biet,,,,,,https://shope.ee/5q8XpPFlIA,
https://shopeefood.vn/ha-noi/long-quynh-long-ngon-chao-long-tran-dai-nghia,,,,,,https://shope.ee/5fp7d6GOd9,
https://shopeefood.vn/ha-noi/chao-long-1977-long-heo-tran-chao-kim-dong.s5np1g,,,,,,https://shope.ee/6AlOE1EUcG,
https://shopeefood.vn/ha-noi/chao-long-lau-chao-long-met-long-lolotica,,,,,,https://shope.ee/60Ry1iF7xF,
https://shopeefood.vn/ha-noi/long-ngon-co-hang-bun-chao-long-since-1995,,,,,,https://shope.ee/6VOEcdDDwM,
https://shopeefood.vn/ha-noi/yen-bun-chao-long,,,,,,https://shope.ee/6L4oQKDrHL,
https://shopeefood.vn/ha-noi/chao-long-288,,,,,,https://shope.ee/4B0JqLM6fw,
https://shopeefood.vn/ha-noi/chao-long-sinh-vien-chao-long-ngach-83-so-nha-4-ngo-goc-de.lxmx55,,,,,,https://shope.ee/40gte2Mk0v,
https://shopeefood.vn/ha-noi/chao-long-nhat-long-chao-long-dinh-thon.zwqc7c,,,,,,https://shope.ee/4VdAExKq02,
https://shopeefood.vn/ha-noi/huong-long-chao-long-bun-long-mi-long,,,,,,https://shope.ee/4LJk2eLTL1,
https://shopeefood.vn/ha-noi/mon-nhau-long-doi-ngan-chat-chao-long-bun-ngan-chao-long-bun-ngan-phao-dai-lang.ecmza1,,,,,,https://shope.ee/4qG0dZJZK8,
https://shopeefood.vn/ha-noi/hip-quan-lau-chao-long-tran-chao-duy-tan,,,,,,https://shope.ee/4fwaRGKCf7,
https://shopeefood.vn/ha-noi/chao-long-gia-truyen-chai-en-doi-can,,,,,,https://shope.ee/5Asr2BIIeE,
https://shopeefood.vn/ha-noi/long-bat-gioi,,,,,,https://shope.ee/50ZQpsIvzD,
https://shopeefood.vn/ha-noi/chao-long-quynh,,,,,,https://shope.ee/2qUwFtRBNo,
https://shopeefood.vn/ha-noi/chao-long-bun-ca-trung-van,,,,,,https://shope.ee/2gBW3aRoin,
https://shopeefood.vn/ha-noi/chao-long-tiet-canh-thanh-hanh-chao-long-tiet-canh-do-nhuan.krhki8,,,,,,https://shope.ee/3B7meVPuhu,
https://shopeefood.vn/ha-noi/chao-long-127-mai-hac-de,,,,,,https://shope.ee/30oMSCQY2t,
https://shopeefood.vn/ha-noi/thang-veo-chao-long-ngon-dich-vong,,,,,,https://shope.ee/3Vkd37Oe20,
https://shopeefood.vn/ha-noi/thang-veo-chao-long-ngon-tran-dai-nghia,,,,,,https://shope.ee/3LRCqoPHMz,
https://shopeefood.vn/ha-noi/bep-ba-cam-chao-long-ban-dao-linh-dam,,,,,,https://shope.ee/3qNTRjNNM6,
https://shopeefood.vn/ha-noi/bun-long-chao-long-truong-dinh,,,,,,https://shope.ee/3g43FQO0h5,
https://shopeefood.vn/ha-noi/chao-long-nhan-nga-chao-long-lang-ha.zqkiaf,,,,,,https://shope.ee/1VzYfRWG5g,
https://shopeefood.vn/ha-noi/chao-long-232-khuong-trung.m5gtgr,,,,,,https://shope.ee/1Lg8T8WtQf,
https://shopeefood.vn/ha-noi/thanh-ha-chao-long,,,,,,https://shope.ee/1qcP43UzPm,
https://shopeefood.vn/ha-noi/bep-ba-cam-chao-long-hoang-dao-thanh,,,,,,https://shope.ee/1gIyrkVckl,
https://shopeefood.vn/ha-noi/long-viet-quan-chao-long-bun-long-lau-chao-long,,,,,,https://shope.ee/2BFFSfTijs,
https://shopeefood.vn/ha-noi/long-18-chao-long-long-tran-chao-nam-cuong,,,,,,https://shope.ee/20vpGMUM4r,
https://shopeefood.vn/ha-noi/chao-long-bun-long-van-cao,,,,,,https://shope.ee/2Vs5rHSS3y,
https://shopeefood.vn/ha-noi/thang-veo-chao-long-ngon-chien-thang,,,,,,https://shope.ee/2LYfeyT5Ox,
https://shopeefood.vn/ha-noi/long-lon-thao-ly-lau-chao-long-chao-long-bun-long,,,,,,https://shope.ee/BUB4zbKnY,
https://shopeefood.vn/ha-noi/phuong-anh-chao-long,,,,,,https://shope.ee/1Aksgby8X,
https://shopeefood.vn/ha-noi/chao-long-nhu-y-long-lua,,,,,,https://shope.ee/W71Tba47e,
https://shopeefood.vn/ha-noi/phuong-chao-long,,,,,,https://shope.ee/LnbHIahSd,
https://shopeefood.vn/ha-noi/hoa-con-chao-long,,,,,,https://shope.ee/qjrsDYnRk,
https://shopeefood.vn/ha-noi/thang-veo-chao-long-ngon-trung-tu,,,,,,https://shope.ee/gQRfuZQmj,
https://shopeefood.vn/ha-noi/chao-long-quang-huong-chao-long-tiet-canh-hoang-dao-thanh.qwnds5,,,,,,https://shope.ee/1BMiGpXWlq,
https://shopeefood.vn/ha-noi/chao-long-bun-long-minh-anh,,,,,,https://shope.ee/113I4WYA6p,
https://shopeefood.vn/ha-noi/chao-long-17-ao-sen,,,,,,https://shope.ee/9KiPzq2RCS,
https://shopeefood.vn/ha-noi/chao-long-ha-lo-chao-long-lac-long-quan.itayf9,,,,,,https://shope.ee/9V1qC91nrV,
https://shopeefood.vn/da-nang/nga-chao-long-64-9-tran-dinh-tri,,,,,,https://shope.ee/9fLGOS1AWY,
https://shopeefood.vn/da-nang/chao-long-bun-long-co-ba,,,,,,https://shope.ee/9pegal0XBb,
https://shopeefood.vn/da-nang/pha-lau-bo-chao-long-bac-co-lan,,,,,,https://shope.ee/9zy6n3ztqe,
https://shopeefood.vn/da-nang/chao-long-gia-truyen,,,,,,https://shope.ee/AAHWzMzGVh,
https://shopeefood.vn/da-nang/chao-long-van,,,,,,https://shope.ee/AKaxBfydAk,
https://shopeefood.vn/da-nang/quan-linh-dan-chao-long-chao-xuong-banh-hoi,,,,,,https://shope.ee/AUuNNyxzpn,
https://shopeefood.vn/da-nang/chao-long-a-ben-chao-long-bun-long-hai-phong.veo5jz,,,,,,https://shope.ee/80D2PO7VuK,
https://shopeefood.vn/da-nang/quan-chuyen-long-banh-hoi-chao-long-chao-long-huynh-tan-phat,,,,,,https://shope.ee/8AWSbh6sZN,
https://shopeefood.vn/da-nang/thuong-chao-long-bun-xuong-ma-ham-pham-nhu-xuong,,,,,,https://shope.ee/8Kpso06FEQ,
https://shopeefood.vn/da-nang/chao-long-bac-bun-long-quan-ha-coi,,,,,,https://shope.ee/8V9J0J5btT,
https://shopeefood.vn/da-nang/quan-long-nhung-long-tha-lau-long-chao-long,,,,,,https://shope.ee/8fSjCc4yYW,
https://shopeefood.vn/da-nang/chao-long-thuy-linh-chao-long-07-luu-quang-thuan.c3ucwj,,,,,,https://shope.ee/8pm9Ov4LDZ,
https://shopeefood.vn/da-nang/chao-long-banh-hoi-long-bun-mam-long-nui-thanh,,,,,,https://shope.ee/905ZbE3hsc,
https://shopeefood.vn/da-nang/chao-long-chuan-vi-bac-chao-long-nguyen-luong-bang.wx6526,,,,,,https://shope.ee/9AOznX34Xf,
https://shopeefood.vn/da-nang/quan-phuong-chao-long-chao-bo-09-to-hieu,,,,,,https://shope.ee/6fheowCacC,
https://shopeefood.vn/da-nang/chao-long-be-duyen,,,,,,https://shope.ee/6q151FBxHF,
https://shopeefood.vn/da-nang/quan-chao-long-ha-noi-bun-nem-dau,,,,,,https://shope.ee/70KVDYBJwI,
https://shopeefood.vn/da-nang/chao-long-co-huong,,,,,,https://shope.ee/7AdvPrAgbL,
https://shopeefood.vn/da-nang/quan-chao-long-huong-que,,,,,,https://shope.ee/7KxLcAA3GO,
https://shopeefood.vn/da-nang/chao-long-ba-hop,,,,,,https://shope.ee/7VGloT9PvR,
https://shopeefood.vn/da-nang/chao-long-me-lao,,,,,,https://shope.ee/7faC0m8maU,
https://shopeefood.vn/da-nang/chao-binh-dan-chao-long-chao-gio-chao-xuong-12b-bac-son,,,,,,https://shope.ee/7ptcD589FX,
https://shopeefood.vn/da-nang/chao-long-banh-hoi-met-long-82-kon-tum,,,,,,https://shope.ee/5LCHEUHfK4,
https://shopeefood.vn/da-nang/quan-ba-thu-chao-long-banh-hoi,,,,,,https://shope.ee/5VVhQnH1z7,
https://shopeefood.vn/da-nang/chao-long-3ae,,,,,,https://shope.ee/5fp7d6GOeA,
https://shopeefood.vn/da-nang/chao-long-long-xao-nghe-ba-thuong,,,,,,https://shope.ee/5q8XpPFlJD,
https://shopeefood.vn/da-nang/chao-long-bun-long-hieu,,,,,,https://shope.ee/60Ry1iF7yG,
https://shopeefood.vn/da-nang/chao-long-co-chi,,,,,,https://shope.ee/6AlOE1EUdJ,
https://shopeefood.vn/da-nang/chao-long-bac,,,,,,https://shope.ee/6L4oQKDrIM,
https://shopeefood.vn/da-nang/chao-long-ba-su,,,,,,https://shope.ee/6VOEcdDDxP,
https://shopeefood.vn/da-nang/duong-ray-chao-long-tran-cao-van.pk8rit,,,,,,https://shope.ee/40gte2Mk1w,
https://shopeefood.vn/da-nang/quan-chao-long-ha-noi-bun-nem-dau-ngo-thi-si,,,,,,https://shope.ee/4B0JqLM6gz,
https://shopeefood.vn/da-nang/chao-long-co-phuc,,,,,,https://shope.ee/4LJk2eLTM2,
https://shopeefood.vn/da-nang/nam-tuong-chao-long-banh-hoi,,,,,,https://shope.ee/4VdAExKq15,
https://shopeefood.vn/da-nang/ba-cau-xoi-ga-chao-long,,,,,,https://shope.ee/4fwaRGKCg8,
https://shopeefood.vn/da-nang/banh-hoi-chao-long-thu,,,,,,https://shope.ee/4qG0dZJZLB,
https://shopeefood.vn/ho-chi-minh/chao-long-ma-heo-35a-ninh-binh-vuon-lai,,,,,,https://shope.ee/50ZQpsIw0E,
https://shopeefood.vn/ho-chi-minh/chao-long-mien-tay-137-ton-dan,,,,,,https://shope.ee/5Asr2BIIfH,
https://shopeefood.vn/ho-chi-minh/thanh-huong-chao-long-ha-noi-xom-chieu,,,,,,https://shope.ee/2gBW3aRojo,
https://shopeefood.vn/ho-chi-minh/long-chat-chuyen-nhau-chao-long-phan-van-han,,,,,,https://shope.ee/2qUwFtRBOr,
https://shopeefood.vn/ho-chi-minh/bun-long-chao-long-ma-heo-dinh-hanh-phu,,,,,,https://shope.ee/30oMSCQY3u,
https://shopeefood.vn/ho-chi-minh/chao-long-42-nguyen-thai-binh,,,,,,https://shope.ee/7KxLcAAKI9,
https://shopeefood.vn/ho-chi-minh/chao-long-mien-tay-ton-dan,,,,,,https://shope.ee/7ptcD58QHG,
https://shopeefood.vn/ho-chi-minh/chao-long-109-cao-dat,,,,,,https://shope.ee/7faC0m93cF,
https://shopeefood.vn/ho-chi-minh/chao-long-thanh-trang,,,,,,https://shope.ee/5VVhQnHJ0q,
https://shopeefood.vn/ho-chi-minh/chao-long-18a-nam-dinh-1268-huynh-tan-phat,,,,,,https://shope.ee/5LCHEUHwLp,
https://shopeefood.vn/ho-chi-minh/chao-long-mien-tay-258-ten-lua,,,,,,https://shope.ee/5q8XpPG2Kw,
https://shopeefood.vn/ho-chi-minh/chao-long-mien-tay-ten-lua,,,,,,https://shope.ee/5fp7d6Gffv,
https://shopeefood.vn/ho-chi-minh/chao-long-mien-tay-co-thi,,,,,,https://shope.ee/6AlOE1Elf2,
https://shopeefood.vn/ho-chi-minh/chao-long-ong-giao-chao-long-ma-heo-79-le-hoang-phai,,,,,,https://shope.ee/60Ry1iFP01,
https://shopeefood.vn/ho-chi-minh/chao-long-144,,,,,,https://shope.ee/6VOEcdDUz8,
https://shopeefood.vn/ho-chi-minh/chao-long-nam-dinh-18a-tan-son-nhi,,,,,,https://shope.ee/6L4oQKE8K7,
https://shopeefood.vn/ho-chi-minh/chao-long-tran-lap-nguyen-anh-thu,,,,,,https://shope.ee/9V1qC924tk,
https://shopeefood.vn/ho-chi-minh/chao-long-ma-heo-nam-dinh-cong-hoa,,,,,,https://shope.ee/9KiPzq2iEj,
https://shopeefood.vn/ho-chi-minh/nhau-dem-quan-chao-long-long-hap-long-nhung-canh,,,,,,https://shope.ee/9pegal0oDq,
https://shopeefood.vn/ho-chi-minh/chao-long-ba-be-pho-co-dieu,,,,,,https://shope.ee/9fLGOS1RYp,
https://shopeefood.vn/ho-chi-minh/chao-long-a-u,,,,,,https://shope.ee/AAHWzMzXXw,
https://shopeefood.vn/ho-chi-minh/chao-long-ha-noi-phan-huy-ich,,,,,,https://shope.ee/9zy6n40Asv,
https://shopeefood.vn/ho-chi-minh/chao-long-co-tam-chao-long-ma-heo-8-dong-xoai.vsgabo,,,,,,https://shope.ee/AUuNNyyGs2,
https://shopeefood.vn/ho-chi-minh/chao-long-33-nguyen-van-tang,,,,,,https://shope.ee/AKaxBfyuD1,
https://shopeefood.vn/ho-chi-minh/chao-long-ngoc-diep-le-van-quoi,,,,,,https://shope.ee/8AWSbh79bc,
https://shopeefood.vn/ho-chi-minh/chao-long-ma-heo-tuan-che-hiep-binh,,,,,,https://shope.ee/80D2PO7mwb,
https://shopeefood.vn/ho-chi-minh/chao-long-2-anh-em-nguyen-kiem,,,,,,https://shope.ee/8V9J0J5svi,
https://shopeefood.vn/ho-chi-minh/chao-long-nam-dinh-18a-dinh-phong-phu,,,,,,https://shope.ee/8Kpso06WGh,
https://shopeefood.vn/ho-chi-minh/chao-long-co-hai-chao-lien-ap-234.gpylmx,,,,,,https://shope.ee/8pm9Ov4cFo,
https://shopeefood.vn/ho-chi-minh/chao-long-ma-heo-vinh-tan-phu-chao-long-tran-tan.qn9w8r,,,,,,https://shope.ee/8fSjCc5Fan,
https://shopeefood.vn/ho-chi-minh/bao-duy-chao-long-chan-ga-dien-bien-phu.j8swpt,,,,,,https://shope.ee/9AOznX3LZu,
https://shopeefood.vn/ho-chi-minh/tam-chao-long,,,,,,https://shope.ee/905ZbE3yut,
https://shopeefood.vn/ho-chi-minh/chao-long-chi-thanh-co-giang,,,,,,https://shope.ee/1VzYfRWX8S,
https://shopeefood.vn/ho-chi-minh/chao-long-huong-bac-xua-nguyen-duy-trinh,,,,,,https://shope.ee/1Lg8T8XATR,
https://shopeefood.vn/ho-chi-minh/chao-long-goi-long-duy-bao,,,,,,https://shope.ee/1qcP43VGSY,
https://shopeefood.vn/ho-chi-minh/chao-long-dung-coi,,,,,,https://shope.ee/1gIyrkVtnX,
https://shopeefood.vn/ho-chi-minh/chao-long-tuyet-u-chao-chien-luoc.bijfu0,,,,,,https://shope.ee/2BFFSfTzme,
https://shopeefood.vn/ho-chi-minh/chao-long-mien-tay-pham-the-hien,,,,,,https://shope.ee/20vpGMUd7d,
https://shopeefood.vn/ho-chi-minh/chao-long-568-le-van-luong,,,,,,https://shope.ee/2Vs5rHSj6k,
https://shopeefood.vn/ho-chi-minh/chao-long-chi-beo-chao-long-nguyen-hien-le,,,,,,https://shope.ee/2LYfeyTMRj,
https://shopeefood.vn/ho-chi-minh/chao-long-ngoc-muoi-vo-oanh,,,,,,https://shope.ee/BUB4zbbqK,
https://shopeefood.vn/ho-chi-minh/chao-long-tan-hiep,,,,,,https://shope.ee/1AksgcFBJ,
https://shopeefood.vn/ho-chi-minh/chao-long-ma-heo-tiet-canh-84-tay-hoa,,,,,,https://shope.ee/W71TbaLAQ,
https://shopeefood.vn/ho-chi-minh/quan-tung-chao-long-tiet-canh,,,,,,https://shope.ee/LnbHIayVP,
https://shopeefood.vn/ho-chi-minh/chao-long-quoc-map-lac-long-quan,,,,,,https://shope.ee/qjrsDZ4UW,
https://shopeefood.vn/ho-chi-minh/chao-long-18a-nam-dinh-chao-long-ma-heo-18c-duong-so-12,,,,,,https://shope.ee/gQRfuZhpV,
https://shopeefood.vn/ho-chi-minh/chao-long-ba-hai-long-hap-huong-vi-bac-tan-chanh-hiep-36,,,,,,https://shope.ee/1BMiGpXnoc,
https://shopeefood.vn/ho-chi-minh/chao-long-ma-heo-co-thuy-nguyen-gia-tri,,,,,,https://shope.ee/113I4WYR9b,
https://shopeefood.vn/ho-chi-minh/chao-long-a-ty-le-van-khuong,,,,,,https://shope.ee/4B0JqLMNjE,
https://shopeefood.vn/ho-chi-minh/chao-long-chuan-mien-tay-chao-long-84-32-ten-lua,,,,,,https://shope.ee/40gte2N14D,
https://shopeefood.vn/ho-chi-minh/co-nam-chao-long-vuon-lai,,,,,,https://shope.ee/4VdAExL73K,
https://shopeefood.vn/ho-chi-minh/chao-long-386-chao-long-nguyen-van-luong.neab0p,,,,,,https://shope.ee/4LJk2eLkOJ,
https://shopeefood.vn/ho-chi-minh/chao-long-co-huong-chao-long-803-2-huynh-tan-phat,,,,,,https://shope.ee/4qG0dZJqNQ,
https://shopeefood.vn/ho-chi-minh/chao-long-banh-hoi-chao-long-le-duc-tho.chmpio,,,,,,https://shope.ee/4fwaRGKTiP,
https://shopeefood.vn/ho-chi-minh/chao-long-gao-rang,,,,,,https://shope.ee/5Asr2BIZhW,
https://shopeefood.vn/ho-chi-minh/quan-banh-hoi-chao-long-binh-dinh,,,,,,https://shope.ee/50ZQpsJD2V,
https://shopeefood.vn/ho-chi-minh/chao-long-bui-dinh-tuy,,,,,,https://shope.ee/2qUwFtRSR6,
https://shopeefood.vn/ho-chi-minh/chao-long-minh-map,,,,,,https://shope.ee/2gBW3aS5m5,
https://shopeefood.vn/ho-chi-minh/chao-long-18-nam-dinh,,,,,,https://shope.ee/3B7meVQBlC,
https://shopeefood.vn/ho-chi-minh/chao-long-gia-truyen-ha-noi,,,,,,https://shope.ee/30oMSCQp6B,
https://shopeefood.vn/ho-chi-minh/tiem-chao-long-ut-hang-chao-long-22-duong-so-29.eblyg1,,,,,,https://shope.ee/3Vkd37Ov5I,
https://shopeefood.vn/ho-chi-minh/quan-chao-long-vo-thi-sau,,,,,,https://shope.ee/3LRCqoPYQH,
https://shopeefood.vn/ho-chi-minh/chao-long-ma-heo-sinh-vien-hoang-dieu-2,,,,,,https://shope.ee/3qNTRjNePO,
https://shopeefood.vn/ho-chi-minh/chao-long-43-chao-duong-so-17.u9jriz,,,,,,https://shope.ee/3g43FQOHkN,
https://shopeefood.vn/ho-chi-minh/co-phuong-chao-long-sai-gon-huynh-man-dat,,,,,,https://shope.ee/6fheowCrey,
https://shopeefood.vn/ho-chi-minh/chao-long-co-ut,,,,,,https://shope.ee/6q151FCEK1,
https://shopeefood.vn/ho-chi-minh/chao-long-bac-coi-do-thi-loi,,,,,,https://shope.ee/70KVDYBaz4,
https://shopeefood.vn/ho-chi-minh/linh-chao-long-chao-long-240c-ba-hom,,,,,,https://shope.ee/7AdvPrAxe7,
https://shopeefood.vn/ho-chi-minh/chao-long-mien-tay-duong-so-10,,,,,,https://shope.ee/7KxLcAAKJA,
https://shopeefood.vn/ho-chi-minh/chao-long-nam-dinh-18a-chao-long-le-van-tho,,,,,,https://shope.ee/7VGloT9gyD,
https://shopeefood.vn/ho-chi-minh/chao-long-ba-nam-phan-van-han,,,,,,https://shope.ee/7faC0m93dG,
https://shopeefood.vn/ho-chi-minh/chao-long-gia-truyen-ha-noi-tan-son-nhi,,,,,,https://shope.ee/7ptcD58QIJ,
https://shopeefood.vn/ho-chi-minh/chao-long-320-chao-long-full-long-truong-chinh,,,,,,https://shope.ee/5LCHEUHwMq,
https://shopeefood.vn/ho-chi-minh/hong-nhung-chao-long,,,,,,https://shope.ee/5VVhQnHJ1t,
https://shopeefood.vn/ho-chi-minh/quan-thu-hang-chao-long-bun-long,,,,,,https://shope.ee/5fp7d6Gfgw,
https://shopeefood.vn/ho-chi-minh/chao-long-sach-duong-so-8,,,,,,https://shope.ee/5q8XpPG2Lz,
https://shopeefood.vn/ho-chi-minh/chao-long-hong-dao-chao-long-nguyen-hong-dao,,,,,,https://shope.ee/60Ry1iFP12,
https://shopeefood.vn/ho-chi-minh/chao-long-tan-viet,,,,,,https://shope.ee/6AlOE1Elg5,
https://shopeefood.vn/ho-chi-minh/chao-long-18a-nam-dinh-duong-so-10,,,,,,https://shope.ee/6L4oQKE8L8,
https://shopeefood.vn/ho-chi-minh/chao-long-255-cho-lon,,,,,,https://shope.ee/6VOEcdDV0B,
https://shopeefood.vn/ho-chi-minh/chao-long-banh-hoi-long-heo-nguyen-quang-bich,,,,,,https://shope.ee/9KiPzq2iFk,
https://shopeefood.vn/ho-chi-minh/chao-long-heo-toc,,,,,,https://shope.ee/9V1qC924un,
https://shopeefood.vn/ho-chi-minh/co-nam-chao-long-duong-79,,,,,,https://shope.ee/9fLGOS1RZq,
https://shopeefood.vn/ho-chi-minh/chao-long-chi-ha-chao-long-quoc-lo-13-cu.exkkev,,,,,,https://shope.ee/9pegal0oEt,
https://shopeefood.vn/ho-chi-minh/ngoc-chao-long-ten-lua,,,,,,https://shope.ee/9zy6n40Atw,
https://shopeefood.vn/ho-chi-minh/chao-long-chi-thanh-ly-thuong-kiet,,,,,,https://shope.ee/AAHWzMzXYz,
https://shopeefood.vn/ho-chi-minh/co-nga-374-chao-long,,,,,,https://shope.ee/AKaxBfyuE2,
https://shopeefood.vn/ho-chi-minh/chao-long-hung-lan-chao-long-hoang-xuan-nhi.vf75p1,,,,,,https://shope.ee/AUuNNyyGt5,
https://shopeefood.vn/ho-chi-minh/chao-long-co-ngoc-thanh-xuan-25,,,,,,https://shope.ee/80D2PO7mxc,
https://shopeefood.vn/ho-chi-minh/chao-long-nam-dinh-chao-long-ma-heo-an-duong-vuong,,,,,,https://shope.ee/8AWSbh79cf,
https://shopeefood.vn/ho-chi-minh/chao-long-736-nguyen-kiem,,,,,,https://shope.ee/8Kpso06WHi,
https://shopeefood.vn/ho-chi-minh/trang-banh-canh-hu-tieu-tay-ninh,,,,,,https://shope.ee/8V9J0J5swl,
https://shopeefood.vn/ho-chi-minh/chao-long-hai-lua,,,,,,https://shope.ee/8fSjCc5Fbo,
https://shopeefood.vn/ho-chi-minh/chao-long-25k-44-trinh-dinh-trong,,,,,,https://shope.ee/8pm9Ov4cGr,
https://shopeefood.vn/ho-chi-minh/chao-long-18a-nam-dinh-chao-long-339-pham-van-chi.c9nauu,,,,,,https://shope.ee/905ZbE3yvu,
https://shopeefood.vn/ho-chi-minh/chao-long-bo-vien-mui-truong-thi-hoa,,,,,,https://shope.ee/9AOznX3Lax,
https://shopeefood.vn/ha-noi/banh-mi-heo-quay-mi-tron-nuoc-ep-182-truong-dinh,,,,,,https://shope.ee/1Lg8T8XAUS,
https://shopeefood.vn/ha-noi/banh-hoi-heo-quay-aji-kim-ma-thuong,,,,,,https://shope.ee/1VzYfRWX9V,
https://shopeefood.vn/ha-noi/bep-bin-banh-trang-cuon-thit-heo-quay-doan-ke-thien,,,,,,https://shope.ee/1gIyrkVtoY,
https://shopeefood.vn/ha-noi/banh-hoi-long-heo-73-ho-dac-di,,,,,,https://shope.ee/1qcP43VGTb,
https://shopeefood.vn/ha-noi/rim-banh-mi-heo-quay-da-tuong,,,,,,https://shope.ee/20vpGMUd8e,
https://shopeefood.vn/ha-noi/banh-mi-heo-quay-cuong-linh-ta-quang-buu,,,,,,https://shope.ee/2BFFSfTznh,
https://shopeefood.vn/ha-noi/banh-mi-heo-quay-sai-gon,,,,,,https://shope.ee/2LYfeyTMSk,
https://shopeefood.vn/ha-noi/yen-chi-banh-mi-heo-quay-phan-chu-trinh,,,,,,https://shope.ee/2Vs5rHSj7n,
https://shopeefood.vn/ha-noi/banh-mi-heo-quay-hung-phat-phuc-dien.rlhpij,,,,,,https://shope.ee/1AksgcFCK,
https://shopeefood.vn/ha-noi/lycuti-banh-mi-heo-quay,,,,,,https://shope.ee/AUuNNywl7G,
https://shopeefood.vn/ha-noi/banh-mi-heo-quay-da-nang-anh-beo-259-nguyen-truc,,,,,,https://shope.ee/AKaxBfxOSF,
https://shopeefood.vn/ha-noi/heo-quay-a-cuong-chuyen-banh-mi-heo-quay,,,,,,https://shope.ee/5VVhQnFnGK,
https://shopeefood.vn/ha-noi/lycuti-banh-mi-heo-quay-142-luong-the-vinh,,,,,,https://shope.ee/5LCHEUGQbJ,
https://shopeefood.vn/ha-noi/banh-mi-heo-quay-to-hieu,,,,,,https://shope.ee/5q8XpPEWaQ,
https://shopeefood.vn/ha-noi/banh-mi-heo-quay-da-nang-anh-beo-116-be-van-dan,,,,,,https://shope.ee/5fp7d6F9vP,
https://shopeefood.vn/ha-noi/banh-mi-heo-quay-cuong-linh-hang-dau,,,,,,https://shope.ee/6AlOE1DFuW,
https://shopeefood.vn/ha-noi/long-cuong-ky-vit-quay-banh-mi-heo-quay-banh-mi-xa-xiu-thuy-khue,,,,,,https://shope.ee/60Ry1iDtFV,
https://shopeefood.vn/ha-noi/lycuti-banh-mi-heo-quay-dang-van-ngu,,,,,,https://shope.ee/6VOEcdBzEc,
https://shopeefood.vn/ha-noi/banh-mi-chu-chill-banh-mi-sai-gon-banh-mi-heo-quay-108b4-thanh-cong,,,,,,https://shope.ee/6L4oQKCcZb,
https://shopeefood.vn/ha-noi/banh-mi-chu-chill-banh-mi-sai-gon-banh-mi-heo-quay-28-vuong-thua-vu,,,,,,https://shope.ee/6q151FAiYi,
https://shopeefood.vn/ha-noi/banh-mi-heo-quay-donerkebap,,,,,,https://shope.ee/6fheowBLth,
https://shopeefood.vn/ha-noi/lycuti-banh-mi-heo-quay-tho-lao,,,,,,https://shope.ee/7AdvPr9Rso,
https://shopeefood.vn/ha-noi/banh-mi-heo-quay-xa-xiu,,,,,,https://shope.ee/70KVDYA5Dn,
https://shopeefood.vn/ha-noi/banh-mi-chu-chill-banh-mi-sai-gon-banh-mi-heo-quay-28-o-cho-dua,,,,,,https://shope.ee/7VGloT8BCu,
https://shopeefood.vn/ha-noi/banh-mi-chu-chill-banh-mi-sai-gon-banh-mi-heo-quay-54-lac-long-quan,,,,,,https://shope.ee/7KxLcA8oXt,
https://shopeefood.vn/ha-noi/banh-mi-peppa-vua-banh-mi-heo-quay-166-vu-pham-ham,,,,,,https://shope.ee/7ptcD56uX0,
https://shopeefood.vn/da-nang/banh-my-heo-quay-op-la-cha-lua-ha-noi,,,,,,https://shope.ee/7faC0m7Xrz,
https://shopeefood.vn/da-nang/banh-mi-banh-hoi-heo-quay-mr-hung,,,,,,https://shope.ee/2qUwFtPwg4,
https://shopeefood.vn/da-nang/heo-quay-a-fu-banh-mi-banh-hoi-ba-chi-gion-da,,,,,,https://shope.ee/2gBW3aQa13,
https://shopeefood.vn/da-nang/tu-hai-quan-banh-mi-heo-nuong-lu-banh-cuon-banh-hoi-tay-son,,,,,,https://shope.ee/3B7meVOg0A,
https://shopeefood.vn/da-nang/banh-mi-heo-quay-heo-quay-lu-tran-gia,,,,,,https://shope.ee/30oMSCPJL9,
https://shopeefood.vn/da-nang/banh-mi-heo-quay-a-loi,,,,,,https://shope.ee/3Vkd37NPKG,
https://shopeefood.vn/da-nang/banh-mi-heo-quay-co-tuyet,,,,,,https://shope.ee/3LRCqoO2fF,
https://shopeefood.vn/da-nang/banh-mi-heo-quay-lan,,,,,,https://shope.ee/3qNTRjM8eM,
https://shopeefood.vn/da-nang/banh-mi-heo-quay-lu-cafe-hh,,,,,,https://shope.ee/3g43FQMlzL,
https://shopeefood.vn/da-nang/banh-beo-banh-mi-heo-quay-quan-61,,,,,,https://shope.ee/4B0JqLKryS,
https://shopeefood.vn/da-nang/heo-quay-ba-chi-gion-gia-banh-minh-heo-quay-tran-ngoc-suong,,,,,,https://shope.ee/40gte2LVJR,
https://shopeefood.vn/da-nang/banh-mi-heo-quay-a-hau,,,,,,https://shope.ee/4VdAExJbIY,
https://shopeefood.vn/da-nang/banh-mi-heo-quay-be-nho,,,,,,https://shope.ee/4LJk2eKEdX,
https://shopeefood.vn/da-nang/banh-mi-heo-quay-nga-2,,,,,,https://shope.ee/4qG0dZIKce,
https://shopeefood.vn/da-nang/banh-my-heo-quay-be-tam,,,,,,https://shope.ee/4fwaRGIxxd,
https://shopeefood.vn/da-nang/banh-mi-heo-quay-da-dang-dung,,,,,,https://shope.ee/5Asr2BH3wk,
https://shopeefood.vn/da-nang/banh-mi-heo-quay-dau-hu-ban-hien,,,,,,https://shope.ee/50ZQpsHhHj,
https://shopeefood.vn/da-nang/banh-mi-heo-quay-an-hai-15,,,,,,https://shope.ee/BUB4za65o,
https://shopeefood.vn/da-nang/banh-mi-heo-quay-my-hanh,,,,,,https://shope.ee/1AksgajQn,
https://shopeefood.vn/da-nang/banh-my-heo-quay-ba-thach-nguyen-du,,,,,,https://shope.ee/W71TbYpPu,
https://shopeefood.vn/da-nang/banh-my-heo-quay-co-sau,,,,,,https://shope.ee/LnbHIZSkt,
https://shopeefood.vn/da-nang/banh-mi-heo-quay-banh-mi-que-thuong,,,,,,https://shope.ee/qjrsDXYk0,
https://shopeefood.vn/da-nang/khoa-deli-banh-mi-heo-quay-101-tran-quoc-vuong,,,,,,https://shope.ee/gQRfuYC4z,
https://shopeefood.vn/da-nang/phuong-banh-mi-heo-quay-106-nguyen-thi-minh-khai,,,,,,https://shope.ee/1BMiGpWI46,
https://shopeefood.vn/da-nang/banh-mi-heo-quay-le-dinh-ly,,,,,,https://shope.ee/113I4WWvP5,
https://shopeefood.vn/da-nang/banh-my-heo-quay-an-vat-ba-thach-phan-boi-chau,,,,,,https://shope.ee/1VzYfRV1OC,
https://shopeefood.vn/da-nang/coffee-alpha-banh-mi-heo-quay,,,,,,https://shope.ee/1Lg8T8VejB,
https://shopeefood.vn/da-nang/banh-my-heo-quay-an-vat-ba-thach-le-dinh-ly,,,,,,https://shope.ee/1qcP43TkiI,
https://shopeefood.vn/da-nang/banh-mi-heo-quay-hong-mon,,,,,,https://shope.ee/1gIyrkUO3H,
https://shopeefood.vn/da-nang/bep-co-ba-banh-mi-heo-quay-bun-mam-heo-quay-nguyen-huu-tho.sfrtps,,,,,,https://shope.ee/2BFFSfSU2O,
https://shopeefood.vn/da-nang/banh-mi-o-heo-quay-thit-xiu-da-nang-van-can,,,,,,https://shope.ee/20vpGMT7NN,
https://shopeefood.vn/da-nang/banh-mi-heo-quay-heo-sua-quay-phat-loc-le-do,,,,,,https://shope.ee/2Vs5rHRDMU,
https://shopeefood.vn/ho-chi-minh/dai-duong-banh-mi-heo-quay-banh-hoi-heo-quay-xoi-man,,,,,,https://shope.ee/2LYfeyRqhT,
https://shopeefood.vn/ho-chi-minh/banh-mi-anh-viet-heo-quay-da-gion,,,,,,https://shope.ee/8Kpso050We,
https://shopeefood.vn/ho-chi-minh/lo-banh-mi-heo-quay-cuong-phat,,,,,,https://shope.ee/8V9J0J4NBh,
https://shopeefood.vn/ho-chi-minh/lo-banh-mi-bao-chau-heo-quay-xoi-man-hoang-dieu-2,,,,,,https://shope.ee/80D2PO6HCc,
https://shopeefood.vn/ho-chi-minh/lo-banh-mi-heo-quay-cuong-phat-tang-nhon-phu,,,,,,https://shope.ee/8AWSbh5drf,
https://shopeefood.vn/ho-chi-minh/banh-mi-heo-quay-sai-gon-hoang-sa,,,,,,https://shope.ee/905ZbE2TAq,
https://shopeefood.vn/ho-chi-minh/xich-ky-banh-mi-banh-hoi-heo-quay-bui-huu-nghia,,,,,,https://shope.ee/9AOznX1ppt,
https://shopeefood.vn/ho-chi-minh/xich-ky-banh-mi-banh-hoi-heo-quay-binh-quoi,,,,,,https://shope.ee/8fSjCc3jqo,
https://shopeefood.vn/ho-chi-minh/xich-ky-banh-mi-banh-hoi-heo-quay-bui-dinh-tuy,,,,,,https://shope.ee/8pm9Ov36Vr,
https://shopeefood.vn/ho-chi-minh/banh-hoi-heo-quay-banh-mi-heo-quay-rita,,,,,,https://shope.ee/9fLGORzvp2,
https://shopeefood.vn/ho-chi-minh/xich-ky-banh-mi-banh-hoi-heo-quay-luong-dinh-cua,,,,,,https://shope.ee/9pegakzIU5,
https://shopeefood.vn/ho-chi-minh/xich-ky-banh-mi-banh-hoi-heo-quay-nguyen-thi-dinh,,,,,,https://shope.ee/9KiPzq1CV0,
https://shopeefood.vn/ho-chi-minh/co-ba-t-banh-hoi-heo-quay-nguyen-thien-thuat,,,,,,https://shope.ee/9V1qC90ZA3,
https://shopeefood.vn/ho-chi-minh/banh-hoi-heo-quay-hong-nga.xbvwww,,,,,,https://shope.ee/AKaxBfxOTE,
https://shopeefood.vn/ho-chi-minh/xich-ky-banh-mi-banh-hoi-heo-quay-nguyen-van-cong,,,,,,https://shope.ee/AUuNNywl8H,
https://shopeefood.vn/ho-chi-minh/banh-mi-heo-quay-vanggion-banh-hoi-heo-quay-heo-quay-ky-255-pham-van-chieu.bpw20e,,,,,,https://shope.ee/9zy6n3yf9C,
https://shopeefood.vn/ho-chi-minh/xich-ky-banh-mi-banh-hoi-heo-quay-109-nguyen-huu-canh,,,,,,https://shope.ee/AAHWzMy1oF,
https://shopeefood.vn/ho-chi-minh/banh-cuon-bun-kho-binh-dinh-banh-hoi-heo-quay-146-nguyen-van-thu,,,,,,https://shope.ee/5fp7d6F9wO,
https://shopeefood.vn/ho-chi-minh/xich-ky-uvk-banh-mi-banh-hoi-heo-quay,,,,,,https://shope.ee/5q8XpPEWbR,
https://shopeefood.vn/ho-chi-minh/banh-hoi-heo-quay-bun-thit-xao-yen-nghi,,,,,,https://shope.ee/5LCHEUGQcM,
https://shopeefood.vn/ho-chi-minh/vit-quay-tien-map-vit-quay-heo-quay-banh-hoi-heo-quay,,,,,,https://shope.ee/5VVhQnFnHP,
https://shopeefood.vn/ho-chi-minh/xich-ky-banh-mi-banh-hoi-heo-quay-duong-so-2,,,,,,https://shope.ee/6L4oQKCcaa,
https://shopeefood.vn/ho-chi-minh/bun-banh-hoi-heo-quay-dung-ky-cho-go-vap,,,,,,https://shope.ee/6VOEcdBzFd,
https://shopeefood.vn/ho-chi-minh/xich-ky-nth-banh-mi-banh-hoi-heo-quay-nguyen-thuong-hien.dmbhha,,,,,,https://shope.ee/60Ry1iDtGY,
https://shopeefood.vn/ho-chi-minh/lo-vit-quay-thuy-heo-quay-banh-mi-heo-quay,,,,,,https://shope.ee/6AlOE1DFvb,
https://shopeefood.vn/ho-chi-minh/xich-ky-banh-mi-banh-hoi-heo-quay-le-van-luong,,,,,,https://shope.ee/70KVDYA5Em,
https://shopeefood.vn/ho-chi-minh/banh-hoi-heo-quay-banh-mi-heo-quay-rong-nho,,,,,,https://shope.ee/7AdvPr9Rtp,
https://shopeefood.vn/ho-chi-minh/kim-nga-food-bun-thit-xao-banh-uot-banh-hoi-heo-quay,,,,,,https://shope.ee/6fheowBLuk,
https://shopeefood.vn/ho-chi-minh/xich-ky-banh-mi-banh-hoi-heo-quay-le-van-sy,,,,,,https://shope.ee/6q151FAiZn,
https://shopeefood.vn/ho-chi-minh/gia-han-quan-banh-hoi-banh-mi-heo-quay-an-vat,,,,,,https://shope.ee/7faC0m7Xsy,
https://shopeefood.vn/ho-chi-minh/banh-hoi-heo-quay-banh-mi-tan-huong,,,,,,https://shope.ee/7ptcD56uY1,
https://shopeefood.vn/ho-chi-minh/banh-mi-xoi-man-banh-hoi-heo-quay-614-ba-hat,,,,,,https://shope.ee/7KxLcA8oYw,
https://shopeefood.vn/ho-chi-minh/banh-mi-banh-hoi-heo-quay-hai-anh-em-tan-ky-tan-quy.eslscw,,,,,,https://shope.ee/7VGloT8BDz,
https://shopeefood.vn/ho-chi-minh/ut-gao-banh-mi-heo-quay,,,,,,https://shope.ee/30oMSCPJM8,
https://shopeefood.vn/ho-chi-minh/bun-thit-nuong-banh-hoi-heo-quay-huynh-tan-phat,,,,,,https://shope.ee/3B7meVOg1B,
https://shopeefood.vn/ho-chi-minh/quan-588-banh-mi-banh-hoi-heo-quay,,,,,,https://shope.ee/2gBW3aQa26,
https://shopeefood.vn/ho-chi-minh/xich-ky-banh-mi-banh-hoi-heo-quay-223-thich-quang-duc,,,,,,https://shope.ee/2qUwFtPwh9,
https://shopeefood.vn/ho-chi-minh/xich-ky-thanh-da-banh-mi-banh-hoi-heo-quay,,,,,,https://shope.ee/3g43FQMm0K,
https://shopeefood.vn/ho-chi-minh/ha-phuc-banh-mi-banh-hoi-heo-quay-chung-cu-cbd-dong-van-cong,,,,,,https://shope.ee/3qNTRjM8fN,
https://shopeefood.vn/ho-chi-minh/banh-mi-banh-hoi-heo-quay-a-tai,,,,,,https://shope.ee/3LRCqoO2gI,
https://shopeefood.vn/ho-chi-minh/banh-mi-36-banh-mi-banh-hoi-heo-quay,,,,,,https://shope.ee/3Vkd37NPLL,
https://shopeefood.vn/ho-chi-minh/banh-mi-banh-hoi-heo-quay-dinh-ky-cn2-nguyen-xi,,,,,,https://shope.ee/4LJk2eKEeW,
https://shopeefood.vn/ho-chi-minh/xich-ky-ntt-banh-mi-banh-hoi-heo-quay-nguyen-trong-tuyen.gd42wv,,,,,,https://shope.ee/4VdAExJbJZ,
https://shopeefood.vn/ho-chi-minh/banh-mi-heo-quay-co-tu-no-trang-long,,,,,,https://shope.ee/40gte2LVKU,
https://shopeefood.vn/ho-chi-minh/banh-hoi-heo-quay-banh-mi-bao-anh,,,,,,https://shope.ee/4B0JqLKrzX,
https://shopeefood.vn/ho-chi-minh/xich-ky-dtp-banh-mi-banh-hoi-heo-quay-do-tan-phong.qiyysn,,,,,,https://shope.ee/50ZQpsHhIi,
https://shopeefood.vn/ho-chi-minh/hai-anh-em-banh-mi-banh-hoi-heo-quay-cach-mang-thang-8,,,,,,https://shope.ee/5Asr2BH3xl,
https://shopeefood.vn/ho-chi-minh/banh-mi-banh-hoi-heo-quay-cau-ut-truong-sa,,,,,,https://shope.ee/4fwaRGIxyg,
https://shopeefood.vn/ho-chi-minh/gia-phat-banh-hoi-heo-quay-banh-mi,,,,,,https://shope.ee/4qG0dZIKdj,
https://shopeefood.vn/ho-chi-minh/tieu-triet-quan-banh-hoi-heo-quay-mi-y-an-vat-truong-truoc-phan,,,,,,https://shope.ee/LnbHIZSls,
https://shopeefood.vn/ho-chi-minh/ha-phuc-banh-mi-banh-hoi-heo-quay-cc-homyland-3,,,,,,https://shope.ee/W71TbYpQv,
https://shopeefood.vn/ho-chi-minh/bun-nuoc-tuong-banh-hoi-heo-quay-87-do-an-dinh-tien-hoang.2txzuq,,,,,,https://shope.ee/7AdvPr9viA,
https://shopeefood.vn/ho-chi-minh/banh-mi-heo-quay-quan-9,,,,,,https://shope.ee/70KVDYAZ39,
https://shopeefood.vn/ho-chi-minh/muoi-phuoc-banh-mi-heo-quay-banh-hoi-heo-quay-123-hoang-dieu-2,,,,,,https://shope.ee/3LRCqoOWUS,
https://shopeefood.vn/ho-chi-minh/phuc-hai-banh-mi-heo-quay,,,,,,https://shope.ee/3Vkd37Nt9V,
https://shopeefood.vn/ho-chi-minh/a-map-banh-hoi-banh-mi-heo-quay,,,,,,https://shope.ee/3g43FQNFoY,
https://shopeefood.vn/ho-chi-minh/kim-cat-heo-quay-banh-mi-coffee-le-duc-tho,,,,,,https://shope.ee/3qNTRjMcTb,
https://shopeefood.vn/ho-chi-minh/banh-hoi-heo-quay-bun-heo-quay-nguyet-hao,,,,,,https://shope.ee/2gBW3aR3qO,
https://shopeefood.vn/ho-chi-minh/tama-banh-hoi-heo-quay-bun-mam-nem-thit-luoc-phan-huy-ich,,,,,,https://shope.ee/2qUwFtQQVR,
https://shopeefood.vn/ho-chi-minh/nhat-bun-thit-nuong-banh-uot-banh-hoi-heo-quay-tinh-lo-10.nqyd7q,,,,,,https://shope.ee/30oMSCPnAU,
https://shopeefood.vn/ho-chi-minh/heo-quay-xa-xiu-hung-vinh-phat-banh-mi-banh-hoi-vit-quay-minh-phung,,,,,,https://shope.ee/3B7meVP9pX,
https://shopeefood.vn/ho-chi-minh/bep-suri-banh-mi-banh-hoi-heo-quay-bun-thit-xao,,,,,,https://shope.ee/4fwaRGJRmq,
https://shopeefood.vn/ho-chi-minh/banh-hoi-heo-quay-binh-dinh,,,,,,https://shope.ee/4qG0dZIoRt,
https://shopeefood.vn/ho-chi-minh/banh-hoi-heo-quay-dong-ky-1-le-dinh-can,,,,,,https://shope.ee/50ZQpsIB6w,
https://shopeefood.vn/ho-chi-minh/banh-hoi-heo-quay-167-duong-so-10,,,,,,https://shope.ee/5Asr2BHXlz,
https://shopeefood.vn/ho-chi-minh/banh-mi-xiu-mai-heo-quay-banh-hoi-heo-quay-cat-tuong,,,,,,https://shope.ee/40gte2Lz8m,
https://shopeefood.vn/ho-chi-minh/a-hung-banh-mi-banh-hoi-heo-quay,,,,,,https://shope.ee/4B0JqLLLnp,
https://shopeefood.vn/ho-chi-minh/banh-mi-binh-dong-banh-mi-heo-quay-banh-hoi-heo-quay-ben-binh-dong,,,,,,https://shope.ee/4LJk2eKiSs,
https://shopeefood.vn/ho-chi-minh/banh-mi-ba-nam-bun-banh-hoi-heo-quay-cach-mang-thang-8,,,,,,https://shope.ee/4VdAExK57v,
https://shopeefood.vn/ho-chi-minh/tran-banh-hoi-heo-quay-goi-cuon,,,,,,https://shope.ee/gQRfuYfuC,
https://shopeefood.vn/ho-chi-minh/banh-mi-heo-quay-xoi-heo-quay-nguyen-trai,,,,,,https://shope.ee/qjrsDY2ZF,
https://shopeefood.vn/ho-chi-minh/the-bi-manh-com-banh-mi-banh-hoi-heo-quay-hoang-van-thu,,,,,,https://shope.ee/113I4WXPEI,
https://shopeefood.vn/ho-chi-minh/a-danh-chao-long-ma-heo-banh-hoi-heo-quay-vuon-lai,,,,,,https://shope.ee/1BMiGpWltL,
https://shopeefood.vn/ho-chi-minh/banh-mi-banh-hoi-heo-quay-bach-khoa,,,,,,https://shope.ee/1AksgbDG8,
https://shopeefood.vn/ho-chi-minh/the-bi-manh-com-banh-mi-banh-hoi-heo-quay-phan-dinh-phung,,,,,,https://shope.ee/BUB4zaZvB,
https://shopeefood.vn/ho-chi-minh/kim-chi-quan-banh-hoi-banh-mi-heo-quay-phan-van-tri,,,,,,https://shope.ee/LnbHIZwaE,
https://shopeefood.vn/ho-chi-minh/banh-mi-heo-quay-dai-duong,,,,,,https://shope.ee/W71TbZJFH,
https://shopeefood.vn/ho-chi-minh/tuyen-ky-banh-mi-heo-quay-cmt8,,,,,,https://shope.ee/20vpGMTbCa,
https://shopeefood.vn/ho-chi-minh/banh-hoi-heo-quay-269-banh-hoi-heo-quay-da-gion-269-lien-tinh-5-phuong-5-quan-8.acypf7,,,,,,https://shope.ee/2BFFSfSxrd,
https://shopeefood.vn/ho-chi-minh/be-bong-banh-mi-heo-quay-banh-ho-i-heo-quay-do-nang-te.ulbody,,,,,,https://shope.ee/2LYfeySKWg,
https://shopeefood.vn/ho-chi-minh/banh-mi-heo-quay-phu-quy-hau-giang,,,,,,https://shope.ee/2Vs5rHRhBj,
https://shopeefood.vn/ho-chi-minh/banh-mi-minh-tri-banh-mi-heo-quay-banh-hoi-heo-quay-luong-dinh-cua,,,,,,https://shope.ee/1Lg8T8W8YW,
https://shopeefood.vn/ho-chi-minh/banh-cuon-nong-banh-hoi-heo-quay-duc-the-nguyen-anh-thu,,,,,,https://shope.ee/1VzYfRVVDZ,
https://shopeefood.vn/ho-chi-minh/hai-si-banh-mi-banh-hoi-heo-quay-do-xuan-hop,,,,,,https://shope.ee/1gIyrkUrsc,
https://shopeefood.vn/ho-chi-minh/banh-mi-banh-hoi-heo-quay-duong-so-10,,,,,,https://shope.ee/1qcP43UEXf,
https://shopeefood.vn/ho-chi-minh/heo-quay-banh-hoi-57a-dai-lo-2,,,,,,https://shope.ee/8fSjCc4Dg0,
https://shopeefood.vn/ho-chi-minh/banh-mi-banh-hoi-xoi-heo-quay-phu-quy-nguyen-thi-nho,,,,,,https://shope.ee/8pm9Ov3aL3,
https://shopeefood.vn/ho-chi-minh/thuy-loan-banh-mi-pha-lau-banh-hoi-heo-quay,,,,,,https://shope.ee/905ZbE2x06,
https://shopeefood.vn/ho-chi-minh/a-phuc-banh-mi-heo-quay-da-gion-xoi-heo-quay-banh-hoi-heo-quay,,,,,,https://shope.ee/9AOznX2Jf9,
https://shopeefood.vn/ho-chi-minh/heo-quay-tay-bac-bun-banh-hoi-cho-ba-chieu,,,,,,https://shope.ee/80D2PO6l1w,
https://shopeefood.vn/ho-chi-minh/banh-mi-banh-hoi-heo-quay-cau-ut-cach-mang-thang-tam,,,,,,https://shope.ee/8AWSbh67gz,
https://shopeefood.vn/ho-chi-minh/banh-hoi-chao-long-heo-quay-banh-mi-bo-kho-5-thuong,,,,,,https://shope.ee/8Kpso05UM2,
https://shopeefood.vn/ha-noi/xiu-nem-nuong-nem-lui-vien-chien-trieu-khuc,,,,,,https://shope.ee/8V9J0J4r15,
https://shopeefood.vn/ha-noi/nem-nuong-nha-trang-nem-lui-moc-quan,,,,,,https://shope.ee/9zy6n3z8yO,
https://shopeefood.vn/ha-noi/nem-nuong-nha-trang-minh-duc-phao-dai-lang,,,,,,https://shope.ee/AAHWzMyVdR,
https://shopeefood.vn/ha-noi/nem-nuong-thanh-binh,,,,,,https://shope.ee/AKaxBfxsIU,
https://shopeefood.vn/ha-noi/nem-nuong-mo-lao,,,,,,https://shope.ee/AUuNNyxExX,
https://shopeefood.vn/ha-noi/nem-nuong-nha-trang-nem-lui-hue-ga-u-muoi-tran-cung,,,,,,https://shope.ee/9KiPzq1gKK,
https://shopeefood.vn/ha-noi/nem-nuong-nha-trang-minh-duc-tay-son,,,,,,https://shope.ee/9V1qC912zN,
https://shopeefood.vn/ha-noi/tra-sua-nem-nuong-nha-trang-138b-nguyen-luong-bang,,,,,,https://shope.ee/9fLGOS0PeQ,
https://shopeefood.vn/ha-noi/hoa-beo-nem-nuong-nha-trang-nuoc-ep-do-an-vat,,,,,,https://shope.ee/9pegakzmJT,
https://shopeefood.vn/ha-noi/nem-nuong-nha-trang-minh-duc-doi-can,,,,,,https://shope.ee/60Ry1iEN5k,
https://shopeefood.vn/ha-noi/nem-nuong-nha-trang-van-duy-hoang-mai,,,,,,https://shope.ee/6AlOE1Djkn,
https://shopeefood.vn/ha-noi/nem-nuong-nha-trang-minh-duc-dai-linh,,,,,,https://shope.ee/6L4oQKD6Pq,
https://shopeefood.vn/ha-noi/nem-nuong-nemo-nem-nuong-nha-trang-nghia-do.glltv5,,,,,,https://shope.ee/6VOEcdCT4t,
https://shopeefood.vn/ha-noi/ba-van-nem-nuong-nha-trang-sieu-ngon-linh-duong.kerr3r,,,,,,https://shope.ee/5LCHEUGuRg,
https://shopeefood.vn/ha-noi/nem-nuong-nha-trang-minh-duc-263-nguyen-khang,,,,,,https://shope.ee/5VVhQnGH6j,
https://shopeefood.vn/ha-noi/nem-nuong-nha-trang-nem-nuong-nung-ninh-duong-nguyen-khang.fx3dso,,,,,,https://shope.ee/5fp7d6Fdlm,
https://shopeefood.vn/ha-noi/nem-nuong-nha-trang-minh-duc-tran-quoc-hoan,,,,,,https://shope.ee/5q8XpPF0Qp,
https://shopeefood.vn/ha-noi/thuy-nem-nem-nuong-nha-trang-hoang-quoc-viet,,,,,,https://shope.ee/7KxLcA9IO8,
https://shopeefood.vn/ha-noi/nem-nuong-nha-trang-thanh-tung,,,,,,https://shope.ee/7VGloT8f3B,
https://shopeefood.vn/ha-noi/nem-nuong-nha-trang-trong-khiem-126-hoang-cong-chat,,,,,,https://shope.ee/7faC0m81iE,
https://shopeefood.vn/ha-noi/huy-food-nem-nuong-va-bun-tron-nha-trang-ho-tung-mau,,,,,,https://shope.ee/7ptcD57ONH,
https://shopeefood.vn/ha-noi/nem-nuong-nem-cuon-habana-food,,,,,,https://shope.ee/6fheowBpk4,
https://shopeefood.vn/ha-noi/nem-nuong-nha-trang-xuan-thuy,,,,,,https://shope.ee/6q151FBCP7,
https://shopeefood.vn/ha-noi/nem-nuong-nha-trang-hapy-nem,,,,,,https://shope.ee/70KVDYAZ4A,
https://shopeefood.vn/ha-noi/hiep-huy-nem-nuong-nha-trang-lac-long-quan,,,,,,https://shope.ee/7AdvPr9vjD,
https://shopeefood.vn/ha-noi/nem-nuong-nha-trang-minh-duc-110-giang-vo,,,,,,https://shope.ee/3qNTRjMcUa,
https://shopeefood.vn/ha-noi/ha-thao-nem-nuong-nha-trang-nguyen-khiet,,,,,,https://shope.ee/3g43FQNFpZ,
https://shopeefood.vn/ha-noi/ha-thao-nem-nuong-nha-trang,,,,,,https://shope.ee/3Vkd37NtAY,
https://shopeefood.vn/ha-noi/minh-phuong-nem-nuong-nha-trang-vanh-dai-2-5-dinh-cong,,,,,,https://shope.ee/3LRCqoOWVX,
https://shopeefood.vn/ha-noi/nem-nuong-nha-trang-co-hon-chua-lang,,,,,,https://shope.ee/3B7meVP9qW,
https://shopeefood.vn/ha-noi/nem-nuong-nha-trang-hannu-shop-online,,,,,,https://shope.ee/30oMSCPnBV,
https://shopeefood.vn/ha-noi/nem-nuong-2004-nem-nuong-nha-trang-tran-thai-tong.syao9w,,,,,,https://shope.ee/2qUwFtQQWU,
https://shopeefood.vn/ha-noi/pugi-quan-nem-nuong-nha-trang-nem-nuong-nha-trang-ngo-goc-de,,,,,,https://shope.ee/2gBW3aR3rT,
https://shopeefood.vn/ha-noi/nem-nuong-nha-trang-que-hoa-nem-nuong-nha-trang-23-ho-hoan-kiem.5vtsra,,,,,,https://shope.ee/5Asr2BHXmy,
https://shopeefood.vn/ha-noi/nem-nuong-nha-trang-minh-duc-ngo-thi-nham,,,,,,https://shope.ee/50ZQpsIB7x,
https://shopeefood.vn/ha-noi/nem-nuong-nha-trang-ngoc-hang-phu-dien,,,,,,https://shope.ee/4qG0dZIoSw,
https://shopeefood.vn/ha-noi/nem-nuong-nha-trang-minh-duc-nguyen-khang,,,,,,https://shope.ee/4fwaRGJRnv,
https://shopeefood.vn/ha-noi/tam-an-nem-nuong-nha-trang-le-quang-dao,,,,,,https://shope.ee/4VdAExK58u,
https://shopeefood.vn/ha-noi/co-le-nem-nuong-nha-trang-vinh-hung,,,,,,https://shope.ee/4LJk2eKiTt,
https://shopeefood.vn/ha-noi/nem-nuong-minh-huyen-kim-giang,,,,,,https://shope.ee/4B0JqLLLos,
https://shopeefood.vn/ha-noi/thien-duong-an-vat-nem-nuong-nha-trang-cau-giay,,,,,,https://shope.ee/40gte2Lz9r,
https://shopeefood.vn/ha-noi/co-le-nem-nuong-nha-trang-khuong-thuong,,,,,,https://shope.ee/1BMiGpWluK,
https://shopeefood.vn/ha-noi/nem-nuong-hai-anh-trau-quy,,,,,,https://shope.ee/113I4WXPFJ,
https://shopeefood.vn/ha-noi/nem-nuong-minh-huyen-khuong-ha,,,,,,https://shope.ee/qjrsDY2aI,
https://shopeefood.vn/ha-noi/nem-nuong-minh-huyen-goc-de,,,,,,https://shope.ee/gQRfuYfvH,
https://shopeefood.vn/ha-noi/nem-nuong-nha-tho-nem-nuong-bun-dau-cau-coc,,,,,,https://shope.ee/W71TbZJGG,
https://shopeefood.vn/ha-noi/nem-nuong-nha-trang-tiep-beo-nem-nuong-nha-trang-thai-thinh-1,,,,,,https://shope.ee/LnbHIZwbF,
https://shopeefood.vn/ha-noi/co-ba-nem-nuong-nha-trang-bac-linh-dam,,,,,,https://shope.ee/BUB4zaZwE,
https://shopeefood.vn/ha-noi/nem-nuong-nem-lui-ong-noi-khuong-dinh,,,,,,https://shope.ee/1AksgbDHD,
https://shopeefood.vn/ha-noi/nem-nuong-nha-trang-que-hoa-nem-nuong-nha-trang-tran-quy-kien,,,,,,https://shope.ee/2Vs5rHRhCi,
https://shopeefood.vn/ha-noi/co-le-nem-nuong-nha-trang-ngo-3-ao-sen,,,,,,https://shope.ee/2LYfeySKXh,
https://shopeefood.vn/ha-noi/nem-nuong-nha-trang-tam-viet-tran-duy-hung,,,,,,https://shope.ee/2BFFSfSxsg,
https://shopeefood.vn/ha-noi/co-le-nem-nuong-nha-trang-kim-ma,,,,,,https://shope.ee/20vpGMTbDf,
https://shopeefood.vn/ha-noi/a-mam-nem-nuong-nha-trang-kim-lien,,,,,,https://shope.ee/1qcP43UEYe,
https://shopeefood.vn/ha-noi/nem-nuong-nha-trang-minh-duc-tay-mo,,,,,,https://shope.ee/1gIyrkUrtd,
https://shopeefood.vn/ha-noi/nem-nuong-nha-trang-thong-beo-le-trong-tan,,,,,,https://shope.ee/1VzYfRVVEc,
https://shopeefood.vn/ha-noi/nem-nuong-nha-trang-luji-nguyen-khanh-toan,,,,,,https://shope.ee/1Lg8T8W8Zb,
https://shopeefood.vn/ha-noi/hoa-beo-nem-nuong-ninh-hoa-ha-huy-tap,,,,,,https://shope.ee/9AOznX2Jg8,
https://shopeefood.vn/ha-noi/nem-nuong-nha-trang-luji-yen-lang,,,,,,https://shope.ee/905ZbE2x17,
https://shopeefood.vn/ha-noi/nem-nuong-nha-trang-moc-an,,,,,,https://shope.ee/AAHWzMye8m,
https://shopeefood.vn/ha-noi/o-thom-nem-nuong-nha-trang-nem-lui-bun-tron-nghia-tan.tm8sy2,,,,,,https://shope.ee/9zy6n3zHTl,
https://shopeefood.vn/ha-noi/tiem-nem-nuong-chin-chu-nem-nuong-nha-trang-ngo-tho-quan.3klibk,,,,,,https://shope.ee/AUuNNyxNSs,
https://shopeefood.vn/ha-noi/ak-quan-co-so-2-nem-nuong-nha-trang-nem-lui-252-tay-son,,,,,,https://shope.ee/AKaxBfy0nr,
https://shopeefood.vn/ha-noi/nem-nuong-nha-trang-thong-beo-nem-nuong-pho-xom.9dkviw,,,,,,https://shope.ee/9V1qC91BUi,
https://shopeefood.vn/ha-noi/bun-ca-cham-bun-cha-cham-nem-nuong-nha-trang-kdt-dai-kim,,,,,,https://shope.ee/9KiPzq1oph,
https://shopeefood.vn/ha-noi/nem-nuong-minh-huyen-ngoc-ha,,,,,,https://shope.ee/9pegakzuoo,
https://shopeefood.vn/ha-noi/nem-nuong-nha-trang-2k93-nem-nuong-nha-trang-banh-trang-tron-tan-trieu.rydvn6,,,,,,https://shope.ee/9fLGOS0Y9n,
https://shopeefood.vn/ha-noi/nem-nuong-nha-trang-hannu,,,,,,https://shope.ee/8pm9Ov3iqe,
https://shopeefood.vn/ha-noi/nem-nuong-nha-trang-van-linh-duong-khue,,,,,,https://shope.ee/8fSjCc4MBd,
https://shopeefood.vn/ha-noi/hoa-beo-nem-nuong-ninh-hoa-to-hieu,,,,,,https://shope.ee/9AOznX2SAk,
https://shopeefood.vn/ha-noi/nem-nuong-minh-huyen-phan-boi-chau,,,,,,https://shope.ee/905ZbE35Vj,
https://shopeefood.vn/ha-noi/co-le-nem-nuong-nha-trang-chua-lang,,,,,,https://shope.ee/8AWSbh6GCa,
https://shopeefood.vn/ha-noi/nem-nuong-nha-trang-co-hon-phan-van-truong,,,,,,https://shope.ee/80D2PO6tXZ,
https://shopeefood.vn/ha-noi/nem-nuong-nha-trang-1993-me-tri-ha,,,,,,https://shope.ee/8V9J0J4zWg,
https://shopeefood.vn/ha-noi/nem-nuong-nha-trang-pho-cuon-268-tu-hoang,,,,,,https://shope.ee/8Kpso05crf,
https://shopeefood.vn/ha-noi/nem-nuong-nha-trang-hoang-sang,,,,,,https://shope.ee/7VGloT8nYW,
https://shopeefood.vn/ha-noi/ak-quan-co-so-1-nem-nuong-nem-lui,,,,,,https://shope.ee/7KxLcA9QtV,
https://shopeefood.vn/ha-noi/nem-nuong-nha-trang-luji-kdt-geleximco,,,,,,https://shope.ee/7ptcD57Wsc,
https://shopeefood.vn/ha-noi/nem-nuong-nha-trang-banh-tom-nem-nuong-dinh-cong,,,,,,https://shope.ee/7faC0m8ADb,
https://shopeefood.vn/ha-noi/co-le-nem-nuong-nha-trang-duy-tan,,,,,,https://shope.ee/6q151FBKuS,
https://shopeefood.vn/ha-noi/nem-nuong-nha-trang-minh-duc-pho-nhon,,,,,,https://shope.ee/6fheowByFR,
https://shopeefood.vn/ha-noi/nem-nuong-nha-trang-888-nem-nuong-trieu-khuc.xaeuks,,,,,,https://shope.ee/7AdvPrA4EY,
https://shopeefood.vn/ha-noi/nem-nuong-nha-trang-student-tran-duy-hung,,,,,,https://shope.ee/70KVDYAhZX,
https://shopeefood.vn/ha-noi/nem-nuong-nha-trang-888-nem-nuong-duong-xa-la.5lpbix,,,,,,https://shope.ee/6AlOE1DsGO,
https://shopeefood.vn/ha-noi/bep-me-soi-nem-nuong-nha-trang-linh-nam,,,,,,https://shope.ee/60Ry1iEVbN,
https://shopeefood.vn/ha-noi/nem-nuong-nha-trang-luji-nghia-do,,,,,,https://shope.ee/6VOEcdCbaU,
https://shopeefood.vn/ha-noi/co-ba-nem-nuong-nha-trang-giang-vo,,,,,,https://shope.ee/6L4oQKDEvT,
https://shopeefood.vn/ha-noi/jerry-nem-nuong-nha-trang-khuong-trung.6ddzgt,,,,,,https://shope.ee/5VVhQnGPcK,
https://shopeefood.vn/ha-noi/nem-nuong-nha-trang-thuy-mit-106m11-nguyen-chi-thanh,,,,,,https://shope.ee/5LCHEUH2xJ,
https://shopeefood.vn/ha-noi/nem-nuong-nha-trang-97-trieu-khuc,,,,,,https://shope.ee/5q8XpPF8wQ,
https://shopeefood.vn/ha-noi/minh-phuong-nem-nuong-nha-trang-ngo-tu-do,,,,,,https://shope.ee/5fp7d6FmHP,
https://shopeefood.vn/ha-noi/nem-nuong-nha-trang-minh-duc-nghia-tan,,,,,,https://shope.ee/4fwaRGJaJE,
https://shopeefood.vn/ha-noi/nem-nuong-nha-trang-co-hon-ao-sen,,,,,,https://shope.ee/4qG0dZIwyH,
https://shopeefood.vn/ha-noi/nem-nuong-nha-trang-hoang-sang-dai-hoc-ha-noi,,,,,,https://shope.ee/50ZQpsIJdK,
https://shopeefood.vn/ha-noi/nem-nuong-nha-trang-nguyen-lan,,,,,,https://shope.ee/5Asr2BHgIN,
https://shopeefood.vn/ha-noi/nem-nuong-nha-trang-hoang-sang-le-van-thiem,,,,,,https://shope.ee/40gte2M7fA,
https://shopeefood.vn/ha-noi/nem-nuong-nha-trang-xuan-phu-nem-nuong-nha-trang-trieu-khuc.o3llhm,,,,,,https://shope.ee/4B0JqLLUKD,
https://shopeefood.vn/ha-noi/nem-nuong-ninh-hoa-ngoc-lam,,,,,,https://shope.ee/4LJk2eKqzG,
https://shopeefood.vn/da-nang/nem-nuong-nha-trang-huong-que,,,,,,https://shope.ee/4VdAExKDeJ,
https://shopeefood.vn/da-nang/nem-nuong-nha-trang-cong,,,,,,https://shope.ee/3LRCqoOf16,
https://shopeefood.vn/da-nang/nem-nuong-nha-trang-3-huong-que,,,,,,https://shope.ee/3Vkd37O1g9,
https://shopeefood.vn/da-nang/nem-nuong-nha-trang-5-huong-que,,,,,,https://shope.ee/3g43FQNOLC,
https://shopeefood.vn/da-nang/nem-nuong-nha-trang-2-huong-que,,,,,,https://shope.ee/3qNTRjMl0F,
https://shopeefood.vn/da-nang/nem-nuong-nha-trang-4-huong-que,,,,,,https://shope.ee/2gBW3aRCN2,
https://shopeefood.vn/da-nang/nem-nuong-nha-trang-vivifood,,,,,,https://shope.ee/2qUwFtQZ25,
https://shopeefood.vn/da-nang/tiem-nem-nuong-son-quan-nem-nuong-nha-trang-yen-bai,,,,,,https://shope.ee/30oMSCPvh8,
https://shopeefood.vn/ho-chi-minh/nem-nuong-nha-trang-since-1982-quan-10,,,,,,https://shope.ee/3B7meVPIMB,
https://shopeefood.vn/ho-chi-minh/nem-nuong-nha-trang-since-1982-nguyen-canh-chan,,,,,,https://shope.ee/20vpGMTjiy,
https://shopeefood.vn/ho-chi-minh/nem-nuong-nha-trang-since-1982-tan-phu,,,,,,https://shope.ee/2BFFSfT6O1,
https://shopeefood.vn/ho-chi-minh/nem-nuong-nha-trang-since-1982-nguyen-huu-canh,,,,,,https://shope.ee/2LYfeyST34,
https://shopeefood.vn/ho-chi-minh/nem-nuong-nha-trang-since-1982-cam-ba-thuoc,,,,,,https://shope.ee/2Vs5rHRpi7,
https://shopeefood.vn/ho-chi-minh/nem-nuong-nha-trang-since-1982-quan-1,,,,,,https://shope.ee/1Lg8T8WH4u,
https://shopeefood.vn/ho-chi-minh/nem-nuong-nha-trang-since-1982-cong-hoa,,,,,,https://shope.ee/1VzYfRVdjx,
https://shopeefood.vn/ho-chi-minh/nem-nuong-nha-trang-since-1982-go-vap,,,,,,https://shope.ee/1gIyrkV0P0,
https://shopeefood.vn/ho-chi-minh/nem-nuong-hung-viet-dac-san-nem-nuong-nha-trang-le-duc-tho,,,,,,https://shope.ee/1qcP43UN43,
https://shopeefood.vn/ho-chi-minh/nem-nuong-nha-trang-be-thao,,,,,,https://shope.ee/gQRfuYoQq,
https://shopeefood.vn/ho-chi-minh/nem-nuong-d-ran-since-1968-healthy-fresh-rach-bung-binh,,,,,,https://shope.ee/qjrsDYB5t,
https://shopeefood.vn/ho-chi-minh/nem-nuong-d-ran-since-1968-healthy-fresh-hoang-hoa-tham,,,,,,https://shope.ee/113I4WXXkw,
https://shopeefood.vn/ho-chi-minh/abma-nem-nuong-lang-chai-nha-trang-nguyen-gian-thanh,,,,,,https://shope.ee/1BMiGpWuPz,
https://shopeefood.vn/ho-chi-minh/nem-nuong-nha-trang-thao-bui-met-nem-nuong-do-an-vat,,,,,,https://shope.ee/1AksgbLmm,
https://shopeefood.vn/ho-chi-minh/mr-nem-nem-nuong-nha-trang-bun-thit-nuong-phan-van-tri,,,,,,https://shope.ee/BUB4zaiRp,
https://shopeefood.vn/ho-chi-minh/nem-nuong-nha-trang-268-duong-3-2,,,,,,https://shope.ee/LnbHIa56s,
https://shopeefood.vn/ho-chi-minh/nem-nuong-co-dieu-nem-nuong-co-giang.jdb0ou,,,,,,https://shope.ee/W71TbZRlv,
https://shopeefood.vn/ho-chi-minh/nem-nuong-nha-trang-co-mai-binh-thanh,,,,,,https://shope.ee/9zy6n3zHUm,
https://shopeefood.vn/ho-chi-minh/nem-nuong-goc-nha-dac-san-nha-trang,,,,,,https://shope.ee/AAHWzMye9p,
https://shopeefood.vn/ho-chi-minh/nem-nuong-ba-duyen-dac-san-cuon-mien-trung-nguyen-van-cong,,,,,,https://shope.ee/AKaxBfy0os,
https://shopeefood.vn/ho-chi-minh/mr-nem-nem-nuong-nha-trang-bun-thit-nuong-ho-dac-di,,,,,,https://shope.ee/AUuNNyxNTv,
https://shopeefood.vn/ho-chi-minh/nem-nuong-trai-nho-nem-nuong-thong-nhat,,,,,,https://shope.ee/9KiPzq1oqi,
https://shopeefood.vn/ho-chi-minh/nem-nuong-ba-duyen-dac-san-cuon-mien-trung-vo-van-tan,,,,,,https://shope.ee/9V1qC91BVl,
https://shopeefood.vn/ho-chi-minh/nem-nuong-nha-trang-co-mai,,,,,,https://shope.ee/9fLGOS0YAo,
https://shopeefood.vn/ho-chi-minh/nem-nuong-d-ran-since-1968-healthy-fresh-pho-quang,,,,,,https://shope.ee/9pegakzupr,
https://shopeefood.vn/ho-chi-minh/nem-nuong-d-ran-since-1968-healthy-fresh-le-quang-dinh,,,,,,https://shope.ee/8fSjCc4MCe,
https://shopeefood.vn/ho-chi-minh/nem-nuong-d-ran-since-1968-ngo-quyen,,,,,,https://shope.ee/8pm9Ov3irh,
https://shopeefood.vn/ho-chi-minh/nem-nem-nuong-rolls-do-phap-thuan,,,,,,https://shope.ee/905ZbE35Wk,
https://shopeefood.vn/ho-chi-minh/nem-nuong-co-dau-dac-san-nem-nuong-nha-trang,,,,,,https://shope.ee/9AOznX2SBn,
https://shopeefood.vn/ho-chi-minh/nem-nuong-ba-duyen-dac-san-cuon-mien-trung-nguyen-thai-son,,,,,,https://shope.ee/80D2PO6tYa,
https://shopeefood.vn/ho-chi-minh/nem-ngon-quan-nem-nuong-nha-trang-binh-hung,,,,,,https://shope.ee/8AWSbh6GDd,
https://shopeefood.vn/ho-chi-minh/nem-nuong-d-ran-since-1968-truong-quyen,,,,,,https://shope.ee/8Kpso05csg,
https://shopeefood.vn/ho-chi-minh/nem-nuong-d-ran-since-1968-healthy-fresh-ben-van-don,,,,,,https://shope.ee/8V9J0J4zXj,
https://shopeefood.vn/ho-chi-minh/nem-ngon-quan-nem-nuong-nha-trang-xuan-quynh,,,,,,https://shope.ee/7KxLcA9QuW,
https://shopeefood.vn/ho-chi-minh/nem-nuong-goc-nha-2-dac-san-nha-trang,,,,,,https://shope.ee/7VGloT8nZZ,
https://shopeefood.vn/ho-chi-minh/nem-nuong-quan-bun-nem-nuong-cha-gio-2c.zt78hg,,,,,,https://shope.ee/7faC0m8AEc,
https://shopeefood.vn/ho-chi-minh/nem-nuong-nha-trang-hung-viet-ung-van-khiem,,,,,,https://shope.ee/7ptcD57Wtf,
https://shopeefood.vn/ho-chi-minh/nem-ngon-quan-nem-nuong-nha-trang-tran-dai-nghia,,,,,,https://shope.ee/6fheowByGS,
https://shopeefood.vn/ho-chi-minh/quan-cua-ma-nem-nuong-nha-trang-hoang-sa,,,,,,https://shope.ee/6q151FBKvV,
https://shopeefood.vn/ho-chi-minh/nem-nuong-nha-trang-co-man-quan,,,,,,https://shope.ee/70KVDYAhaY,
https://shopeefood.vn/ho-chi-minh/co-be-nem-nuong-le-thi-hoa,,,,,,https://shope.ee/7AdvPrA4Fb,
https://shopeefood.vn/ho-chi-minh/nem-nuong-anh-hoa,,,,,,https://shope.ee/60Ry1iEVcO,
https://shopeefood.vn/ho-chi-minh/nem-nuong-nha-trang-815-bun-nem-nuong-banh-hoi-nem-nuong-nem-phan-quan-7,,,,,,https://shope.ee/6AlOE1DsHR,
https://shopeefood.vn/ho-chi-minh/co-diep-nem-nuong-nha-trang-go-vap,,,,,,https://shope.ee/6L4oQKDEwU,
https://shopeefood.vn/ho-chi-minh/bun-thit-nuong-nem-nuong-nham-than-duong-so-4,,,,,,https://shope.ee/6VOEcdCbbX,
https://shopeefood.vn/ho-chi-minh/abma-nem-nuong-lang-chai-nha-trang-bui-van-ba,,,,,,https://shope.ee/5LCHEUH2yK,
https://shopeefood.vn/ho-chi-minh/abma-nem-nuong-lang-chai-nha-trang-tay-son,,,,,,https://shope.ee/5VVhQnGPdN,
https://shopeefood.vn/ho-chi-minh/nem-nuong-d-ran-since-1968-healthy-fresh-nguyen-gia-tri,,,,,,https://shope.ee/5fp7d6FmIQ,
https://shopeefood.vn/ho-chi-minh/co-nga-nem-nuong-ninh-hoa-hoa-cau,,,,,,https://shope.ee/5q8XpPF8xT,
https://shopeefood.vn/ho-chi-minh/di-ba-nem-nuong-nha-trang,,,,,,https://shope.ee/5Asr2BHgJM,
https://shopeefood.vn/ho-chi-minh/co-nga-nem-nuong-ninh-hoa,,,,,,https://shope.ee/50ZQpsIJeL,
https://shopeefood.vn/ho-chi-minh/bun-nem-nuong-cuon-nem-nuong-binh-dinh-bao-nghi,,,,,,https://shope.ee/4qG0dZIwzK,
https://shopeefood.vn/ho-chi-minh/co-diep-nem-nuong-nha-trang-khanh-hoi,,,,,,https://shope.ee/4fwaRGJaKJ,
https://shopeefood.vn/ho-chi-minh/miss-nem-nem-nuong-ninh-hoa,,,,,,https://shope.ee/4LJk2eOI54,
https://shopeefood.vn/ho-chi-minh/abma-nem-nuong-lang-chai-nha-trang-duong-so-1,,,,,,https://shope.ee/4VdAExNek7,
https://shopeefood.vn/ho-chi-minh/nem-nuong-ut-huong-135-tran-nao,,,,,,https://shope.ee/4fwaRGN1PA,
https://shopeefood.vn/ho-chi-minh/me-nem-nuong-nha-trang,,,,,,https://shope.ee/4qG0dZMO4D,
https://shopeefood.vn/ho-chi-minh/co-diep-nem-nuong-nha-trang-quan-6,,,,,,https://shope.ee/50ZQpsLkjG,
https://shopeefood.vn/ho-chi-minh/abma-nem-nuong-lang-chai-nha-trang-binh-hung,,,,,,https://shope.ee/5Asr2BL7OJ,
https://shopeefood.vn/ho-chi-minh/nem-nuong-co-dau-dac-san-nem-nuong-nha-trang-vinhomes-grand-park.jj3r1z,,,,,,https://shope.ee/2gBW3aUdSq,
https://shopeefood.vn/ho-chi-minh/bun-mam-nem-nem-nuong-tra-sua-chu-dao-lochi-le-van-luong,,,,,,https://shope.ee/2qUwFtU07t,
https://shopeefood.vn/ho-chi-minh/nem-nuong-nha-trang-168,,,,,,https://shope.ee/30oMSCTMmw,
https://shopeefood.vn/ho-chi-minh/quan-79-nem-nuong,,,,,,https://shope.ee/3B7meVSjRz,
https://shopeefood.vn/ho-chi-minh/nem-nuong-thanh-hung,,,,,,https://shope.ee/3LRCqoS672,
https://shopeefood.vn/ho-chi-minh/nem-nuong-mat-ong-ly-thanh-tong-shop-online,,,,,,https://shope.ee/3Vkd37RSm5,
https://shopeefood.vn/ho-chi-minh/nem-nuong-nha-trang-1975-nem-nuong-nha-trang-tan-cang.3g1azw,,,,,,https://shope.ee/3g43FQQpR8,
https://shopeefood.vn/ho-chi-minh/co-be-nem-nuong-bun-dau-mam-tom,,,,,,https://shope.ee/3qNTRjQC6B,
https://shopeefood.vn/ho-chi-minh/nem-nuong-ninh-hoa-ut-huong-511b-huynh-tan-phat,,,,,,https://shope.ee/1Lg8T8ZiAi,
https://shopeefood.vn/ho-chi-minh/nem-nuong-da-lat-que-quan-shop-online,,,,,,https://shope.ee/1VzYfRZ4pl,
https://shopeefood.vn/ho-chi-minh/nem-nuong-ninh-hoa-ut-huong-pham-hung,,,,,,https://shope.ee/1gIyrkYRUo,
https://shopeefood.vn/ho-chi-minh/abma-nem-nuong-lang-chai-nha-trang-duong-265,,,,,,https://shope.ee/1qcP43Xo9r,
https://shopeefood.vn/ho-chi-minh/nem-nuong-da-lat-tran-binh-trong,,,,,,https://shope.ee/20vpGMXAou,
https://shopeefood.vn/ho-chi-minh/nem-nuong-ut-linh-duong-48,,,,,,https://shope.ee/2BFFSfWXTx,
https://shopeefood.vn/ho-chi-minh/co-diep-nem-nuong-nha-trang-hoang-dieu-2,,,,,,https://shope.ee/2LYfeyVu90,
https://shopeefood.vn/ho-chi-minh/co-ba-nem-nuong-le-thi-ha,,,,,,https://shope.ee/2Vs5rHVGo3,
https://shopeefood.vn/ho-chi-minh/quan-cua-ma-nem-nuong-dac-san-nha-trang-nguyen-thi-nho,,,,,,https://shope.ee/1Aksgemsa,
https://shopeefood.vn/ho-chi-minh/co-diep-nem-nuong-nha-trang-su-van-hanh,,,,,,https://shope.ee/BUB4ze9Xd,
https://shopeefood.vn/ho-chi-minh/abma-nem-nuong-lang-chai-nha-trang-doan-nhu-hai,,,,,,https://shope.ee/LnbHIdWCg,
https://shopeefood.vn/ho-chi-minh/nem-nuong-nha-trang-ut-huong-nguyen-van-tang,,,,,,https://shope.ee/W71Tbcsrj,
https://shopeefood.vn/ho-chi-minh/nem-nuong-ninh-hoa-ut-huong-le-van-viet,,,,,,https://shope.ee/gQRfucFWm,
https://shopeefood.vn/ho-chi-minh/nem-nuong-ninh-hoa-ut-huong-to-ngoc-van,,,,,,https://shope.ee/qjrsDbcBp,
https://shopeefood.vn/ho-chi-minh/co-nga-nem-nuong-ninh-hoa-vo-oanh,,,,,,https://shope.ee/113I4Wayqs,
https://shopeefood.vn/ho-chi-minh/quan-ba-chin-bun-nem-nuong-thit-nuong-nguyen-thoi-trung,,,,,,https://shope.ee/1BMiGpaLVv,
https://shopeefood.vn/ho-chi-minh/em-la-nem-quan-nem-nuong,,,,,,https://shope.ee/9KiPzq5FwW,
https://shopeefood.vn/ho-chi-minh/nem-nuong-que-quan-quan-1-shop-online,,,,,,https://shope.ee/9V1qC94cbZ,
https://shopeefood.vn/ho-chi-minh/co-diep-nem-nuong-nha-trang-ton-that-tung,,,,,,https://shope.ee/9fLGOS3zGc,
https://shopeefood.vn/ho-chi-minh/co-diep-nem-nuong-nha-trang-truong-cong-dinh,,,,,,https://shope.ee/9pegal3Lvf,
https://shopeefood.vn/ho-chi-minh/co-muoi-nem-nuong-nha-trang-le-van-viet,,,,,,https://shope.ee/9zy6n42iai,
https://shopeefood.vn/ho-chi-minh/ma-phuong-nem-nuong-bun-thit-nuong-banh-canh-dac-san-phu-yen,,,,,,https://shope.ee/AAHWzN25Fl,
https://shopeefood.vn/ho-chi-minh/co-diep-nem-nuong-nha-trang-le-quang-dinh,,,,,,https://shope.ee/AKaxBg1Ruo,
https://shopeefood.vn/ho-chi-minh/co-diep-nem-nuong-nha-trang,,,,,,https://shope.ee/AUuNNz0oZr,
https://shopeefood.vn/ho-chi-minh/minh-chau-bun-nem-nuong-banh-mi-nem-nuong-nem-nuong-mat-ong-huynh-tan-phat,,,,,,https://shope.ee/80D2POAKeO,
https://shopeefood.vn/ha-noi/dimsum-dai-loan-truong-thinh,,,,,,https://shope.ee/8AWSbh9hJR,
https://shopeefood.vn/ha-noi/dimsum-dai-loan-mi-thai-tomyum-nga-tu-so,,,,,,https://shope.ee/8Kpso093yU,
https://shopeefood.vn/ha-noi/dimsum-diem-tam-dai-loan-tran-dai-nghia,,,,,,https://shope.ee/8V9J0J8QdX,
https://shopeefood.vn/ha-noi/dimsum-diem-tam-dai-loan-pho-yen-phu,,,,,,https://shope.ee/8fSjCc7nIa,
https://shopeefood.vn/ha-noi/dimsum-diem-tam-dai-loan-pho-dinh-cong-thuong,,,,,,https://shope.ee/8pm9Ov79xd,
https://shopeefood.vn/ha-noi/bep-nha-nang-dimsum-more,,,,,,https://shope.ee/905ZbE6Wcg,
https://shopeefood.vn/ha-noi/dimsum-diem-tam-dai-loan-au-co,,,,,,https://shope.ee/9AOznX5tHj,
https://shopeefood.vn/ha-noi/dimsum-diem-tam-dai-loan-ton-duc-thang,,,,,,https://shope.ee/6fheowFPMG,
https://shopeefood.vn/ha-noi/dimsum-diem-tam-dai-loan-nghia-do,,,,,,https://shope.ee/6q151FEm1J,
https://shopeefood.vn/ha-noi/dimsum-house-do-an-diem-tam-dai-loan-dac-sac-nguyen-phuc-lai.os9hxy,,,,,,https://shope.ee/70KVDYE8gM,
https://shopeefood.vn/ha-noi/dimsum-banh-bao-gia-bao-linh-nam,,,,,,https://shope.ee/7AdvPrDVLP,
https://shopeefood.vn/ha-noi/cao-dimsum-duong-pho-pho-vinh-hung,,,,,,https://shope.ee/7KxLcACs0S,
https://shopeefood.vn/ha-noi/dimsum-diem-tam-dai-loan-cau-go,,,,,,https://shope.ee/7VGloTCEfV,
https://shopeefood.vn/ha-noi/tiem-cuu-long-dimsum-mi-van-than,,,,,,https://shope.ee/7faC0mBbKY,
https://shopeefood.vn/ha-noi/dimsum-hongkong-vincom-smart-city,,,,,,https://shope.ee/7ptcD5Axzb,
https://shopeefood.vn/ha-noi/dimsum-diem-tam-dai-loan-long-bien,,,,,,https://shope.ee/5LCHEUKU48,
https://shopeefood.vn/ha-noi/dimsum-39k-dai-loan-to-hieu,,,,,,https://shope.ee/5VVhQnJqjB,
https://shopeefood.vn/ha-noi/my-sui-cao-dimsum-thanh-trung-minh-khai,,,,,,https://shope.ee/5fp7d6JDOE,
https://shopeefood.vn/ha-noi/xoan-food-banh-bao-dimsum-hongkong-my-tron-indomie-toa-n02-chung-cu-ecohome-3.yctyap,,,,,,https://shope.ee/5q8XpPIa3H,
https://shopeefood.vn/ha-noi/breakfast-co-dimsum-banh-cuon-quang-dong,,,,,,https://shope.ee/60Ry1iHwiK,
https://shopeefood.vn/ha-noi/xoi-dimsum-hanh-phuc-hong-mai,,,,,,https://shope.ee/6AlOE1HJNN,
https://shopeefood.vn/ha-noi/hung-ky-my-hoanh-thanh-banh-bao-dimsum,,,,,,https://shope.ee/6L4oQKGg2Q,
https://shopeefood.vn/ha-noi/dimsum-diem-tam-dai-loan-de-la-thanh,,,,,,https://shope.ee/6VOEcdG2hT,
https://shopeefood.vn/ha-noi/co-be-dimsum-dimsum-do-an-vat-pho-xa-dan.lw4syl,,,,,,https://shope.ee/4B0JqLOvR2,
https://shopeefood.vn/ha-noi/dai-hy-dimsum-trung-hoa-he-pho-phung-khoang,,,,,,https://shope.ee/40gte2PYm1,
https://shopeefood.vn/ha-noi/sui-quan-dimsum-nha-lam-ha-noi.n1jtuq,,,,,,https://shope.ee/4VdAExNel8,
https://shopeefood.vn/ha-noi/minh-ky-dimsum-my-tron-kim-hoa,,,,,,https://shope.ee/4LJk2eOI67,
https://shopeefood.vn/ha-noi/seffoods-do-an-chay-dimsum-nem-ran-nguyen-phuc-lai,,,,,,https://shope.ee/4qG0dZMO5E,
https://shopeefood.vn/ha-noi/my-sui-cao-dimsum-thanh-trung,,,,,,https://shope.ee/4fwaRGN1QD,
https://shopeefood.vn/ha-noi/hfood-pizza-dimsum,,,,,,https://shope.ee/5Asr2BL7PK,
https://shopeefood.vn/ha-noi/tiem-sui-cao-918-dimsum-do-an-trung-hoa,,,,,,https://shope.ee/50ZQpsLkkJ,
https://shopeefood.vn/ha-noi/dimsum-house-81-vu-trong-phung,,,,,,https://shope.ee/2qUwFtU08u,
https://shopeefood.vn/ha-noi/tao-bao-dimsum-and-milktea,,,,,,https://shope.ee/2gBW3aUdTt,
https://shopeefood.vn/ha-noi/ding-dimsum-hang-bun,,,,,,https://shope.ee/3B7meVSjT0,
https://shopeefood.vn/ha-noi/kim-tra-sua-dimsum,,,,,,https://shope.ee/30oMSCTMnz,
https://shopeefood.vn/ha-noi/royal-dimsum-shop-online,,,,,,https://shope.ee/3Vkd37RSn6,
https://shopeefood.vn/ha-noi/hy-ky-banh-cuon-quang-dong-dimsum,,,,,,https://shope.ee/3LRCqoS685,
https://shopeefood.vn/ha-noi/ha-cao-nha-lam-dimsum-banh-bao,,,,,,https://shope.ee/3qNTRjQC7C,
https://shopeefood.vn/ha-noi/hakao-dimsum-more,,,,,,https://shope.ee/3g43FQQpSB,
https://shopeefood.vn/ha-noi/hem-thuong-hai-chinese-bbq-dimsum,,,,,,https://shope.ee/1VzYfRZ4qm,
https://shopeefood.vn/ha-noi/tiem-an-panda-com-sui-cao-banh-bao-134-tran-binh,,,,,,https://shope.ee/1Lg8T8ZiBl,
https://shopeefood.vn/ha-noi/hn-dimsum-hong-kong-ngo-gia-tu,,,,,,https://shope.ee/1qcP43XoAs,
https://shopeefood.vn/ha-noi/bao-hoa-vien-sui-cao-dimsum-mi-tuoi-to-ngoc-van.2di4f2,,,,,,https://shope.ee/1gIyrkYRVr,
https://shopeefood.vn/ha-noi/breakfast-co-dimsum-trung-quoc,,,,,,https://shope.ee/2BFFSfWXUy,
https://shopeefood.vn/ha-noi/hai-su-com-nieu-singapore-dimsum-co-so-3-aeon-mall-long-bien,,,,,,https://shope.ee/20vpGMXApx,
https://shopeefood.vn/ha-noi/baozi-dimsum-ha-cao-mi-tuoi-chuan-vi,,,,,,https://shope.ee/2Vs5rHVGp4,
https://shopeefood.vn/ha-noi/hai-su-com-nieu-singapore-dimsum-co-so-4-39-huynh-thuc-khang,,,,,,https://shope.ee/2LYfeyVuA3,
https://shopeefood.vn/ha-noi/i-m-bao-dimsum,,,,,,https://shope.ee/BUB4ze9Ye,
https://shopeefood.vn/ha-noi/yummi-yummi-dimsum-banh-bao-ban-online,,,,,,https://shope.ee/1Aksgemtd,
https://shopeefood.vn/ha-noi/hai-su-com-nieu-singapore-dimsum-co-so-2-vincom-ba-trieu,,,,,,https://shope.ee/W71Tbcssk,
https://shopeefood.vn/ha-noi/nam-long-dimsum,,,,,,https://shope.ee/LnbHIdWDj,
https://shopeefood.vn/ha-noi/dat-dimsum-banh-bao-trung-hoa,,,,,,https://shope.ee/qjrsDbcCq,
https://shopeefood.vn/ha-noi/mingmo-dimsum-express-vinh-tuy,,,,,,https://shope.ee/gQRfucFXp,
https://shopeefood.vn/ha-noi/dimsum-phuong-ot-me-tri,,,,,,https://shope.ee/1BMiGpaLWw,
https://shopeefood.vn/ha-noi/dimsum-hang-mit-dimsum-ha-cao-banh-bao,,,,,,https://shope.ee/113I4Wayrv,
https://shopeefood.vn/ha-noi/dimsum-truong-tho-khuc-thua-du,,,,,,https://shope.ee/9V1qC94cca,
https://shopeefood.vn/ha-noi/hai-su-com-nieu-singapore-dimsum-co-so-1-111k1-giang-vo,,,,,,https://shope.ee/9KiPzq5FxZ,
https://shopeefood.vn/ha-noi/min-dimsum,,,,,,https://shope.ee/9pegal3Lwg,
https://shopeefood.vn/ha-noi/yongkang-hotpot-dimsum-taipei-trung-hoa,,,,,,https://shope.ee/9fLGOS3zHf,
https://shopeefood.vn/ha-noi/haochi-dimsum-tea-tran-huy-lieu,,,,,,https://shope.ee/AAHWzN25Gm,
https://shopeefood.vn/ha-noi/yongkang-hotpot-dimsum-taipei-cua-nam,,,,,,https://shope.ee/9zy6n42ibl,
https://shopeefood.vn/ha-noi/yummi-dimsum-hongkong-hang-bun.w22ypm,,,,,,https://shope.ee/5VVhQnJzFZ,
https://shopeefood.vn/ha-noi/kimsa-bao-dimsum,,,,,,https://shope.ee/5fp7d6JLuc,
https://shopeefood.vn/ha-noi/bao-bao-my-tuoi-dimsum-duy-tan,,,,,,https://shope.ee/5q8XpPIiZf,
https://shopeefood.vn/ha-noi/haochi-dimsum-tea-to-hieu,,,,,,https://shope.ee/60Ry1iI5Ei,
https://shopeefood.vn/ha-noi/bep-moda-chao-dimsum,,,,,,https://shope.ee/6AlOE1HRtl,
https://shopeefood.vn/ha-noi/tai-yang-dimsum-nguyen-huu-huan,,,,,,https://shope.ee/6L4oQKGoYo,
https://shopeefood.vn/ha-noi/tofu-toku-tiem-tao-pho-dimsum-tran-dien,,,,,,https://shope.ee/6VOEcdGBDr,
https://shopeefood.vn/ha-noi/dimsum-dai-hung-vu-trong-phung,,,,,,https://shope.ee/6fheowFXsu,
https://shopeefood.vn/ha-noi/sensoy-tao-pho-tau-hu-dimsum-dai-loan,,,,,,https://shope.ee/6q151FEuXx,
https://shopeefood.vn/ha-noi/cham-vi-pizza-dimsum-mi-tron-dai-la,,,,,,https://shope.ee/70KVDYEHD0,
https://shopeefood.vn/ha-noi/tiem-liu-lo-banh-bao-dimsum,,,,,,https://shope.ee/7AdvPrDds3,
https://shopeefood.vn/ha-noi/tai-yang-dimsum-times-city,,,,,,https://shope.ee/7KxLcAD0X6,
https://shopeefood.vn/ha-noi/hem-thuong-hai-chinese-bbq-dimsum-nguyen-phong-sac,,,,,,https://shope.ee/7VGloTCNC9,
https://shopeefood.vn/ha-noi/haochi-dimsum-tea-ly-thuong-kiet,,,,,,https://shope.ee/7faC0mBjrC,
https://shopeefood.vn/ha-noi/haochi-dimsum-tea-nguyen-thi-thap,,,,,,https://shope.ee/7ptcD5B6WF,
https://shopeefood.vn/ha-noi/ngo-dining-nha-hang-dimsum,,,,,,https://shope.ee/2qUwFtU8fI,
https://shopeefood.vn/ha-noi/minh-ky-dimsum-noodles-25c-thai-phien,,,,,,https://shope.ee/2gBW3aUm0H,
https://shopeefood.vn/ho-chi-minh/dimsum-homemade-ha-cao-ngu-sac-tran-khac-chan,,,,,,https://shope.ee/3B7meVSrzO,
https://shopeefood.vn/ho-chi-minh/mi-tron-sui-cao-dimsum-healthy-thao-anh,,,,,,https://shope.ee/30oMSCTVKN,
https://shopeefood.vn/ho-chi-minh/ha-cao-dimsum-com-chay-mam-hanh-bep-cua-na,,,,,,https://shope.ee/3Vkd37RbJU,
https://shopeefood.vn/ho-chi-minh/dimsum-hongkong-yen,,,,,,https://shope.ee/3LRCqoSEeT,
https://shopeefood.vn/ho-chi-minh/dimsum-homemade-ha-cao-dac-biet-164-ho-ba-kien,,,,,,https://shope.ee/3qNTRjQKda,
https://shopeefood.vn/ho-chi-minh/dimsum-homemade-ha-cao-dac-biet-nguyen-gia-tri,,,,,,https://shope.ee/3g43FQQxyZ,
https://shopeefood.vn/ho-chi-minh/dimsum-homemade-ha-cao-dac-biet-do-nhuan,,,,,,https://shope.ee/4B0JqLP3xg,
https://shopeefood.vn/ho-chi-minh/dimsum-homemade-ha-cao-dac-biet-shop-online-nguyen-thi-minh-khai,,,,,,https://shope.ee/40gte2PhIf,
https://shopeefood.vn/ho-chi-minh/hoang-gia-ha-cao-dimsum-huynh-van-banh,,,,,,https://shope.ee/4VdAExNnHm,
https://shopeefood.vn/ho-chi-minh/hoang-gia-ha-cao-dimsum,,,,,,https://shope.ee/4LJk2eOQcl,
https://shopeefood.vn/ho-chi-minh/dimsum-viet-chuyen-dimsum-chay-man-binh-thanh,,,,,,https://shope.ee/4qG0dZMWbs,
https://shopeefood.vn/ho-chi-minh/milk-tea-dessert-hongkong-by-menus-station-66-6-dong-tam,,,,,,https://shope.ee/4fwaRGN9wr,
https://shopeefood.vn/ho-chi-minh/baosum-banh-bao-dimsum-nguyen-duy-trinh,,,,,,https://shope.ee/5Asr2BLFvy,
https://shopeefood.vn/ho-chi-minh/xingfu-dimsum-thanh-thai,,,,,,https://shope.ee/50ZQpsLtGx,
https://shopeefood.vn/ho-chi-minh/dimsum-homemade-ha-cao-dac-biet-duong-so-23,,,,,,https://shope.ee/BUB4zeI52,
https://shopeefood.vn/ho-chi-minh/dimsum-homemade-ha-cao-dac-biet-tan-dinh,,,,,,https://shope.ee/1AksgevQ1,
https://shopeefood.vn/ho-chi-minh/dimsum-nha-sam-trinh-dinh-thao,,,,,,https://shope.ee/W71Tbd1P8,
https://shopeefood.vn/ho-chi-minh/ha-cao-dimsum-mei-zing,,,,,,https://shope.ee/LnbHIdek7,
https://shopeefood.vn/ho-chi-minh/thanh-hien-huong-cao-ha-cao-dimsum,,,,,,https://shope.ee/qjrsDbkjE,
https://shopeefood.vn/ho-chi-minh/dimsum-cau-ba-ha-cao-xiu-mai,,,,,,https://shope.ee/gQRfucO4D,
https://shopeefood.vn/ho-chi-minh/dimsum-quang-dong-ha-cao-xiu-mai,,,,,,https://shope.ee/1BMiGpaU3K,
https://shopeefood.vn/ho-chi-minh/phung-phuc-dimsum-phan-anh.xwksfc,,,,,,https://shope.ee/113I4Wb7OJ,
https://shopeefood.vn/ho-chi-minh/dimsum-homemade-ha-cao-dac-biet-phan-van-tri,,,,,,https://shope.ee/1VzYfRZDNQ,
https://shopeefood.vn/ho-chi-minh/dimsum-house,,,,,,https://shope.ee/1Lg8T8ZqiP,
https://shopeefood.vn/ho-chi-minh/dimsum-homemade-ha-cao-dac-biet-au-co,,,,,,https://shope.ee/1qcP43XwhW,
https://shopeefood.vn/ho-chi-minh/sui-cao-cho-lon-dimsum,,,,,,https://shope.ee/1gIyrkYa2V,
https://shopeefood.vn/ho-chi-minh/dimsum-a-ma-ung-van-khiem,,,,,,https://shope.ee/2BFFSfWg1c,
https://shopeefood.vn/ho-chi-minh/ha-cao-dimsum-co-yen-linh-xuan,,,,,,https://shope.ee/20vpGMXJMb,
https://shopeefood.vn/ho-chi-minh/hoa-ky-dimsum-mi-xao,,,,,,https://shope.ee/2Vs5rHVPLi,
https://shopeefood.vn/ho-chi-minh/day-night-coffee-dimsum-mai-chi-tho,,,,,,https://shope.ee/2LYfeyW2gh,
https://shopeefood.vn/ho-chi-minh/dimsum-hongkong-tam-tam-tuoi-moi-tao-khac-biet,,,,,,https://shope.ee/8AWSbh9pqq,
https://shopeefood.vn/ho-chi-minh/ha-cao-nuoc-ep-to-ky-dimsum-homemade-phan-dinh-phung,,,,,,https://shope.ee/80D2POATBp,
https://shopeefood.vn/ho-chi-minh/ha-cao-ong-hung-dimsum-homemade-quoc-lo-13,,,,,,https://shope.ee/8V9J0J8ZAw,
https://shopeefood.vn/ho-chi-minh/baoz-dimsum-resraurant,,,,,,https://shope.ee/8Kpso09CVv,
https://shopeefood.vn/ho-chi-minh/baoz-dimsum-restaurant-le-dai-hanh,,,,,,https://shope.ee/8pm9Ov7IV2,
https://shopeefood.vn/ho-chi-minh/ong-bau-food-drink-nui-mi-xao-bo-dimsum-chuan-goc-hoa-go-cam-dem,,,,,,https://shope.ee/8fSjCc7vq1,
https://shopeefood.vn/ho-chi-minh/ha-cao-bat-vi-dimsum-nha-meo,,,,,,https://shope.ee/9AOznX61p8,
https://shopeefood.vn/ho-chi-minh/tini-dimsum-food-an-uong-mai-chi-tho,,,,,,https://shope.ee/905ZbE6fA7,
https://shopeefood.vn/ho-chi-minh/meiwei-dimsum-banh-bao-tra-sua,,,,,,https://shope.ee/9V1qC94l9E,
https://shopeefood.vn/ho-chi-minh/dimsum-hongkong-banh-bao-tao-hinh-thu-690-8-au-co,,,,,,https://shope.ee/9KiPzq5OUD,
https://shopeefood.vn/ho-chi-minh/dimsum-tan-sanh-hoat,,,,,,https://shope.ee/9pegal3UTK,
https://shopeefood.vn/ho-chi-minh/loc-ky-ha-cao-sui-cao-dimsum,,,,,,https://shope.ee/9fLGOS47oJ,
https://shopeefood.vn/ho-chi-minh/dimsum-174-pham-van-dong-dimsum-pham-van-dong.ynt4yv,,,,,,https://shope.ee/AAHWzN2DnQ,
https://shopeefood.vn/ho-chi-minh/bamboo-dimsum-aeon-mall-tan-phu,,,,,,https://shope.ee/9zy6n42r8P,
https://shopeefood.vn/ho-chi-minh/mama-dimsum,,,,,,https://shope.ee/AUuNNz0x7W,
https://shopeefood.vn/ho-chi-minh/dimsum-mi-hongkong-港式茶餐厅,,,,,,https://shope.ee/AKaxBg1aSV,
https://shopeefood.vn/ho-chi-minh/bong-s-dimsum-ha-cao-nha-lam,,,,,,https://shope.ee/5VVhQnJzGa,
https://shopeefood.vn/ho-chi-minh/dimsum-ngoc-tran-hoa-binh,,,,,,https://shope.ee/5LCHEUKcbZ,
https://shopeefood.vn/ho-chi-minh/a-shun-dimsum-tea-diem-tam-hongkong,,,,,,https://shope.ee/5q8XpPIiag,
https://shopeefood.vn/ho-chi-minh/dimsum-lin-ha-cao-xiu-mai,,,,,,https://shope.ee/5fp7d6JLvf,
https://shopeefood.vn/ho-chi-minh/chu-dimsum-house-au-co.vtzyhn,,,,,,https://shope.ee/6AlOE1HRum,
https://shopeefood.vn/ho-chi-minh/ha-cao-ong-hung-dimsum-homemade-kinh-duong-vuong,,,,,,https://shope.ee/60Ry1iI5Fl,
https://shopeefood.vn/ho-chi-minh/fat-pie-dimsum-nga,,,,,,https://shope.ee/6VOEcdGBEs,
https://shopeefood.vn/ho-chi-minh/dimsum-ha-cao-ngon-quan-xao-duong-26,,,,,,https://shope.ee/6L4oQKGoZr,
https://shopeefood.vn/ho-chi-minh/pao-dimsum-nguyen-thuong-hien,,,,,,https://shope.ee/6q151FEuYy,
https://shopeefood.vn/ho-chi-minh/ha-cao-dimsum-co-ut,,,,,,https://shope.ee/6fheowFXtx,
https://shopeefood.vn/ho-chi-minh/a-loi-mi-y-tobokki-dimsum,,,,,,https://shope.ee/7AdvPrDdt4,
https://shopeefood.vn/ho-chi-minh/bamboo-dimsum-vincom-mega-mall-thao-dien,,,,,,https://shope.ee/70KVDYEHE3,
https://shopeefood.vn/ho-chi-minh/mr-gy-dimsum-pizza-ga-ran-van-kiep,,,,,,https://shope.ee/7VGloTCNDA,
https://shopeefood.vn/ho-chi-minh/cao-dimsum-tan-hoa-dong,,,,,,https://shope.ee/7KxLcAD0Y9,
https://shopeefood.vn/ho-chi-minh/ha-cao-quynh-nhien-dimsum-homemade-ho-hoc-lam,,,,,,https://shope.ee/7ptcD5B6XG,
https://shopeefood.vn/ho-chi-minh/baoz-dimsum-restaurant-the-garden-mall,,,,,,https://shope.ee/7faC0mBjsF,
https://shopeefood.vn/ho-chi-minh/hu-tieu-mi-dimsum-nguyen-hong-phong,,,,,,https://shope.ee/30oMSCTVLM,
https://shopeefood.vn/ho-chi-minh/lau-hongkong-dimsum-da-nam,,,,,,https://shope.ee/3B7meVSs0P,
https://shopeefood.vn/ho-chi-minh/ha-cao-dimsum-a-duc-cu-xa-phu-lam-b,,,,,,https://shope.ee/2gBW3aUm1K,
https://shopeefood.vn/ho-chi-minh/co-hoa-dimsum-an-vat,,,,,,https://shope.ee/2qUwFtU8gN,
https://shopeefood.vn/ho-chi-minh/dimsum-quang-dong-ha-cao-xiu-mai-tran-huy-lieu,,,,,,https://shope.ee/3g43FQQxzY,
https://shopeefood.vn/ho-chi-minh/dimsum-hung-ky-van-than,,,,,,https://shope.ee/3qNTRjQKeb,
https://shopeefood.vn/ho-chi-minh/san-fu-lou-dimsum-hotpot-song-hanh,,,,,,https://shope.ee/3LRCqoSEfW,
https://shopeefood.vn/ho-chi-minh/bamboo-dimsum-aeon-mall-binh-tan,,,,,,https://shope.ee/3Vkd37RbKZ,
https://shopeefood.vn/ho-chi-minh/chu-be-ha-cao-dimsum-banh-bao-tuoi-ca-vien-chien,,,,,,https://shope.ee/4LJk2eOQdk,
https://shopeefood.vn/ho-chi-minh/a-loc-ha-cao-sui-cao-dimsum,,,,,,https://shope.ee/4VdAExNnIn,
https://shopeefood.vn/ho-chi-minh/ly-sdimsum-dimsum-cac-mon-xao-ton-that-hiep,,,,,,https://shope.ee/40gte2PhJi,
https://shopeefood.vn/ho-chi-minh/ha-cao-dimsum-dac-biet,,,,,,https://shope.ee/4B0JqLP3yl,
https://shopeefood.vn/ho-chi-minh/a-bui-dimsum,,,,,,https://shope.ee/50ZQpsLtHw,
https://shopeefood.vn/ho-chi-minh/tieu-man-thau-banh-bao-tuoi-dimsum-hongkong-duong-so-8,,,,,,https://shope.ee/5Asr2BLFwz,
https://shopeefood.vn/ho-chi-minh/dimsum-yufu-ha-cao-banh-bao-tra-cau-nguyen-tri-phuong.ccbtp0,,,,,,https://shope.ee/4fwaRGN9xu,
https://shopeefood.vn/ho-chi-minh/dimsum-la-la-dimsum-duong-so-5.s73vib,,,,,,https://shope.ee/4qG0dZMWcx,
https://shopeefood.vn/ho-chi-minh/dimsum-homemade-ha-cao-nong-349-cho-lon,,,,,,https://shope.ee/LnbHIdel6,
https://shopeefood.vn/ho-chi-minh/dimsum-cat-tuong-savoury,,,,,,https://shope.ee/W71Tbd1Q9,
https://shopeefood.vn/ho-chi-minh/shan-dimsum-phu-dong-thien-vuong,,,,,,https://shope.ee/1AksgevR4,
https://shopeefood.vn/ho-chi-minh/ha-cao-dimsum-ngoc-quyen-nguyen-thi-sau,,,,,,https://shope.ee/BUB4zeI67,
https://shopeefood.vn/ho-chi-minh/cham-banh-mi-xiu-mai-chen-bo-kho-dimsum,,,,,,https://shope.ee/113I4Wb7PI,
https://shopeefood.vn/ho-chi-minh/hai-su-com-nieu-singapore-dimsum-co-so-sg2-gigamall,,,,,,https://shope.ee/8fSjCc7nJd,
https://shopeefood.vn/ho-chi-minh/xingfu-dimsum-le-quy-don,,,,,,https://shope.ee/9AOznX5tIk,
https://shopeefood.vn/ho-chi-minh/banh-bao-dimsum-ha-cao-khang-diem-sam-express-11-duong-d5,,,,,,https://shope.ee/905ZbE6Wdj,
https://shopeefood.vn/ho-chi-minh/bat-buu-dimsum-mi,,,,,,https://shope.ee/6q151FEm2K,
https://shopeefood.vn/ho-chi-minh/bot-chien-trung-ky-dimsum-since-1990,,,,,,https://shope.ee/6fheowFPNJ,
https://shopeefood.vn/ho-chi-minh/viva-bakery-banh-nuong-ngan-lop-dimsum-banh-bao-dong-xoai,,,,,,https://shope.ee/7AdvPrDVMQ,
https://shopeefood.vn/ho-chi-minh/meiying-dimsum-nguyen-van-khoi,,,,,,https://shope.ee/70KVDYE8hP,
https://shopeefood.vn/ho-chi-minh/bep-be-muoi-an-vat-dimsum,,,,,,https://shope.ee/7VGloTCEgW,
https://shopeefood.vn/ho-chi-minh/min-dimsum-ha-cao-xiu-mai-ta-quang-buu,,,,,,https://shope.ee/7KxLcACs1V,
https://shopeefood.vn/ho-chi-minh/ghien-dimsum-quoc-lo-13,,,,,,https://shope.ee/7ptcD5Ay0c,
https://shopeefood.vn/ho-chi-minh/hua-wu-lou-dimsum-street-bui-thi-xuan,,,,,,https://shope.ee/7faC0mBbLb,
https://shopeefood.vn/ho-chi-minh/minyi-noodles-dimsum-coffee-cach-mang-thang-8,,,,,,https://shope.ee/5VVhQnJqkC,
https://shopeefood.vn/ho-chi-minh/merlion-house-com-vit-quay-mi-ca-dimsum-the-global-city,,,,,,https://shope.ee/5LCHEUKU5B,
https://shopeefood.vn/ho-chi-minh/dimsum-to-ky,,,,,,https://shope.ee/5q8XpPIa4I,
https://shopeefood.vn/ho-chi-minh/hai-su-com-nieu-singapore-dimsum-co-so-sg3-04-nguyen-thi-thap,,,,,,https://shope.ee/5fp7d6JDPH,
https://shopeefood.vn/ha-noi/dau-phu-than-thanh-my-cay-tap-the-918-shop-online,,,,,,https://shope.ee/6AlOE1HJOO,
https://shopeefood.vn/ha-noi/my-ngo-my-hoanh-thanh-dien-bien-phu,,,,,,https://shope.ee/60Ry1iHwjN,
https://shopeefood.vn/ha-noi/tiem-my-hoanh-thanh-quang-dong,,,,,,https://shope.ee/6VOEcdG2iU,
https://shopeefood.vn/ha-noi/混沌烧烤-168-hoanh-thanh-do-nuong-168,,,,,,https://shope.ee/6L4oQKGg3T,
https://shopeefood.vn/ha-noi/hoanh-thanh-ngoc-lam-玉林云吞-hoanh-thanh-sui-cao-hap-mi-tron,,,,,,https://shope.ee/4LJk2eOI76,
https://shopeefood.vn/ha-noi/my-hu-tieu-thanh-ky,,,,,,https://shope.ee/4VdAExNem9,
https://shopeefood.vn/ha-noi/mi-tron-indomie-hoanh-thanh-chien-392-kim-giang,,,,,,https://shope.ee/40gte2PYn4,
https://shopeefood.vn/ha-noi/dau-phu-than-thanh-my-cay-giap-bat,,,,,,https://shope.ee/4B0JqLOvS7,
https://shopeefood.vn/ha-noi/bua-xe-banh-tom-hoanh-thanh-bot-loc-chien,,,,,,https://shope.ee/50ZQpsLklI,
https://shopeefood.vn/ha-noi/banh-mi-bac-an-quan-thanh,,,,,,https://shope.ee/5Asr2BL7QL,
https://shopeefood.vn/ha-noi/dau-phu-than-thanh-my-cay-yen-lang-shop-online,,,,,,https://shope.ee/4fwaRGN1RG,
https://shopeefood.vn/da-nang/o-tuyet-mi-xiu-hoanh-thanh-cao-lau,,,,,,https://shope.ee/4qG0dZMO6J,
https://shopeefood.vn/da-nang/mi-hoanh-thanh-hai-ky,,,,,,https://shope.ee/30oMSCTMoy,
https://shopeefood.vn/da-nang/go-hu-tieu-mi-hoanh-thanh,,,,,,https://shope.ee/3B7meVSjU1,
https://shopeefood.vn/da-nang/truong-ky-my-gia-hu-tieu-nam-vang-mi-xiu-hoanh-thanh,,,,,,https://shope.ee/2gBW3aUdUw,
https://shopeefood.vn/da-nang/kim-sui-cao-hoanh-thanh,,,,,,https://shope.ee/2qUwFtU09z,
https://shopeefood.vn/da-nang/tiem-an-nguyen-ky-hu-tieu-mi-hoanh-thanh,,,,,,https://shope.ee/3g43FQQpTA,
https://shopeefood.vn/da-nang/tiem-an-sang-lua-my-hoanh-thanh-pho,,,,,,https://shope.ee/3qNTRjQC8D,
https://shopeefood.vn/da-nang/hu-tieu-nam-vang-hoanh-thanh-mi-xa-xiu-ho-ky-113-dang-dung,,,,,,https://shope.ee/3LRCqoS698,
https://shopeefood.vn/da-nang/mi-ho-gia-ky-27-phan-thanh,,,,,,https://shope.ee/3Vkd37RSoB,
https://shopeefood.vn/da-nang/tiem-an-cho-lon-ong-ich-khiem,,,,,,https://shope.ee/1gIyrkYRWq,
https://shopeefood.vn/da-nang/an-ky-mi-gia-mi-keo-hoanh-thanh-my-da-dong-12.ex7tqs,,,,,,https://shope.ee/1qcP43XoBt,
https://shopeefood.vn/da-nang/mi-hing-ky-hu-tieu-hoanh-thanh-sui-cao-le-thanh-nghi,,,,,,https://shope.ee/1Lg8T8ZiCo,
https://shopeefood.vn/da-nang/happy-quan-xoi-khau-nhuc-my-xiu-hoanh-thanh-55-thanh-hai,,,,,,https://shope.ee/1VzYfRZ4rr,
https://shopeefood.vn/da-nang/van-van-hu-tieu-quang-ngai-nui-hoanh-thanh-04-dinh-gia-trinh,,,,,,https://shope.ee/2LYfeyVuB2,
https://shopeefood.vn/da-nang/hu-tieu-hien-banh-canh-hoanh-thanh-nui,,,,,,https://shope.ee/2Vs5rHVGq5,
https://shopeefood.vn/da-nang/hoanh-thanh-la-nguyen-hai-phong,,,,,,https://shope.ee/20vpGMXAr0,
https://shopeefood.vn/da-nang/an-vat-chay-hoanh-thanh-nem-nuong-hoang-dieu,,,,,,https://shope.ee/2BFFSfWXW3,
https://shopeefood.vn/da-nang/quan-quynh-bun-dau-mam-tom-hoanh-thanh-canh-ga-chien-mam,,,,,,https://shope.ee/LnbHIdWEi,
https://shopeefood.vn/da-nang/da-heo-tron-hoanh-thanh-chien,,,,,,https://shope.ee/W71Tbcstl,
https://shopeefood.vn/da-nang/banh-mi-kebab-nuoc-giai-khat-zoon-nuoc-man-5,,,,,,https://shope.ee/1Aksgemug,
https://shopeefood.vn/da-nang/bep-ba-ngoai-ram-cuon-cai-hoanh-thanh-chien-04-vu-trong-hoang,,,,,,https://shope.ee/BUB4ze9Zj,
https://shopeefood.vn/ho-chi-minh/ngoc-ky-hu-tieu-bo-vien-hoanh-thanh,,,,,,https://shope.ee/113I4Waysu,
https://shopeefood.vn/ho-chi-minh/angel-liu-mi-tron-sui-cao-hoanh-thanh-mi-cay-mien-tron,,,,,,https://shope.ee/1BMiGpaLXx,
https://shopeefood.vn/ho-chi-minh/an-choi-an-no-gi-cung-co-mi-tron-hoanh-thanh-kho-ha-cao-dimsum-ca-vien-chien-le-nga,,,,,,https://shope.ee/gQRfucFYs,
https://shopeefood.vn/ho-chi-minh/mi-go-76-hu-tieu-banh-canh-hoanh-thanh,,,,,,https://shope.ee/qjrsDbcDv,
https://shopeefood.vn/ho-chi-minh/mi-tron-bep-cua-ngoai-nguyen-xi,,,,,,https://shope.ee/9fLGOS3zIe,
https://shopeefood.vn/ho-chi-minh/thuong-hai-xua-sui-cao-mi-hoanh-thanh-ton-dan,,,,,,https://shope.ee/9pegal3Lxh,
https://shopeefood.vn/ho-chi-minh/lu-phua-chia-hu-tieu-mi-hoanh-thanh-sui-cao-nguyen-son.ndshta,,,,,,https://shope.ee/9KiPzq5Fyc,
https://shopeefood.vn/ho-chi-minh/mi-hoanh-thanh-tini-mi-thap-cam-hu-tieu-nam-vang,,,,,,https://shope.ee/9V1qC94cdf,
https://shopeefood.vn/ho-chi-minh/hoang-ky-hu-tieu-mi-hoanh-thanh-xa-xiu,,,,,,https://shope.ee/AKaxBg1Rwq,
https://shopeefood.vn/ho-chi-minh/a-lan-hu-tieu-my-hoanh-thanh,,,,,,https://shope.ee/AUuNNz0obt,
https://shopeefood.vn/ho-chi-minh/mi-hoanh-thanh-sui-cao-gia-truyen-phuc-an,,,,,,https://shope.ee/9zy6n42ico,
https://shopeefood.vn/ho-chi-minh/mi-nam-tau-mi-hoanh-thanh-gia-truyen,,,,,,https://shope.ee/AAHWzN25Hr,
https://shopeefood.vn/ho-chi-minh/hong-anh-hu-tieu-mi-hoanh-thanh,,,,,,https://shope.ee/8Kpso0940W,
https://shopeefood.vn/ho-chi-minh/hy-ky-mi-gia-mi-hoanh-thanh-sui-cao-hoang-hoa-tham,,,,,,https://shope.ee/8V9J0J8QfZ,
https://shopeefood.vn/ho-chi-minh/tai-ky-hu-tieu-mi-bo-kho-suon-kho-thap-cam-hoanh-thanh,,,,,,https://shope.ee/80D2POAKgU,
https://shopeefood.vn/ho-chi-minh/hu-tieu-mi-thanh-ky-hu-tieu-mi-hoanh-thanh-nguyen-ngoc-nhut,,,,,,https://shope.ee/8AWSbh9hLX,
https://shopeefood.vn/ho-chi-minh/mi-hoanh-thanh-gia-truyen-hong-phuc-quang-trung,,,,,,https://shope.ee/905ZbE6Wei,
https://shopeefood.vn/ho-chi-minh/tak-ky-mi-hoanh-thanh-xa-xiu,,,,,,https://shope.ee/9AOznX5tJl,
https://shopeefood.vn/ho-chi-minh/mi-hoanh-thanh-gia-truyen-homie-tran-ba-giao,,,,,,https://shope.ee/8fSjCc7nKg,
https://shopeefood.vn/ho-chi-minh/quan-an-181-mi-xa-xiu-hu-tiu-ca-hoanh-thanh-cach-mang-thang-8,,,,,,https://shope.ee/8pm9Ov79zj,
https://shopeefood.vn/ho-chi-minh/mi-hoanh-thanh-thuy-tien-ho-dac-di,,,,,,https://shope.ee/70KVDYE8iO,
https://shopeefood.vn/ho-chi-minh/tai-ky-hu-tiu-mi-hoanh-thanh-thanh-loc-19.vrfx4p,,,,,,https://shope.ee/7AdvPrDVNR,
https://shopeefood.vn/ho-chi-minh/mi-hoanh-thanh-sui-cao-phuc-kien-mieu-go-xoai,,,,,,https://shope.ee/6fheowFPOM,
https://shopeefood.vn/ho-chi-minh/hu-tieu-mi-hoanh-thanh-sui-cao-duong-so-9,,,,,,https://shope.ee/6q151FEm3P,
https://shopeefood.vn/ho-chi-minh/hu-tieu-mi-hoanh-thanh-chau-ky,,,,,,https://shope.ee/7faC0mBbMa,
https://shopeefood.vn/ho-chi-minh/hoang-ky-hu-tieu-mi-hoanh-thanh-xa-xiu-21-7-ly-chinh-thang,,,,,,https://shope.ee/7ptcD5Ay1d,
https://shopeefood.vn/ho-chi-minh/papa-lee-s-noodle-mi-hoanh-thanh-wonton-noodle-nguyen-van-huong,,,,,,https://shope.ee/7KxLcACs2Y,
https://shopeefood.vn/ho-chi-minh/chu-tai-mi-hoanh-thanh-sui-cao-duong-so-6,,,,,,https://shope.ee/7VGloTCEhb,
https://shopeefood.vn/ho-chi-minh/hu-tiu-mi-464-bo-kho-suon-kho-thap-cam-hoanh-thanh,,,,,,https://shope.ee/5fp7d6JDQG,
https://shopeefood.vn/ho-chi-minh/a-quy-hu-tieu-mi-hoanh-thanh-huynh-van-banh,,,,,,https://shope.ee/5q8XpPIa5J,
https://shopeefood.vn/ho-chi-minh/cai-tiem-mi-mi-hoanh-thanh-sui-cao-duong-so-7-binh-tan.0itmoj,,,,,,https://shope.ee/5LCHEUKU6E,
https://shopeefood.vn/ho-chi-minh/mi-hoanh-thanh-ha-ky,,,,,,https://shope.ee/5VVhQnJqlH,
https://shopeefood.vn/ho-chi-minh/tan-diep-ky-hu-tieu-mi-hoanh-thanh-sui-cao-duong-dn5,,,,,,https://shope.ee/6L4oQKGg4S,
https://shopeefood.vn/ho-chi-minh/nguyen-ky-hu-tieu-mi-hoanh-thanh-sui-cao,,,,,,https://shope.ee/6VOEcdG2jV,
https://shopeefood.vn/ho-chi-minh/vy-ky-2-hu-tieu-mi-hoanh-thanh,,,,,,https://shope.ee/60Ry1iHwkQ,
https://shopeefood.vn/ho-chi-minh/a-xin-quan-hu-tieu-mi-hoanh-thanh-mi-tau-xa-xiu-goc-hoa-chuan-vi-nguyen-thi-thap.3ydn5b,,,,,,https://shope.ee/6AlOE1HJPT,
https://shopeefood.vn/ho-chi-minh/mi-hoanh-thanh-trung-hoa-mi-hoanh-thanh-dac-biet-duong-51,,,,,,https://shope.ee/4VdAExNenA,
https://shopeefood.vn/ho-chi-minh/mi-hoanh-thanh-gia-truyen-tam-an-tran-thai-tong,,,,,,https://shope.ee/4LJk2eOI89,
https://shopeefood.vn/ho-chi-minh/hu-tiu-mi-hoanh-thanh-599-nguyen-duy-trinh,,,,,,https://shope.ee/4B0JqLOvT8,
https://shopeefood.vn/ho-chi-minh/deli-food-a-sin-sui-cao-mi-hoanh-thanh-nguyen-trai,,,,,,https://shope.ee/40gte2PYo7,
https://shopeefood.vn/ho-chi-minh/hy-ky-mi-gia-mi-hoanh-thanh-sui-cao-ky-dong,,,,,,https://shope.ee/5Asr2BL7RM,
https://shopeefood.vn/ho-chi-minh/mi-quang-co-lieu-bun-moc-mi-hoanh-thanh-hoang-van-thu,,,,,,https://shope.ee/50ZQpsLkmL,
https://shopeefood.vn/ho-chi-minh/cao-khang-mi-sui-cao-hoanh-thanh,,,,,,https://shope.ee/4qG0dZMO7K,
https://shopeefood.vn/ho-chi-minh/hai-chi-em-hu-tieu-hoanh-thanh-mi-tuoi-xa-xiu-tuoi-tran-khac-chan,,,,,,https://shope.ee/4fwaRGN1SJ,
https://shopeefood.vn/ho-chi-minh/mi-hoanh-thanh-gia-truyen-phuc-an-duong-so-51,,,,,,https://shope.ee/3B7meVSjV2,
https://shopeefood.vn/ho-chi-minh/hu-tieu-mi-hoanh-thanh-sui-cao-liem-ky-dien-bien-phu,,,,,,https://shope.ee/30oMSCTMq1,
https://shopeefood.vn/ho-chi-minh/hu-tiu-mi-hoanh-thanh-dung-ky-mi-gia,,,,,,https://shope.ee/2qUwFtU0B0,
https://shopeefood.vn/ho-chi-minh/lao-mi-quan-mi-hoanh-thanh-hongkong-666-46-29-duong-3-2,,,,,,https://shope.ee/2gBW3aUdVz,
https://shopeefood.vn/ho-chi-minh/nho-xiu-xiu-mi-hoanh-thanh-xa-xiu-bo-kho-hu-tieu-nguyen-trong-tuyen,,,,,,https://shope.ee/3qNTRjQC9E,
https://shopeefood.vn/ho-chi-minh/tiem-mi-lu-ki-mi-gia-hu-tieu-mi-hoanh-thanh-thach-lam,,,,,,https://shope.ee/3g43FQQpUD,
https://shopeefood.vn/ho-chi-minh/papa-lee-s-noodle-mi-hoanh-thanh-wonton-noodle-ton-that-hiep,,,,,,https://shope.ee/3Vkd37RSpC,
https://shopeefood.vn/ho-chi-minh/phong-ky-hu-tieu-mi-hoanh-thanh-kinh-duong-vuong,,,,,,https://shope.ee/3LRCqoS6AB,
https://shopeefood.vn/ho-chi-minh/49-mi-tuoi-sui-cao-hoanh-thanh,,,,,,https://shope.ee/1qcP43XoCu,
https://shopeefood.vn/ho-chi-minh/thien-y-sui-cao-ha-ton-quyen-song-hanh,,,,,,https://shope.ee/50ZQpsN3iF,
https://shopeefood.vn/ho-chi-minh/khang-ky-mi-sui-cao-hoanh-thanh,,,,,,https://shope.ee/4B0JqLQEP6,
https://shopeefood.vn/ho-chi-minh/mi-xa-xiu-hoanh-thanh-bao-kep-nguyen-van-huong,,,,,,https://shope.ee/40gte2Qrk5,
https://shopeefood.vn/ho-chi-minh/mi-hoanh-thanh-gia-truyen-phuc-ky-tran-ba-giao,,,,,,https://shope.ee/4VdAExOxjC,
https://shopeefood.vn/ho-chi-minh/tiem-hu-tieu-mi-hoanh-thanh-239-tan-quy,,,,,,https://shope.ee/4LJk2ePb4B,
https://shopeefood.vn/ho-chi-minh/my-hoanh-thanh-phong-nha,,,,,,https://shope.ee/qjrsDcvAW,
https://shopeefood.vn/ho-chi-minh/hu-tieu-mi-sui-cao-hoanh-thanh-gia-truyen-din-hi-nguyen-van-dau,,,,,,https://shope.ee/gQRfudYVV,
https://shopeefood.vn/ho-chi-minh/chowmi-mi-tuoi-trieu-chau-mi-xa-xiu-mi-hoanh-thanh-ung-van-khiem,,,,,,https://shope.ee/1BMiGpbeUc,
https://shopeefood.vn/ho-chi-minh/hy-ky-mi-gia-mi-hoanh-thanh-sui-cao-duong-so-65,,,,,,https://shope.ee/113I4WcHpb,
https://shopeefood.vn/ho-chi-minh/quan-a-sin-mi-sui-cao-hoanh-thanh-dim-sum-duong-so-14,,,,,,https://shope.ee/BUB4zfSWS,
https://shopeefood.vn/ho-chi-minh/hu-tieu-mi-hoanh-thanh-thien-khai-mi-gia-duong-quang-ham,,,,,,https://shope.ee/1Aksgg5rR,
https://shopeefood.vn/ho-chi-minh/mi-sui-cao-3-co-nguyen-trai,,,,,,https://shope.ee/W71TbeBqY,
https://shopeefood.vn/ho-chi-minh/mi-hoanh-thanh-gia-truyen-le-ky-nguyen-an-le-quang-dinh,,,,,,https://shope.ee/LnbHIepBX,
https://shopeefood.vn/ho-chi-minh/a-quay-hoanh-thanh-mi-kho-xa-xiu-hu-tieu-bo-vien-34-tran-mai-ninh,,,,,,https://shope.ee/2BFFSfXqSu,
https://shopeefood.vn/ho-chi-minh/chongshi-wonton-hoanh-thanh-sui-cao-nguyen-gia-tri,,,,,,https://shope.ee/20vpGMYTnt,
https://shopeefood.vn/ho-chi-minh/hy-ky-mi-gia-mi-hoanh-thanh-sui-cao-nguyen-son-ha,,,,,,https://shope.ee/2Vs5rHWZn0,
https://shopeefood.vn/ho-chi-minh/2-me-con-hoanh-thanh-mi-xa-xiu-vo-van-tan,,,,,,https://shope.ee/2LYfeyXD7z,
https://shopeefood.vn/ho-chi-minh/mi-hoanh-thanh-gia-truyen-68,,,,,,https://shope.ee/1VzYfRaNoq,
https://shopeefood.vn/ho-chi-minh/goc-pho-hoanh-thanh-nguyen-huu-tho,,,,,,https://shope.ee/1Lg8T8b19p,
https://shopeefood.vn/ho-chi-minh/mon-ngon-minh-nhi-bun-thai-mi-hoanh-thanh-dinh-cong-trang,,,,,,https://shope.ee/1qcP43Z78w,
https://shopeefood.vn/ho-chi-minh/miuuufoods-hu-tieu-mi-nui-hoanh-thanh,,,,,,https://shope.ee/1gIyrkZkTv,
https://shopeefood.vn/ho-chi-minh/bep-bao-minh-hu-tieu-mi-hoanh-thanh-thit-269-ba-hom,,,,,,https://shope.ee/8pm9Ov8SwK,
https://shopeefood.vn/ho-chi-minh/quan-my-tho-117a-thanh-xuan,,,,,,https://shope.ee/8fSjCc96HJ,
https://shopeefood.vn/ho-chi-minh/vi-kiet-mi-gia-sui-cao-hoanh-thanh-32-8-luong-the-vinh.t6lec3,,,,,,https://shope.ee/9AOznX7CGQ,
https://shopeefood.vn/ho-chi-minh/hu-tieu-hoang-phat-mi-hoanh-thanh-le-van-duyet,,,,,,https://shope.ee/905ZbE7pbP,
https://shopeefood.vn/ho-chi-minh/hoanh-thanh-la-banh-bot-bun-mi-xao-giau,,,,,,https://shope.ee/8AWSbhB0IG,
https://shopeefood.vn/ho-chi-minh/sui-cao-huy-ngan,,,,,,https://shope.ee/80D2POBddF,
https://shopeefood.vn/ho-chi-minh/deli-food-a-sin-sui-cao-mi-hoanh-thanh-duong-so-14,,,,,,https://shope.ee/8V9J0J9jcM,
https://shopeefood.vn/ho-chi-minh/vinh-thanh-hu-tieu-mi-sui-cao,,,,,,https://shope.ee/8Kpso0AMxL,
https://shopeefood.vn/ho-chi-minh/a-min-quan-tran-xuan-soan,,,,,,https://shope.ee/AAHWzN3OEi,
https://shopeefood.vn/ho-chi-minh/ha-ky-mi-gia-mi-hoanh-thanh-dimsum-sui-cao,,,,,,https://shope.ee/9zy6n441Zh,
https://shopeefood.vn/ha-noi/bo-food-mi-tron-dai-thanh.nk1huh,,,,,,https://shope.ee/AUuNNz27Yo,
https://shopeefood.vn/ha-noi/mi-bo-dai-loan-trieu-khuc,,,,,,https://shope.ee/AKaxBg2ktn,
https://shopeefood.vn/ha-noi/mi-bo-dai-loan-nguyen-hoang,,,,,,https://shope.ee/9V1qC95vae,
https://shopeefood.vn/ha-noi/mi-bo-dai-loan-49-tran-quoc-toan,,,,,,https://shope.ee/9KiPzq6Yvd,
https://shopeefood.vn/ha-noi/podian-my-bo-dai-loan-doi-can,,,,,,https://shope.ee/9pegal4euk,
https://shopeefood.vn/ha-noi/vinsmart-mi-van-than-mi-bo-dai-loan,,,,,,https://shope.ee/9fLGOS5IFj,
https://shopeefood.vn/ha-noi/my-bo-dai-loan-mr-kelvin,,,,,,https://shope.ee/6AlOE1IcM4,
https://shopeefood.vn/ha-noi/my-bo-dai-loan-a-beo-hong-mai,,,,,,https://shope.ee/60Ry1iJFh3,
https://shopeefood.vn/ha-noi/ga-khong-loi-thoat-tran-quoc-toan-shop-online,,,,,,https://shope.ee/6VOEcdHLgA,
https://shopeefood.vn/ha-noi/mi-chan-mi-bo-dai-loan,,,,,,https://shope.ee/6L4oQKHz19,
https://shopeefood.vn/ha-noi/yu-tang-tra-sua-my-dai-loan-vo-chi-cong,,,,,,https://shope.ee/5VVhQnL9i0,
https://shopeefood.vn/ha-noi/tiem-nha-ying-my-dai-loan-cua-hap,,,,,,https://shope.ee/5LCHEULn2z,
https://shopeefood.vn/ha-noi/nhat-chao-nguyen-thi-dinh,,,,,,https://shope.ee/5q8XpPJt26,
https://shopeefood.vn/ha-noi/yu-tang-tra-sua-my-dai-loan-lotte-dao-tan,,,,,,https://shope.ee/5fp7d6KWN5,
https://shopeefood.vn/ha-noi/yu-tang-tra-sua-my-dai-loan-aeon-mall-ha-dong,,,,,,https://shope.ee/7VGloTDXeS,
https://shopeefood.vn/ha-noi/yu-tang-tra-sua-my-dai-loan-big-c-thang-long,,,,,,https://shope.ee/7KxLcAEAzR,
https://shopeefood.vn/ha-noi/mi-kungfu-94-mai-hac-de,,,,,,https://shope.ee/7ptcD5CGyY,
https://shopeefood.vn/ha-noi/nha-hang-dao-ngoc-an-uong-13a-ngu-xa,,,,,,https://shope.ee/7faC0mCuJX,
https://shopeefood.vn/ha-noi/yu-tang-tra-sua-my-dai-loan-aeon-mall-long-bien,,,,,,https://shope.ee/6q151FG50O,
https://shopeefood.vn/ha-noi/tra-chanh-sui-cao-my-dai-loan-nguyen-van-cu,,,,,,https://shope.ee/6fheowGiLN,
https://shopeefood.vn/ha-noi/bite-bowl-am-thuc-trung-viet-capital-place.uvtetl,,,,,,https://shope.ee/7AdvPrEoKU,
https://shopeefood.vn/ha-noi/noobowl-mi-bo-dai-loan,,,,,,https://shope.ee/70KVDYFRfT,
https://shopeefood.vn/ha-noi/chao-suon-gan-dai-loan-ga-ac-tan-banh-mi-sot-vang-ton-duc-thang,,,,,,https://shope.ee/3LRCqoTP6m,
https://shopeefood.vn/ha-noi/yu-tang-tra-sua-my-dai-loan-thai-phien,,,,,,https://shope.ee/3Vkd37Sllp,
https://shopeefood.vn/ha-noi/chasiu-com-chien-mi-xoi-thit-xa-xiu-thuy-khue,,,,,,https://shope.ee/3g43FQS8Qs,
https://shopeefood.vn/ha-noi/taipei-express-am-thuc-dai-loan-to-ngoc-van,,,,,,https://shope.ee/3qNTRjRV5v,
https://shopeefood.vn/ha-noi/com-ga-my-kampung,,,,,,https://shope.ee/2gBW3aVwSi,
https://shopeefood.vn/ha-noi/com-nha-1972-com-van-phong-thai-ha.czfh9z,,,,,,https://shope.ee/2qUwFtVJ7l,
https://shopeefood.vn/ha-noi/my-trung-sui-cao-diem-tam-dai-loan-do-an-healthy,,,,,,https://shope.ee/30oMSCUfmo,
https://shopeefood.vn/ha-noi/banh-my-bo-u-bach-khoa-131-tran-dai-nghia,,,,,,https://shope.ee/3B7meVU2Rr,
https://shopeefood.vn/ha-noi/banh-mi-sai-gon-tra-sua-dai-loan-cau-tu-khoat-ngu-hiep,,,,,,https://shope.ee/4fwaRGOKPA,
https://shopeefood.vn/ha-noi/banh-mi-bo-beo-banh-mi-sai-gon-banh-mi-heo-quay-do-uong-178-dai-mo,,,,,,https://shope.ee/4qG0dZNh4D,
https://shopeefood.vn/ha-noi/xom-an-24h-chao-gan-dai-loan-mi-tron-indomie-milo-dam-nguyen-khanh-toan.siiy5w,,,,,,https://shope.ee/50ZQpsN3jG,
https://shopeefood.vn/ha-noi/bep-co-nu-banh-mi-chao-bo-sot-vang-tran-dai-nghia,,,,,,https://shope.ee/5Asr2BMQOJ,
https://shopeefood.vn/ha-noi/chef-go-chuoi-banh-mi-pate-bo-guabao-kep-hien-dai-khuong-dinh,,,,,,https://shope.ee/40gte2Qrl6,
https://shopeefood.vn/ha-noi/chef-go-chuoi-banh-mi-pate-bo-guabao-kep-hien-dai-quan-tho-1,,,,,,https://shope.ee/4B0JqLQEQ9,
https://shopeefood.vn/ha-noi/chef-go-chuoi-banh-mi-pate-bo-guabao-kep-hien-dai-pham-ngoc-thach,,,,,,https://shope.ee/4LJk2ePb5C,
https://shopeefood.vn/ha-noi/tra-sua-tran-chau-dai-loan-my-dinh-tra-sua-le-duc-tho.8zwaql,,,,,,https://shope.ee/4VdAExOxkF,
https://shopeefood.vn/ha-noi/bun-bo-chao-suon-ngo-dai-loan-banh-bao-phomai-quan-nhan,,,,,,https://shope.ee/gQRfudYWW,
https://shopeefood.vn/ha-noi/shitao-quan-mi-bo-dai-loan-ha-dong.sfs1yb,,,,,,https://shope.ee/qjrsDcvBZ,
https://shopeefood.vn/ha-noi/tiem-nha-gi-my-bo-dai-loan-thanh-cong,,,,,,https://shope.ee/113I4WcHqc,
https://shopeefood.vn/ha-noi/yu-tang-tra-sua-my-dai-loan-ocean-park,,,,,,https://shope.ee/1BMiGpbeVf,
https://shopeefood.vn/ha-noi/yu-tang-tra-sua-my-dai-loan-chua-lang,,,,,,https://shope.ee/1Aksgg5sS,
https://shopeefood.vn/ha-noi/duong-anh-quan-online-my-bo-tim-cat-dai-la.xd295j,,,,,,https://shope.ee/BUB4zfSXV,
https://shopeefood.vn/da-nang/ngoc-ky-mi-bo-dai-loan-42-ung-van-khiem,,,,,,https://shope.ee/LnbHIepCY,
https://shopeefood.vn/da-nang/tran-gia-ky-mi-xa-xiu-99-me-suot.zefzre,,,,,,https://shope.ee/W71TbeBrb,
https://shopeefood.vn/da-nang/mi-kung-fu-225-nguyen-van-thoai,,,,,,https://shope.ee/20vpGMYTou,
https://shopeefood.vn/da-nang/lam-ky-mi-gia-645-tran-cao-van,,,,,,https://shope.ee/2BFFSfXqTx,
https://shopeefood.vn/da-nang/hup-sum-sup-mi-bo-dai-loan-tra-sua,,,,,,https://shope.ee/2LYfeyXD90,
https://shopeefood.vn/da-nang/moc-hi-dimsum-mon-trung-hoa,,,,,,https://shope.ee/2Vs5rHWZo3,
https://shopeefood.vn/da-nang/yu-tang-tra-sua-my-dai-loan-vincom-da-nang,,,,,,https://shope.ee/1Lg8T8b1Aq,
https://shopeefood.vn/da-nang/khanh-garden-lau-noi-da-dai-loan-com-chien-my-xao-lap-xuong-vo-nghia.zkb5wm,,,,,,https://shope.ee/1VzYfRaNpt,
https://shopeefood.vn/da-nang/my-quang-bun-bo-co-tho-dai-loc-dang-chat,,,,,,https://shope.ee/1gIyrkZkUw,
https://shopeefood.vn/ho-chi-minh/vua-mi-mi-bo-dai-loan-su-van-hanh,,,,,,https://shope.ee/1qcP43Z79z,
https://shopeefood.vn/ho-chi-minh/vua-mi-mi-bo-dai-loan-duong-d5,,,,,,https://shope.ee/8fSjCc96IK,
https://shopeefood.vn/ho-chi-minh/ngo-quan-mi-bo-dai-loan,,,,,,https://shope.ee/8pm9Ov8SxN,
https://shopeefood.vn/ho-chi-minh/mi-bo-dai-loan-thien-vi-quan,,,,,,https://shope.ee/905ZbE7pcQ,
https://shopeefood.vn/ho-chi-minh/vua-mi-mi-bo-dai-loan-phan-van-tri,,,,,,https://shope.ee/9AOznX7CHT,
https://shopeefood.vn/ho-chi-minh/vua-mi-mi-bo-dai-loan-tan-son-nhi,,,,,,https://shope.ee/80D2POBdeG,
https://shopeefood.vn/ho-chi-minh/vua-mi-mi-bo-dai-loan-344-ten-lua,,,,,,https://shope.ee/8AWSbhB0JJ,
https://shopeefood.vn/ho-chi-minh/vua-mi-mi-bo-dai-loan-nguyen-van-qua,,,,,,https://shope.ee/8Kpso0AMyM,
https://shopeefood.vn/ho-chi-minh/vua-mi-mi-bo-dai-loan-ten-lua,,,,,,https://shope.ee/8V9J0J9jdP,
https://shopeefood.vn/ho-chi-minh/vua-mi-mi-bo-dai-loan-nguyen-anh-thu,,,,,,https://shope.ee/9zy6n441ai,
https://shopeefood.vn/ho-chi-minh/dao-mi-bo-mi-bo-dai-loan-xo-viet-nghe-tinh,,,,,,https://shope.ee/AAHWzN3OFl,
https://shopeefood.vn/ho-chi-minh/mi-bo-dai-loan-papafood-do-bi,,,,,,https://shope.ee/AKaxBg2kuo,
https://shopeefood.vn/ho-chi-minh/vua-mi-mi-bo-dai-loan-hoang-dieu-2,,,,,,https://shope.ee/AUuNNz27Zr,
https://shopeefood.vn/ho-chi-minh/vua-mi-mi-bo-dai-loan-cao-thang,,,,,,https://shope.ee/9KiPzq6Ywe,
https://shopeefood.vn/ho-chi-minh/hao-mian-mi-bo-dai-loan-nguyen-van-linh,,,,,,https://shope.ee/9V1qC95vbh,
https://shopeefood.vn/ho-chi-minh/dai-vi-taiwanese-noodles,,,,,,https://shope.ee/9fLGOS5IGk,
https://shopeefood.vn/ho-chi-minh/hello-mi-bo-va-lau-dai-loan-9-ton-that-tung.x918yb,,,,,,https://shope.ee/20vpGMXzxl,
https://shopeefood.vn/ho-chi-minh/vua-mi-mi-bo-dai-loan-nguyen-duy-trinh,,,,,,https://shope.ee/2Vs5rHW5ws,
https://shopeefood.vn/ho-chi-minh/jiro-s-kitchen-mi-bo-dai-loan-shop-online,,,,,,https://shope.ee/2LYfeyWjHr,
https://shopeefood.vn/ho-chi-minh/mi-bo-dai-loan-ong-xa-ba-xa,,,,,,https://shope.ee/BUB4zeygS,
https://shopeefood.vn/ho-chi-minh/meili-mi-bo-dai-loan-mi-sui-cao-mai-van-vinh,,,,,,https://shope.ee/1Aksgfc1R,
https://shopeefood.vn/ho-chi-minh/meili-mi-bo-dai-loan-mi-sui-cao-nhieu-tu,,,,,,https://shope.ee/W71Tbdi0Y,
https://shopeefood.vn/ho-chi-minh/mi-phong-ky-hu-tieu-sui-cao-xa-xiu-mi-bo-dai-loan,,,,,,https://shope.ee/LnbHIeLLX,
https://shopeefood.vn/ho-chi-minh/cow-mee-inn-my-bo-dai-loan-taiwan-beef-noodle-q4,,,,,,https://shope.ee/qjrsDcRKe,
https://shopeefood.vn/ho-chi-minh/bo-bar-signature-mi-bo-dai-loan,,,,,,https://shope.ee/gQRfud4fd,
https://shopeefood.vn/ho-chi-minh/cow-mee-inn-mi-bo-dai-loan-taiwan-beef-noodle-q1,,,,,,https://shope.ee/1BMiGpbAek,
https://shopeefood.vn/ho-chi-minh/a-mao-mi-bo-dai-loan-414-nguyen-thi-thap,,,,,,https://shope.ee/113I4Wbnzj,
https://shopeefood.vn/ho-chi-minh/baofood-mi-bo-dai-loan-tra-sua,,,,,,https://shope.ee/4B0JqLPkZM,
https://shopeefood.vn/ho-chi-minh/cow-mee-inn-taiwanese-beef-noodle-tran-nao,,,,,,https://shope.ee/40gte2QNuL,
https://shopeefood.vn/ho-chi-minh/ngu-mi-mi-bo-dai-loan-mi-vit-tiem-suon-heo-bak-kut-teh,,,,,,https://shope.ee/4VdAExOTtS,
https://shopeefood.vn/ho-chi-minh/meili-mi-bo-dai-loan-banh-bao-kep-nguyen-van-khoi,,,,,,https://shope.ee/4LJk2eP7ER,
https://shopeefood.vn/ho-chi-minh/meili-mi-bo-dai-loan-banh-bao-kep-ung-van-khiem,,,,,,https://shope.ee/4qG0dZNDDY,
https://shopeefood.vn/ho-chi-minh/sui-cao-a-phuc-hau-giang,,,,,,https://shope.ee/4fwaRGNqYX,
https://shopeefood.vn/ho-chi-minh/a-mao-mi-sup-dai-loan,,,,,,https://shope.ee/5Asr2BLwXe,
https://shopeefood.vn/ho-chi-minh/baofood-mi-bo-dai-loan-tra-sua-le-van-tho,,,,,,https://shope.ee/50ZQpsMZsd,
https://shopeefood.vn/ho-chi-minh/mi-suon-bo-mi-bo-dai-loan-lau-to-bach-hoa-lau,,,,,,https://shope.ee/2qUwFtUpHE,
https://shopeefood.vn/ho-chi-minh/a-mao-mi-bo-dai-loan-cao-dat.z0lrep,,,,,,https://shope.ee/2gBW3aVScD,
https://shopeefood.vn/ho-chi-minh/bep-pho,,,,,,https://shope.ee/3B7meVTYbK,
https://shopeefood.vn/ho-chi-minh/yu-tang-tra-sua-my-dai-loan-grand-park-quan-9,,,,,,https://shope.ee/30oMSCUBwJ,
https://shopeefood.vn/ho-chi-minh/mi-bo-dai-loan-guan-jun-su-van-hanh,,,,,,https://shope.ee/3Vkd37SHvQ,
https://shopeefood.vn/ho-chi-minh/rf-real-full-do-an-dai-loan-com-van-phong-mi-bo-hoang-quoc-viet,,,,,,https://shope.ee/3LRCqoSvGP,
https://shopeefood.vn/ho-chi-minh/dai-vi-quan-am-thuc-dai-loan,,,,,,https://shope.ee/3qNTRjR1FW,
https://shopeefood.vn/ho-chi-minh/wugee-lounge-cuisine,,,,,,https://shope.ee/3g43FQReaV,
https://shopeefood.vn/ho-chi-minh/mi-bo-cay-dai-loan-mi-sui-cao-bo-vien-ma-ma-min-150-26-nguyen-trai,,,,,,https://shope.ee/6q151FFbA8,
https://shopeefood.vn/ho-chi-minh/pho-hung-coffee,,,,,,https://shope.ee/6fheowGEV7,
https://shopeefood.vn/ho-chi-minh/tiem-chu-map-mi-bo-dai-loan-lau-cay-te-tu-xuyen-tomyum-thai,,,,,,https://shope.ee/7AdvPrEKUE,
https://shopeefood.vn/ho-chi-minh/zan-tai-wei-tra-sua-mi-bo-dai-loan-phu-my-hung,,,,,,https://shope.ee/70KVDYExpD,
https://shopeefood.vn/ho-chi-minh/tiem-mi-dai-loan-taiwanese-noodles-bistro-a-bowl-of-noodle-39-nguyen-son-ha,,,,,,https://shope.ee/7VGloTD3oK,
https://shopeefood.vn/ho-chi-minh/baozi-am-thuc-dai-loan-hai-ba-trung,,,,,,https://shope.ee/7KxLcADh9J,
https://shopeefood.vn/ho-chi-minh/quan-an-kien-cang-mi-dai-loan-ly-thuong-kiet,,,,,,https://shope.ee/7ptcD5Bn8Q,
https://shopeefood.vn/ho-chi-minh/tipiki-pho-am-thuc-dai-loan-hong-ha,,,,,,https://shope.ee/7faC0mCQTP,
https://shopeefood.vn/ho-chi-minh/jeffrey-s-kitchen-taiwanese-beef-noodle-dumpling,,,,,,https://shope.ee/5VVhQnKfs0,
https://shopeefood.vn/ho-chi-minh/mian-ban-kitchen-bui-thi-xuan,,,,,,https://shope.ee/5LCHEULJCz,
https://shopeefood.vn/ho-chi-minh/phuc-hop-lau-luy-ban-bich,,,,,,https://shope.ee/5q8XpPJPC6,
https://shopeefood.vn/ho-chi-minh/yu-tang-tra-sua-my-dai-loan-lotte-mart-cong-hoa,,,,,,https://shope.ee/5fp7d6K2X5,
https://shopeefood.vn/ho-chi-minh/to-kitchen-mi-va-banh-hai-ba-trung,,,,,,https://shope.ee/6AlOE1I8WC,
https://shopeefood.vn/ho-chi-minh/goc-bep-bon-appetit-dan-nguyen-co-thach,,,,,,https://shope.ee/60Ry1iIlrB,
https://shopeefood.vn/ho-chi-minh/yu-tang-tra-sua-my-dai-loan-van-hanh-mall,,,,,,https://shope.ee/6VOEcdGrqI,
https://shopeefood.vn/ho-chi-minh/nha-mi-5c-mi-sui-cao-nguyen-van-khoi,,,,,,https://shope.ee/6L4oQKHVBH,
https://shopeefood.vn/ho-chi-minh/vq-coffee-bar-khu-nam-vien-1,,,,,,https://shope.ee/9V1qC95Rku,
https://shopeefood.vn/ho-chi-minh/foodee-restop-aeon-mall-tan-phu-celadon,,,,,,https://shope.ee/9KiPzq655t,
https://shopeefood.vn/ho-chi-minh/quan-an-hongkong-168-dimsum-mi-sui-cao-com-tho,,,,,,https://shope.ee/9pegal4B50,
https://shopeefood.vn/ho-chi-minh/quan-an-tran-gia-ky-hu-tieu-sa-dec-mi-suon-tiem-com-ga-go-o-moi,,,,,,https://shope.ee/9fLGOS4oPz,
https://shopeefood.vn/ho-chi-minh/taro-food-com-lau-nhat-mai-thi-luu,,,,,,https://shope.ee/AAHWzN2uP6,
https://shopeefood.vn/ho-chi-minh/mi-tuoi-dai-loan-186-hong-ha,,,,,,https://shope.ee/9zy6n43Xk5,
https://shopeefood.vn/ho-chi-minh/yu-tang-tea-house-gigamall,,,,,,https://shope.ee/AUuNNz1djC,
https://shopeefood.vn/ho-chi-minh/mi-dai-cuon-viet-mi-bo-dai-loan-pho-cuon-ha-noi,,,,,,https://shope.ee/AKaxBg2H4B,
https://shopeefood.vn/ho-chi-minh/a-chan-mi-bo-lau-dai-loan,,,,,,https://shope.ee/8AWSbhAWSm,
https://shopeefood.vn/ho-chi-minh/baozi-am-thuc-dai-loan-tran-ngoc-dien,,,,,,https://shope.ee/80D2POB9nl,
https://shopeefood.vn/ho-chi-minh/am-thuc-nt-food-pho-cac-mon-tiem,,,,,,https://shope.ee/8V9J0J9Fms,
https://shopeefood.vn/ho-chi-minh/ga-thom-dai-loan-211-duong-so-19,,,,,,https://shope.ee/8Kpso09t7r,
https://shopeefood.vn/ho-chi-minh/wok-of-love-am-thuc-trung-han-duong-so-5,,,,,,https://shope.ee/8pm9Ov7z6y,
https://shopeefood.vn/ho-chi-minh/bingsu-tra-sua-tra-trai-cay-an-vat,,,,,,https://shope.ee/8fSjCc8cRx,
https://shopeefood.vn/ho-chi-minh/royaltea-viet-nam-ly-chinh-thang,,,,,,https://shope.ee/9AOznX6iR4,
https://shopeefood.vn/ho-chi-minh/wok-of-love-phu-my-hung-noi-khu-hung-phuoc-2,,,,,,https://shope.ee/905ZbE7Lm3,
https://shopeefood.vn/ho-chi-minh/fruit-land-trai-cay-hop-cat-san,,,,,,https://shope.ee/1Lg8T8aXKa,
https://shopeefood.vn/ho-chi-minh/va-thanh-quan-an-dai-loan-casual-taiwanese,,,,,,https://shope.ee/1VzYfRZtzd,
https://shopeefood.vn/ho-chi-minh/tra-sua-dai-loan-cafe-mi-tron-304-tan-huong,,,,,,https://shope.ee/1gIyrkZGeg,
https://shopeefood.vn/ho-chi-minh/tra-sua-dai-loan-duong-62-thanh-my-loi,,,,,,https://shope.ee/1qcP43YdJj,
https://shopeefood.vn/ho-chi-minh/a-mao-mi-sup-dai-loan-le-hong-phong,,,,,,https://shope.ee/20vpGMXzym,
https://shopeefood.vn/ho-chi-minh/my-castella-banh-bong-lan-dai-loan,,,,,,https://shope.ee/2BFFSfXMdp,
https://shopeefood.vn/ho-chi-minh/ms-huong-mi-cao-dai-loan-tan-cang,,,,,,https://shope.ee/2LYfeyWjIs,
https://shopeefood.vn/ho-chi-minh/hong-loan-mi-xao-bo-duong-so-24,,,,,,https://shope.ee/2Vs5rHW5xv,
https://shopeefood.vn/ho-chi-minh/bun-bo-my-huong-bun-bo-bo-kho-tran-dai-nghia.qgujhn,,,,,,https://shope.ee/1Aksgfc2S,
https://shopeefood.vn/ho-chi-minh/bo-ne-sot-dai-loan-phan-huy-ich,,,,,,https://shope.ee/BUB4zeyhV,
https://shopeefood.vn/ho-chi-minh/baozi-am-thuc-dai-loan-ho-tung-mau,,,,,,https://shope.ee/LnbHIeLMY,
https://shopeefood.vn/ho-chi-minh/mi-bo-dai-bac-an-uong-33-quang-trung-phuong-3-quan-go-vap.ov4ila,,,,,,https://shope.ee/W71Tbdi1b,
https://shopeefood.vn/ho-chi-minh/loan-vu-banh-mi-bo-nuong-bo-971-tinh-lo-10,,,,,,https://shope.ee/gQRfud4ge,
https://shopeefood.vn/ho-chi-minh/bo-bit-tet-dai-loan-bo-437-ha-huy-giap.vvyddf,,,,,,https://shope.ee/qjrsDcRLh,
https://shopeefood.vn/ho-chi-minh/mi-bo-tu-xuyen-336-luong-dinh-cua,,,,,,https://shope.ee/113I4Wbo0k,
https://shopeefood.vn/ho-chi-minh/my-castella-banh-bong-lan-dai-loan-nguyen-chi-thanh,,,,,,https://shope.ee/1BMiGpbAfn,
https://shopeefood.vn/ho-chi-minh/banh-mi-xoi-man-bo-kho-co-cuc-tran-dai-nghia,,,,,,https://shope.ee/40gte2QNvM,
https://shopeefood.vn/ha-noi/pho-xao-gion-ba-dam-hong-phuc,,,,,,https://shope.ee/4B0JqLPkaP,
https://shopeefood.vn/ha-noi/ichi-food-chao-sup-my-xao-kim-giang,,,,,,https://shope.ee/4LJk2eP7FS,
https://shopeefood.vn/ha-noi/ichi-food-chao-sup-my-xao-ga-u-muoi-nguyen-ngoc-vu,,,,,,https://shope.ee/4VdAExOTuV,
https://shopeefood.vn/ha-noi/minh-chien-food-chao-my-xao-sup-ga-dac-biet-dao-duy-anh,,,,,,https://shope.ee/4fwaRGNqZY,
https://shopeefood.vn/ha-noi/minh-chien-food-chao-my-xao-sup-ga-dac-biet-khuong-dinh,,,,,,https://shope.ee/4qG0dZNDEb,
https://shopeefood.vn/ha-noi/tien-food-chao-chao-ga-mi-xao-chan-ga,,,,,,https://shope.ee/50ZQpsMZte,
https://shopeefood.vn/ha-noi/pho-hanh-pho-xao-com-rang-chien-gion-nguyen-gia-thieu,,,,,,https://shope.ee/5Asr2BLwYh,
https://shopeefood.vn/ha-noi/pho-xao-quang-pho-chien-gion-167-truong-dinh,,,,,,https://shope.ee/2gBW3aVSdE,
https://shopeefood.vn/ha-noi/mi-gion-gia-loc-shop-online,,,,,,https://shope.ee/2qUwFtUpIH,
https://shopeefood.vn/ha-noi/banh-mi-gion-66-luong-van-can,,,,,,https://shope.ee/30oMSCUBxK,
https://shopeefood.vn/ha-noi/thu-ngan-com-rang-mi-xao,,,,,,https://shope.ee/3B7meVTYcN,
https://shopeefood.vn/ha-noi/a-chau-mi-xao-pho-chien-gion-so-1-bun-pho-au-co.5w38ec,,,,,,https://shope.ee/3LRCqoSvHQ,
https://shopeefood.vn/ha-noi/my-tron-muoi-ot-com-rang-gion-mi-tron-com-hang-be.nqsk4y,,,,,,https://shope.ee/3Vkd37SHwT,
https://shopeefood.vn/ha-noi/banh-mi-heo-quay-bi-gion-10a-ta-quang-buu,,,,,,https://shope.ee/3g43FQRebW,
https://shopeefood.vn/ha-noi/mi-tron-xao-xa-xiu-xingfu-minh-khai,,,,,,https://shope.ee/3qNTRjR1GZ,
https://shopeefood.vn/ha-noi/bun-dau-gion-rum-my-chua-cay-dang-van-ngu,,,,,,https://shope.ee/6fheowGEW8,
https://shopeefood.vn/ha-noi/nong-gion-tiem-banh-mi-pate-shop-online,,,,,,https://shope.ee/6q151FFbBB,
https://shopeefood.vn/ha-noi/ngay-food-mi-tron-indomie-com-dao-gion-nam-du,,,,,,https://shope.ee/70KVDYExqE,
https://shopeefood.vn/ha-noi/co-tuyet-banh-cuon-bun-cha-ha-noi,,,,,,https://shope.ee/7AdvPrEKVH,
https://shopeefood.vn/ha-noi/1990-banh-mi-ngon-ga-ran-gion-xuan-la.s6g9px,,,,,,https://shope.ee/7KxLcADhAK,
https://shopeefood.vn/ha-noi/phuc-an-loc-banh-mi-heo-nuong-lu-gion-tan-vu-ngoc-phan,,,,,,https://shope.ee/7VGloTD3pN,
https://shopeefood.vn/ha-noi/banh-mi-pate-gion-pate-truyen-thong-229-to-hieu,,,,,,https://shope.ee/7faC0mCQUQ,
https://shopeefood.vn/ha-noi/street-food-korean-tokbokki-mi-ga-gion-xuan-dinh,,,,,,https://shope.ee/7ptcD5Bn9T,
https://shopeefood.vn/ha-noi/phuc-an-loc-banh-mi-heo-nuong-lu-gion-tan-le-thanh-nghi,,,,,,https://shope.ee/5LCHEULJE0,
https://shopeefood.vn/ha-noi/co-do-quan-bun-bo-hue-com-rang-mi-xao,,,,,,https://shope.ee/9pegal5D0I,
https://shopeefood.vn/ha-noi/una-patata-banh-mi-khoai-soi-gion-ngo-ba-trieu,,,,,,https://shope.ee/9fLGOS5qLH,
https://shopeefood.vn/ha-noi/bamiheo-banh-mi-thit-heo-quay-gion-bi-hao-hang-hoang-quoc-viet.roidzf,,,,,,https://shope.ee/6AlOE1JARc,
https://shopeefood.vn/ha-noi/banh-mi-gion-bao-minh-204-yen-hoa,,,,,,https://shope.ee/60Ry1iJnmb,
https://shopeefood.vn/ha-noi/banh-mi-bo-xao-hong-hoa,,,,,,https://shope.ee/6VOEcdHtli,
https://shopeefood.vn/ha-noi/fastfood-xoi-nong-banh-mi-gion,,,,,,https://shope.ee/6L4oQKIX6h,
https://shopeefood.vn/ha-noi/quan-com-gion-thao-den-com-rang-my-xao-mon-nhau-giai-phong,,,,,,https://shope.ee/5VVhQnLhnY,
https://shopeefood.vn/ha-noi/hieu-vau-quan-pho-bo-pho-chien-gion-pho-xao-ngo-286-nguyen-xien,,,,,,https://shope.ee/5LCHEUML8X,
https://shopeefood.vn/ha-noi/banh-mi-gion-ha-trang-ngo-3-nghia-tan.ltdyyn,,,,,,https://shope.ee/5q8XpPKR7e,
https://shopeefood.vn/da-nang/bun-dau-da-gion-chan-ga-sach-my-xao-rumrum,,,,,,https://shope.ee/5fp7d6L4Sd,
https://shopeefood.vn/da-nang/banh-mi-que-gion-tan-kinh-duong-vuong,,,,,,https://shope.ee/7VGloTE5k0,
https://shopeefood.vn/da-nang/hamburger-hoang-hamburger-ga-gion-banh-mi-nuong-muoi-ot,,,,,,https://shope.ee/7KxLcAEj4z,
https://shopeefood.vn/da-nang/ong-phu-loc-banh-mi-heo-nuong-lu-gion-da-tan-hoa-8,,,,,,https://shope.ee/7ptcD5Cp46,
https://shopeefood.vn/da-nang/ong-phu-loc-banh-mi-heo-nuong-lu-gion-da-ha-huy-tap,,,,,,https://shope.ee/7faC0mDSP5,
https://shopeefood.vn/ho-chi-minh/cut-chien-bo-vy-hao-mi-xao-gion-le-van-khuong,,,,,,https://shope.ee/6q151FGd5w,
https://shopeefood.vn/ho-chi-minh/mamaxot-com-xeo-mi-xeo-gion-lac-long-quan.gua0a3,,,,,,https://shope.ee/6fheowHGQv,
https://shopeefood.vn/ho-chi-minh/bot-chien-mi-xao-nui-xao-duong-so-4,,,,,,https://shope.ee/7AdvPrFMQ2,
https://shopeefood.vn/ho-chi-minh/v-gaming-food-24-7-an-vat-mi-xao-nui-xao-ta-quang-buu,,,,,,https://shope.ee/70KVDYFzl1,
https://shopeefood.vn/ho-chi-minh/v-gaming-food-24-7-an-vat-mi-xao-nui-xao-42-nguyen-thi-thap,,,,,,https://shope.ee/3Vkd37TJrM,
https://shopeefood.vn/ho-chi-minh/com-ga-mi-xao-gion-vinh-ky-pham-hung,,,,,,https://shope.ee/3LRCqoTxCL,
https://shopeefood.vn/ho-chi-minh/com-chien-duong-chau-mi-xao-gion-206,,,,,,https://shope.ee/3qNTRjS3BS,
https://shopeefood.vn/ho-chi-minh/hung-ky-mi-xao-gion-hu-tiu-xao-no-trang-long,,,,,,https://shope.ee/3g43FQSgWR,
https://shopeefood.vn/ho-chi-minh/hu-tieu-xao-com-ga-mam-toi-mi-xao-gion-quy-thuy,,,,,,https://shope.ee/2qUwFtVrDI,
https://shopeefood.vn/ho-chi-minh/quan-an-bao-ky-com-chien-mi-xao-hu-tieu,,,,,,https://shope.ee/2gBW3aWUYH,
https://shopeefood.vn/ho-chi-minh/com-ga-mam-toi-hu-tieu-mi-xao-gion-tan-ky,,,,,,https://shope.ee/3B7meVUaXO,
https://shopeefood.vn/ho-chi-minh/han-gia-ky-go-vap-mi-xao-gion-hu-tieu-xao-le-quang-dinh,,,,,,https://shope.ee/30oMSCVDsN,
https://shopeefood.vn/ho-chi-minh/mi-xao-gion-117,,,,,,https://shope.ee/4qG0dZOF9k,
https://shopeefood.vn/ho-chi-minh/mi-xao-gion-truong-ky-tran-khac-chan,,,,,,https://shope.ee/4fwaRGOsUj,
https://shopeefood.vn/ho-chi-minh/hu-tieu-xao-paul-hu-tieu-mi-xao-gion-hung-phu,,,,,,https://shope.ee/5Asr2BMyTq,
https://shopeefood.vn/ho-chi-minh/mi-xao-gion-com-ga-xoi-mo-khang-phan,,,,,,https://shope.ee/50ZQpsNbop,
https://shopeefood.vn/ho-chi-minh/tam-ky-com-ga-hu-tieu-xao-mi-xao-gion-60-quang-trung,,,,,,https://shope.ee/4B0JqLQmVg,
https://shopeefood.vn/ho-chi-minh/tai-ky-com-mi-xao-gion,,,,,,https://shope.ee/40gte2RPqf,
https://shopeefood.vn/ho-chi-minh/bep-nhi-com-chien-mi-xao-gion-hu-tieu-xao-hiep-binh,,,,,,https://shope.ee/4VdAExPVpm,
https://shopeefood.vn/ho-chi-minh/minh-khoi-hu-tieu-mi-xao-gion,,,,,,https://shope.ee/4LJk2eQ9Al,
https://shopeefood.vn/ho-chi-minh/a-ma-com-ga-bo-ne-mi-xao-gion-cu-xa-phan-dang-luu,,,,,,https://shope.ee/qjrsDdTH6,
https://shopeefood.vn/ho-chi-minh/tam-ky-com-ga-hu-tieu-xao-mi-xao-gion-320-pham-hung,,,,,,https://shope.ee/gQRfue6c5,
https://shopeefood.vn/ho-chi-minh/bep-an-mai-le-com-ga-xoi-mo-hu-tieu-xao-mi-xao-gion-pham-the-hien,,,,,,https://shope.ee/1BMiGpcCbC,
https://shopeefood.vn/ho-chi-minh/com-chien-ga-xoi-mo-mi-xao-gion-hu-tieu-xao-phat-ky,,,,,,https://shope.ee/113I4WcpwB,
https://shopeefood.vn/ho-chi-minh/hai-map-mi-xao-gion-com-ga-gion-da-518-nguyen-van-qua,,,,,,https://shope.ee/BUB4zg0d2,
https://shopeefood.vn/ho-chi-minh/com-ga-xoi-mo-ngoc-han-hu-tiu-xao-mi-xao-gion-duong-thi-muoi,,,,,,https://shope.ee/1Aksggdy1,
https://shopeefood.vn/ho-chi-minh/bep-nhi-hu-tieu-xao-mi-xao-gion-com-chien-thanh-da,,,,,,https://shope.ee/W71Tbejx8,
https://shopeefood.vn/ho-chi-minh/quan-vy-hao-com-chien-mi-xao-gion,,,,,,https://shope.ee/LnbHIfNI7,
https://shopeefood.vn/ho-chi-minh/dung-ky-com-chien-mi-xao-gion-hu-tieu-xao,,,,,,https://shope.ee/2BFFSfYOZU,
https://shopeefood.vn/ho-chi-minh/anh-ba-ky-com-ga-xoi-mo-hu-tieu-xao-mi-xao-gion,,,,,,https://shope.ee/20vpGMZ1uT,
https://shopeefood.vn/ho-chi-minh/com-ga-rr-com-ga-xoi-mo-mi-xao-gion-banh-pho-xao-533-pham-van-dong-phuong-13-quan-binh-thanh.aeo6oi,,,,,,https://shope.ee/2Vs5rHX7ta,
https://shopeefood.vn/ho-chi-minh/com-chien-hu-tieu-mi-xao-gion-family-a-dung-hung-phu,,,,,,https://shope.ee/2LYfeyXlEZ,
https://shopeefood.vn/ho-chi-minh/hu-tieu-xao-mi-xao-gion-thanh-ky-lam-van-ben,,,,,,https://shope.ee/1VzYfRavvQ,
https://shopeefood.vn/ho-chi-minh/tai-ky-com-mi-xao-gion-nguyen-thien-thuat,,,,,,https://shope.ee/1Lg8T8bZGP,
https://shopeefood.vn/ho-chi-minh/my-xao-gion-com-chien-loc-gia-ky-nguyen-xi,,,,,,https://shope.ee/1qcP43ZfFW,
https://shopeefood.vn/ho-chi-minh/quan-an-tam-bao-com-duong-chau-mi-xao-gion,,,,,,https://shope.ee/1gIyrkaIaV,
https://shopeefood.vn/ho-chi-minh/hu-tieu-xao-mi-xao-gion-hong-son-88-de-tham,,,,,,https://shope.ee/8fSjCc9eNs,
https://shopeefood.vn/ho-chi-minh/com-chien-hu-tieu-xao-mi-xao-hoang-gia-ky,,,,,,https://shope.ee/8pm9Ov912v,
https://shopeefood.vn/ho-chi-minh/mi-xao-gion-a-man,,,,,,https://shope.ee/905ZbE8Nhy,
https://shopeefood.vn/ho-chi-minh/a-zin-quan-com-ga-xoi-mo-com-chien-hu-tieu-mi-xao-gion,,,,,,https://shope.ee/9AOznX7kN1,
https://shopeefood.vn/ho-chi-minh/phong-ky-hu-tieu-xao-mi-xao-gion-le-quang-dinh,,,,,,https://shope.ee/80D2POCBjo,
https://shopeefood.vn/ho-chi-minh/quan-an-trung-hoa-com-ga-xoi-mo-com-ga-xe-hu-tieu-mi-xao-gion,,,,,,https://shope.ee/8AWSbhBYOr,
https://shopeefood.vn/ho-chi-minh/phu-map-mi-xao-gion-hu-tieu-xao-com-chien-ga-le-van-khuong,,,,,,https://shope.ee/8Kpso0Av3u,
https://shopeefood.vn/ho-chi-minh/lam-sum-quan-an-trung-hoa-hu-tieu-xao-mi-xao-gion-com-chien-ca-man,,,,,,https://shope.ee/8V9J0JAHix,
https://shopeefood.vn/ho-chi-minh/hu-tieu-mi-xao-gion-a-gau-vu-tung,,,,,,https://shope.ee/9zy6n44ZgG,
https://shopeefood.vn/ho-chi-minh/quan-hai-map-com-ga-da-gion-hu-tieu-mi-xao,,,,,,https://shope.ee/AAHWzN3wLJ,
https://shopeefood.vn/ho-chi-minh/quan-ly-khoi-hu-tieu-xao-mi-xao-gion-com-chien-duong-chau,,,,,,https://shope.ee/AKaxBg3J0M,
https://shopeefood.vn/ho-chi-minh/huy-ky-com-ga-mi-xao-hu-tieu-xao,,,,,,https://shope.ee/AUuNNz2ffP,
https://shopeefood.vn/ho-chi-minh/com-hu-tieu-mi-xao-gion-tuyet-nhung,,,,,,https://shope.ee/9KiPzq772C,
https://shopeefood.vn/ho-chi-minh/minh-ky-2-hu-tieu-xao-mi-xao-gion,,,,,,https://shope.ee/9V1qC96ThF,
https://shopeefood.vn/ho-chi-minh/quan-an-huu-duyen-hu-tieu-xao-mi-xao-gion-com-chien,,,,,,https://shope.ee/9fLGOS5qMI,
https://shopeefood.vn/ho-chi-minh/mi-xao-gion-tra-sua-quan-co-dung-khuong-viet,,,,,,https://shope.ee/9pegal5D1L,
https://shopeefood.vn/ho-chi-minh/com-ga-xoi-mo-mi-xao-gion-vina-chicken,,,,,,https://shope.ee/60Ry1iJnnc,
https://shopeefood.vn/ho-chi-minh/quan-ong-map-hu-tiu-mi-xao-gion-cho-thiec,,,,,,https://shope.ee/6AlOE1JASf,
https://shopeefood.vn/ho-chi-minh/mi-xao-a-hung-com-ga-mi-xao-gion,,,,,,https://shope.ee/6L4oQKIX7i,
https://shopeefood.vn/ho-chi-minh/anh-ba-ky-mi-xao-gion-com-ga-xoi-mo,,,,,,https://shope.ee/6VOEcdHtml,
https://shopeefood.vn/ho-chi-minh/mi-xao-gion-a-tien-120-bai-say,,,,,,https://shope.ee/5LCHEUML9Y,
https://shopeefood.vn/ho-chi-minh/co-thuy-mi-xao-gion,,,,,,https://shope.ee/5VVhQnLhob,
https://shopeefood.vn/ho-chi-minh/bot-chien-mi-xao-duong-so-41,,,,,,https://shope.ee/5fp7d6L4Te,
https://shopeefood.vn/ho-chi-minh/hong-kong-mi-gia-hu-tieu-xao-le-lam.nku7qz,,,,,,https://shope.ee/5q8XpPKR8h,
https://shopeefood.vn/ho-chi-minh/com-chien-mi-xao-thanh-ky-huynh-van-banh,,,,,,https://shope.ee/7KxLcAEj60,
https://shopeefood.vn/ho-chi-minh/quan-an-tung-ky-com-chien-hu-tieu-mi-xao-gion,,,,,,https://shope.ee/7VGloTE5l3,
https://shopeefood.vn/ho-chi-minh/com-mi-xao-boi-boi-le-van-khuong,,,,,,https://shope.ee/7faC0mDSQ6,
https://shopeefood.vn/ho-chi-minh/truong-ky-mi-xao-gion-hu-tieu-xao-chung-cu-ngo-gia-tu,,,,,,https://shope.ee/7ptcD5Cp59,
https://shopeefood.vn/ho-chi-minh/lau-ga-tai-ky-com-chien-mi-xao,,,,,,https://shope.ee/6fheowHGRw,
https://shopeefood.vn/ho-chi-minh/com-chien-mi-xao-hoang-lam-pham-huu-lau,,,,,,https://shope.ee/6q151FGd6z,
https://shopeefood.vn/ho-chi-minh/h-p-com-chien-mi-xao-shop-online,,,,,,https://shope.ee/70KVDYFzm2,
https://shopeefood.vn/ho-chi-minh/binh-ky-com-hu-tieu-mi-xao,,,,,,https://shope.ee/7AdvPrFMR5,
https://shopeefood.vn/ho-chi-minh/quan-an-nhu-y-549-mi-xao-hu-tieu-com-chien,,,,,,https://shope.ee/3LRCqoTxDM,
https://shopeefood.vn/ho-chi-minh/com-ga-com-chien-mi-xao-151-dang-van-ngu,,,,,,https://shope.ee/3Vkd37TJsP,
https://shopeefood.vn/ho-chi-minh/anh-em-quan-com-chien-mi-xao,,,,,,https://shope.ee/3g43FQSgXS,
https://shopeefood.vn/ho-chi-minh/com-chien-minh-luc-mi-xao-hu-tieu-xao,,,,,,https://shope.ee/3qNTRjS3CV,
https://shopeefood.vn/ho-chi-minh/a-hen-quan-com-ga-xoi-mo-mi-xao-gion,,,,,,https://shope.ee/2gBW3aWUZI,
https://shopeefood.vn/ho-chi-minh/thanh-ky-com-chien-mi-xao-gion,,,,,,https://shope.ee/2qUwFtVrEL,
https://shopeefood.vn/ho-chi-minh/ut-ky-com-chien-mi-xao-nui-xao-pham-the-hien.fzkbgi,,,,,,https://shope.ee/30oMSCVDtO,
https://shopeefood.vn/ho-chi-minh/quan-lam-ky-hu-tieu-mi-xao-com-chien,,,,,,https://shope.ee/3B7meVUaYR,
https://shopeefood.vn/ho-chi-minh/quan-sup-cua-kieu-pho-xao-ap-chao-mi-xao-gion,,,,,,https://shope.ee/4fwaRGOsVk,
https://shopeefood.vn/ho-chi-minh/hoang-lan-com-chien-mi-xao,,,,,,https://shope.ee/4qG0dZOFAn,
https://shopeefood.vn/ho-chi-minh/chu-tung-com-ga-nui-xao-mi-xao-phan-tay-ho,,,,,,https://shope.ee/50ZQpsNbpq,
https://shopeefood.vn/ho-chi-minh/a-giang-quan-mi-xao-gion-com-chien-duong-so-5,,,,,,https://shope.ee/5Asr2BMyUt,
https://shopeefood.vn/ho-chi-minh/quan-an-126-hu-tiu-mi-xao-gion,,,,,,https://shope.ee/40gte2RPrg,
https://shopeefood.vn/ho-chi-minh/com-chien-duong-chau-my-xao-gion-nui-gion-288-nguyen-thi-tu,,,,,,https://shope.ee/4B0JqLQmWj,
https://shopeefood.vn/ho-chi-minh/mi-xao-gion-com-ga-123-tam-dao,,,,,,https://shope.ee/4LJk2eQ9Bm,
https://shopeefood.vn/ho-chi-minh/mi-xao-112,,,,,,https://shope.ee/4VdAExPVqp,
https://shopeefood.vn/ha-noi/kombo-com-nieu-singapore-vincom-smart-city,,,,,,https://shope.ee/gQRfue6d6,
https://shopeefood.vn/ha-noi/kombo-com-nieu-singapore-nguyen-co-thach,,,,,,https://shope.ee/qjrsDdTI9,
https://shopeefood.vn/ha-noi/kombo-com-nieu-singapore-110-nguyen-van-loc,,,,,,https://shope.ee/30oMSCVDuP,
https://shopeefood.vn/ha-noi/kombo-com-nieu-singapore-kim-dong,,,,,,https://shope.ee/2qUwFtVrFO,
https://shopeefood.vn/ha-noi/kombo-com-nieu-singapore-go-thang-long,,,,,,https://shope.ee/2gBW3aWUaN,
https://shopeefood.vn/ha-noi/kombo-com-nieu-singapore-tran-dai-nghia,,,,,,https://shope.ee/5Asr2BMyVs,
https://shopeefood.vn/ha-noi/kombo-com-nieu-singapore-nguyen-phong-sac,,,,,,https://shope.ee/50ZQpsNbqr,
https://shopeefood.vn/ha-noi/kombo-com-nieu-singapore-pham-ngoc-thach,,,,,,https://shope.ee/4qG0dZOFBq,
https://shopeefood.vn/ha-noi/kombo-com-nieu-singapore-le-van-thiem,,,,,,https://shope.ee/4fwaRGOsWp,
https://shopeefood.vn/ha-noi/kombo-com-nieu-singapore-ocean-park-1,,,,,,https://shope.ee/4VdAExPVro,
https://shopeefood.vn/ha-noi/quan-an-hop-tac-xa-com-nieu-tay-son,,,,,,https://shope.ee/4LJk2eQ9Cn,
https://shopeefood.vn/ha-noi/com-van-phong-com-nieu-hop-tac-xa-co-nhue,,,,,,https://shope.ee/4B0JqLQmXm,
https://shopeefood.vn/ha-noi/com-nieu-singapore-629-kim-ma,,,,,,https://shope.ee/40gte2RPsl,
https://shopeefood.vn/ha-noi/com-van-phong-com-nieu-hop-tac-xa-tay-son,,,,,,https://shope.ee/1BMiGpcCdE,
https://shopeefood.vn/ha-noi/com-nieu-com-van-phong-ala-com-nieu-singapore-15a-ngo-190-linh-nam,,,,,,https://shope.ee/113I4WcpyD,
https://shopeefood.vn/ha-noi/com-van-phong-com-nieu-hop-tac-xa-cau-giay,,,,,,https://shope.ee/qjrsDdTJC,
https://shopeefood.vn/ha-noi/com-van-phong-com-nieu-hop-tac-xa-hong-ha,,,,,,https://shope.ee/gQRfue6eB,
https://shopeefood.vn/ha-noi/com-van-phong-com-nieu-hop-tac-xa-my-dinh,,,,,,https://shope.ee/W71TbejzA,
https://shopeefood.vn/ha-noi/com-van-phong-com-nieu-hop-tac-xa-ngoc-lam,,,,,,https://shope.ee/LnbHIfNK9,
https://shopeefood.vn/ha-noi/com-van-phong-com-nieu-hop-tac-xa-nguyen-duc-canh,,,,,,https://shope.ee/BUB4zg0f8,
https://shopeefood.vn/ha-noi/quan-an-hop-tac-xa-com-nieu-15-ngo-394-my-dinh,,,,,,https://shope.ee/1Aksgge07,
https://shopeefood.vn/ha-noi/quan-an-hop-tac-xa-com-nieu-doi-can,,,,,,https://shope.ee/2Vs5rHX7vc,
https://shopeefood.vn/ha-noi/quan-an-hop-tac-xa-com-nieu-phung-khoang,,,,,,https://shope.ee/2LYfeyXlGb,
https://shopeefood.vn/ha-noi/com-nieu-hai-chang-trai-cau-giay,,,,,,https://shope.ee/2BFFSfYOba,
https://shopeefood.vn/ha-noi/quan-an-hop-tac-xa-com-nieu-phuc-tan,,,,,,https://shope.ee/20vpGMZ1wZ,
https://shopeefood.vn/ha-noi/com-van-phong-com-nieu-hop-tac-xa-phung-khoang,,,,,,https://shope.ee/1qcP43ZfHY,
https://shopeefood.vn/ha-noi/com-nieu-hai-chang-trai-com-van-phong-duong-lang,,,,,,https://shope.ee/1gIyrkaIcX,
https://shopeefood.vn/ha-noi/com-van-phong-com-nieu-hop-tac-xa-nguyen-dong-chi,,,,,,https://shope.ee/1VzYfRavxW,
https://shopeefood.vn/ha-noi/com-van-phong-com-nieu-hop-tac-xa-doi-can,,,,,,https://shope.ee/1Lg8T8bZIV,
https://shopeefood.vn/ha-noi/quan-an-hop-tac-xa-com-nieu-hong-ha,,,,,,https://shope.ee/905ZbE8Nk0,
https://shopeefood.vn/ha-noi/com-nieu-van-phong-com-nieu-sinh-vien,,,,,,https://shope.ee/9AOznX7kP3,
https://shopeefood.vn/ha-noi/ngoc-oanh-tra-quan-chao-com-nieu,,,,,,https://shope.ee/8fSjCc9ePy,
https://shopeefood.vn/ha-noi/com-nieu-bep-nha-nam-geleximco-a,,,,,,https://shope.ee/8pm9Ov9151,
https://shopeefood.vn/ha-noi/com-nieu-co-hai,,,,,,https://shope.ee/8Kpso0Av5w,
https://shopeefood.vn/ha-noi/com-nieu-co-loan-com-ca-kho-to-mien-tay-com-nieu-singapore-my-dinh-1,,,,,,https://shope.ee/8V9J0JAHkz,
https://shopeefood.vn/ha-noi/com-van-phong-com-nieu-hop-tac-xa-nguyen-thai-hoc,,,,,,https://shope.ee/80D2POCBlu,
https://shopeefood.vn/ha-noi/com-rang-nieu-doi-can,,,,,,https://shope.ee/8AWSbhBYQx,
https://shopeefood.vn/ha-noi/dai-nam-nieu-quan-com-nieu-chao-nieu-minh-khai,,,,,,https://shope.ee/AKaxBg3J2O,
https://shopeefood.vn/ha-noi/com-nieu-157-com-van-phong-song-nhue,,,,,,https://shope.ee/AUuNNz2fhR,
https://shopeefood.vn/ha-noi/com-nieu-vi-bac-nguyen-van-cu,,,,,,https://shope.ee/9zy6n44ZiM,
https://shopeefood.vn/ha-noi/com-nieu-singapore-629-ngach-5-ngo-629-kim-ma,,,,,,https://shope.ee/AAHWzN3wNP,
https://shopeefood.vn/ha-noi/com-rang-nieu-200d-doi-can,,,,,,https://shope.ee/9fLGOS5qOK,
https://shopeefood.vn/ha-noi/com-dot-nieu-bao-anh,,,,,,https://shope.ee/9pegal5D3N,
https://shopeefood.vn/ha-noi/com-nieu-gia-bao-lac-long-quan,,,,,,https://shope.ee/9KiPzq774I,
https://shopeefood.vn/ha-noi/com-nieu-gia-bao-nguyen-chanh,,,,,,https://shope.ee/9V1qC96TjL,
https://shopeefood.vn/ha-noi/com-nieu-thanh-huyen,,,,,,https://shope.ee/6L4oQKIX9k,
https://shopeefood.vn/ha-noi/com-nieu-ba-loan-com-van-phong-banh-cuon-cao-bang-kdt-do-nghia.zpn8tr,,,,,,https://shope.ee/6VOEcdHton,
https://shopeefood.vn/ha-noi/vi-nam-com-nieu-sai-gon-hu-tieu-nam-vang,,,,,,https://shope.ee/60Ry1iJnpi,
https://shopeefood.vn/ha-noi/com-tho-com-nieu-phung-khoang,,,,,,https://shope.ee/6AlOE1JAUl,
https://shopeefood.vn/ha-noi/ngon-ngon-my-nieu-cay-com-suon-do-an-vat,,,,,,https://shope.ee/5fp7d6L4Vg,
https://shopeefood.vn/ha-noi/com-nieu-co-loan-com-ca-kho-to-mien-tay-tran-quoc-vuong,,,,,,https://shope.ee/5q8XpPKRAj,
https://shopeefood.vn/ha-noi/com-nieu-an-khang-com-van-phong-tan-tay-do,,,,,,https://shope.ee/5LCHEUMLBe,
https://shopeefood.vn/ha-noi/com-rang-nieu-nguyen-duy,,,,,,https://shope.ee/5VVhQnLhqh,
https://shopeefood.vn/ha-noi/com-nieu-lobi-singapore-van-phong-sinh-vien-com-nieu-nguyen-van-cu.uhc4nj,,,,,,https://shope.ee/7faC0mDSS8,
https://shopeefood.vn/ha-noi/linh-lam-com-nieu-singapore,,,,,,https://shope.ee/7ptcD5Cp7B,
https://shopeefood.vn/ha-noi/com-nieu-cot-dua-ha-thanh,,,,,,https://shope.ee/7KxLcAEj86,
https://shopeefood.vn/ha-noi/com-nieu-247,,,,,,https://shope.ee/7VGloTE5n9,
https://shopeefood.vn/ha-noi/com-nieu-singapore-dich-vong-hau,,,,,,https://shope.ee/70KVDYFzo4,
https://shopeefood.vn/ha-noi/com-nieu-van-phong-com-nieu-sinh-vien-pho-phuong-mai,,,,,,https://shope.ee/7AdvPrFMT7,
https://shopeefood.vn/ha-noi/com-ga-360-singapore,,,,,,https://shope.ee/6fheowHGU2,
https://shopeefood.vn/ha-noi/com-nieu-hoa-lu-hao-nam,,,,,,https://shope.ee/6q151FGd95,
https://shopeefood.vn/ha-noi/com-tho-singapore-shop-online,,,,,,https://shope.ee/3g43FQSgZU,
https://shopeefood.vn/ha-noi/com-nieu-quyen-beo-nghia-tan,,,,,,https://shope.ee/3qNTRjS3EX,
https://shopeefood.vn/ha-noi/do-ngam-tuong-han-quoc-le-house-s-kitchen,,,,,,https://shope.ee/3LRCqoTxFS,
https://shopeefood.vn/ha-noi/com-nieu-viet-nha-hang-com-viet-26-lan-ong,,,,,,https://shope.ee/3Vkd37TJuV,
https://shopeefood.vn/ha-noi/bep-ha-linh-com-nieu-bun-ca-sua-kdt-an-hung.pmw9vk,,,,,,https://shope.ee/30oMSCVDvQ,
https://shopeefood.vn/ha-noi/com-nieu-singapore-179-lam-du,,,,,,https://shope.ee/3B7meVUaaT,
https://shopeefood.vn/ha-noi/com-nieu-mien-tay-kdt-an-hung,,,,,,https://shope.ee/2gBW3aWUbO,
https://shopeefood.vn/ha-noi/com-nieu-157-com-van-phong-cau-giay,,,,,,https://shope.ee/2qUwFtVrGR,
https://shopeefood.vn/ha-noi/bep-me-em-com-nieu-lau-mon-nhau-dinh-thon.ysw9rf,,,,,,https://shope.ee/50ZQpsNbrs,
https://shopeefood.vn/ha-noi/com-nieu-bep-ba-khanh-to-huu,,,,,,https://shope.ee/5Asr2BMyWv,
https://shopeefood.vn/ha-noi/com-nieu-tay-bac-nguyen-van-troi,,,,,,https://shope.ee/4fwaRGOsXq,
https://shopeefood.vn/ha-noi/com-rang-com-nieu-com-van-phong-le-van-luong,,,,,,https://shope.ee/4qG0dZOFCt,
https://shopeefood.vn/ha-noi/com-nieu-hien-hoa,,,,,,https://shope.ee/4LJk2eQ9Do,
https://shopeefood.vn/ha-noi/com-nieu-com-van-phong-coffee-ap,,,,,,https://shope.ee/4VdAExPVsr,
https://shopeefood.vn/ha-noi/com-nieu-1985-an-khanh,,,,,,https://shope.ee/40gte2RPtm,
https://shopeefood.vn/ha-noi/tung-chang-com-nieu-com-van-phong,,,,,,https://shope.ee/4B0JqLQmYp,
https://shopeefood.vn/ha-noi/com-ngon-98-dac-san-ca-kho-nieu-com-van-phong-nguyen-van-cu,,,,,,https://shope.ee/113I4WcpzE,
https://shopeefood.vn/ha-noi/com-nieu-so-8-tran-binh,,,,,,https://shope.ee/1BMiGpcCeH,
https://shopeefood.vn/ha-noi/com-nieu-huong-rung-kdt-dai-thanh,,,,,,https://shope.ee/gQRfue6fC,
https://shopeefood.vn/ha-noi/nieu-quang-com-nieu-27-louis-2,,,,,,https://shope.ee/qjrsDdTKF,
https://shopeefood.vn/ha-noi/com-nieu-van-phong-19-5,,,,,,https://shope.ee/LnbHIfNLA,
https://shopeefood.vn/ha-noi/com-nieu-157-com-van-phong-xuan-la,,,,,,https://shope.ee/W71Tbek0D,
https://shopeefood.vn/ha-noi/com-nieu-tuyet-trang-co-so-2,,,,,,https://shope.ee/1Aksgge18,
https://shopeefood.vn/ha-noi/com-nieu-song-hong,,,,,,https://shope.ee/BUB4zg0gB,
https://shopeefood.vn/ha-noi/com-tho-com-nieu-chay-tuyet-cu-meo,,,,,,https://shope.ee/2LYfeyXlHc,
https://shopeefood.vn/ha-noi/com-nieu-157-com-van-phong-my-dinh,,,,,,https://shope.ee/2Vs5rHX7wf,
https://shopeefood.vn/ha-noi/bun-bo-hue-com-nieu-thanh-truc,,,,,,https://shope.ee/20vpGMZ1xa,
https://shopeefood.vn/ha-noi/com-nieu-suon-nuong-tang-le-hong-phong.fflnsj,,,,,,https://shope.ee/2BFFSfYOcd,
https://shopeefood.vn/ha-noi/com-nieu-viet-com-nieu-nguyen-canh-di,,,,,,https://shope.ee/1gIyrkaIdY,
https://shopeefood.vn/ha-noi/nha-hang-thien-moc-com-nieu-lau-ngon-cac-loai,,,,,,https://shope.ee/1qcP43ZfIb,
https://shopeefood.vn/ha-noi/eat-com-ga-ngon-online,,,,,,https://shope.ee/1Lg8T8bZJW,
https://shopeefood.vn/ha-noi/com-nieu-hai-chang-trai-com-van-phong,,,,,,https://shope.ee/1VzYfRavyZ,
https://shopeefood.vn/da-nang/tiem-com-chu-teo-com-nha-com-nieu-singapore,,,,,,https://shope.ee/8AWSbhBYRs,
https://shopeefood.vn/da-nang/com-nieu-phu-sa-tran-bach-dang,,,,,,https://shope.ee/80D2POCBmr,
https://shopeefood.vn/da-nang/com-nieu-phu-sa-82-ho-nghinh,,,,,,https://shope.ee/8V9J0JAHly,
https://shopeefood.vn/da-nang/com-nieu-hong-phuc,,,,,,https://shope.ee/8Kpso0Av6x,
https://shopeefood.vn/da-nang/shinshu-bep-phuong-chao-ech-singapore-com-ngon,,,,,,https://shope.ee/8pm9Ov9164,
https://shopeefood.vn/da-nang/com-nieu-1982-1a-nguyen-huu-tho,,,,,,https://shope.ee/8fSjCc9eR3,
https://shopeefood.vn/da-nang/com-nieu-nha-dau-an-thuong-29,,,,,,https://shope.ee/9AOznX7kQA,
https://shopeefood.vn/da-nang/com-nieu-hue-khang-garden,,,,,,https://shope.ee/905ZbE8Nl9,
https://shopeefood.vn/da-nang/pho-bac-54-com-nieu-viet-yen-vy,,,,,,https://shope.ee/9V1qC96TkG,
https://shopeefood.vn/da-nang/com-nieu-pham-bros-nuong-lau-lai-rai,,,,,,https://shope.ee/qjrsDgydU,
https://shopeefood.vn/ho-chi-minh/kombo-com-nieu-singapore-vincom-grand-park,,,,,,https://shope.ee/gQRfuhbyT,
https://shopeefood.vn/ho-chi-minh/melyfood-com-nieu-cua-singapore-ham-nghi,,,,,,https://shope.ee/1BMiGpfhxa,
https://shopeefood.vn/ho-chi-minh/melyfood-com-nieu-cua-singapore,,,,,,https://shope.ee/113I4WgLIZ,
https://shopeefood.vn/ho-chi-minh/melyfood-com-nieu-cua-singapore-nguyen-tri-phuong,,,,,,https://shope.ee/BUB4zjVzQ,
https://shopeefood.vn/ho-chi-minh/todofood-com-nieu-3-mien-duong-1d,,,,,,https://shope.ee/1Aksgk9KP,
https://shopeefood.vn/ho-chi-minh/com-nieu-ten-lua-24h,,,,,,https://shope.ee/W71TbiFJW,
https://shopeefood.vn/ho-chi-minh/todofood-com-nieu-3-mien-to-hien-thanh,,,,,,https://shope.ee/LnbHIiseV,
https://shopeefood.vn/ho-chi-minh/com-ga-hai-nam-singapore-eat-lah-tran-hung-dao,,,,,,https://shope.ee/2BFFSfbtvs,
https://shopeefood.vn/ho-chi-minh/com-nieu-thien-ly-thuan-kieu,,,,,,https://shope.ee/20vpGMcXGr,
https://shopeefood.vn/ho-chi-minh/com-nieu-thien-ly-tran-huy-lieu,,,,,,https://shope.ee/2Vs5rHadFy,
https://shopeefood.vn/ho-chi-minh/com-singapore-hey-lu-lu,,,,,,https://shope.ee/2LYfeybGax,
https://shopeefood.vn/ho-chi-minh/com-nieu-huong-rung-le-thuc-hoach,,,,,,https://shope.ee/1VzYfReRHo,
https://shopeefood.vn/ho-chi-minh/com-nieu-thien-vy-phu-thuan,,,,,,https://shope.ee/1Lg8T8f4cn,
https://shopeefood.vn/ho-chi-minh/com-nieu-thien-ly-ha-do-centrosa,,,,,,https://shope.ee/1qcP43dAbu,
https://shopeefood.vn/ho-chi-minh/com-nieu-thien-ly-duong-quang-dong,,,,,,https://shope.ee/1gIyrkdnwt,
https://shopeefood.vn/ho-chi-minh/todofood-com-nieu-3-mien-luy-ban-bich,,,,,,https://shope.ee/3Vkd37WpEG,
https://shopeefood.vn/ho-chi-minh/hai-su-com-nieu-singapore-dimsum-co-so-sg1-aeon-mall-tan-phu,,,,,,https://shope.ee/3LRCqoXSZF,
https://shopeefood.vn/ho-chi-minh/com-nieu-phuong-bac,,,,,,https://shope.ee/3qNTRjVYYM,
https://shopeefood.vn/ho-chi-minh/com-nieu-thien-ly-au-co,,,,,,https://shope.ee/3g43FQWBtL,
https://shopeefood.vn/ho-chi-minh/com-nieu-vn-xua-nguyen-xien,,,,,,https://shope.ee/2qUwFtZMaC,
https://shopeefood.vn/ho-chi-minh/com-nieu-de-nhat-com-van-phong-nguyen-quy-duc,,,,,,https://shope.ee/2gBW3aZzvB,
https://shopeefood.vn/ho-chi-minh/com-nieu-nieu-house-122-cao-thang,,,,,,https://shope.ee/3B7meVY5uI,
https://shopeefood.vn/ho-chi-minh/com-nieu-thien-ly-my-van,,,,,,https://shope.ee/30oMSCYjFH,
https://shopeefood.vn/ho-chi-minh/com-nieu-thien-ly-60a-nguyen-thi-thap,,,,,,https://shope.ee/4qG0dZRkWe,
https://shopeefood.vn/ho-chi-minh/com-nieu-thien-ly-sala,,,,,,https://shope.ee/4fwaRGSNrd,
https://shopeefood.vn/ho-chi-minh/com-nieu-phuong-phan-anh,,,,,,https://shope.ee/5Asr2BQTqk,
https://shopeefood.vn/ho-chi-minh/com-nieu-thien-ly-phan-dinh-giot,,,,,,https://shope.ee/50ZQpsR7Bj,
https://shopeefood.vn/ho-chi-minh/nha-tieu-bao-banh-cuon-quang-dong-小寶家广东肠粉-com-nieu-煲仔饭-do-an-vat-sa-huyen-沙县小吃,,,,,,https://shope.ee/4B0JqLUHsa,
https://shopeefood.vn/ho-chi-minh/com-nieu-bao-vy-duong-9a,,,,,,https://shope.ee/40gte2UvDZ,
https://shopeefood.vn/ho-chi-minh/com-nieu-thien-ly-ngo-quang-huy,,,,,,https://shope.ee/4VdAExT1Cg,
https://shopeefood.vn/ho-chi-minh/com-nieu-hoi-pho-dinh-thi-thi,,,,,,https://shope.ee/4LJk2eTeXf,
https://shopeefood.vn/ho-chi-minh/com-nieu-thien-ly-pho-quang,,,,,,https://shope.ee/6AlOE1Mfp2,
https://shopeefood.vn/ho-chi-minh/com-nieu-thien-ly-cityland-park-hills,,,,,,https://shope.ee/60Ry1iNJA1,
https://shopeefood.vn/ho-chi-minh/com-nieu-thien-ly-co-bac,,,,,,https://shope.ee/6VOEcdLP98,
https://shopeefood.vn/ho-chi-minh/com-nieu-thien-ly-nguyen-huu-tho,,,,,,https://shope.ee/6L4oQKM2U7,
https://shopeefood.vn/ho-chi-minh/nieu-quan-com-nieu-com-van-phong-nguyen-minh-hoang.taekwq,,,,,,https://shope.ee/5VVhQnPDAy,
https://shopeefood.vn/ho-chi-minh/com-nieu-mam-vi,,,,,,https://shope.ee/5LCHEUPqVx,
https://shopeefood.vn/ho-chi-minh/com-ga-hai-nam-singapore-eat-lah-nguyen-truong-to,,,,,,https://shope.ee/5q8XpPNwV4,
https://shopeefood.vn/ho-chi-minh/com-nieu-thien-ly-cho-lon,,,,,,https://shope.ee/5fp7d6OZq3,
https://shopeefood.vn/ho-chi-minh/com-nieu-d2,,,,,,https://shope.ee/7VGloTHb7Q,
https://shopeefood.vn/ho-chi-minh/com-nieu-ngoc-lan-vo-van-tan,,,,,,https://shope.ee/7KxLcAIESP,
https://shopeefood.vn/ho-chi-minh/com-nieu-thien-ly-cong-hoa,,,,,,https://shope.ee/7ptcD5GKRW,
https://shopeefood.vn/ho-chi-minh/com-nieu-bep-xua,,,,,,https://shope.ee/7faC0mGxmV,
https://shopeefood.vn/ho-chi-minh/com-nieu-thien-ly-song-hanh,,,,,,https://shope.ee/6q151FK8TM,
https://shopeefood.vn/ho-chi-minh/com-nieu-thien-ly-binh-tan,,,,,,https://shope.ee/6fheowKloL,
https://shopeefood.vn/ho-chi-minh/com-nieu-thien-ly-nguyen-trai,,,,,,https://shope.ee/7AdvPrIrnS,
https://shopeefood.vn/ho-chi-minh/twelve-com-ga-hai-nam-singapore-nguyen-gia-tri,,,,,,https://shope.ee/70KVDYJV8R,
https://shopeefood.vn/ho-chi-minh/com-nieu-thien-ly-ta-hien,,,,,,https://shope.ee/8pm9OvCWPo,
https://shopeefood.vn/ho-chi-minh/com-nieu-thien-ly-tan-son-nhi,,,,,,https://shope.ee/8fSjCcD9kn,
https://shopeefood.vn/ho-chi-minh/com-nieu-thien-ly-lac-long-quan,,,,,,https://shope.ee/9AOznXBFju,
https://shopeefood.vn/ho-chi-minh/com-nieu-thien-ly-nam-ki-khoi-nghia,,,,,,https://shope.ee/905ZbEBt4t,
https://shopeefood.vn/ho-chi-minh/com-nha-plus-com-nieu-com-van-phong-com-ga,,,,,,https://shope.ee/8AWSbhF3lk,
https://shopeefood.vn/ho-chi-minh/com-nieu-thien-ly-nguyen-thi-minh-khai,,,,,,https://shope.ee/80D2POFh6j,
https://shopeefood.vn/ho-chi-minh/com-nieu-thien-ly-cuu-long,,,,,,https://shope.ee/8V9J0JDn5q,
https://shopeefood.vn/ho-chi-minh/com-nieu-thien-ly-thong-nhat,,,,,,https://shope.ee/8Kpso0EQQp,
https://shopeefood.vn/ho-chi-minh/com-nieu-thien-ly-kdc-him-lam,,,,,,https://shope.ee/AAHWzN7RiC,
https://shopeefood.vn/ho-chi-minh/com-nieu-thien-ly-lien-phuong,,,,,,https://shope.ee/9zy6n4853B,
https://shopeefood.vn/ho-chi-minh/com-nieu-thien-an-duong-3a,,,,,,https://shope.ee/AUuNNz6B2I,
https://shopeefood.vn/ho-chi-minh/com-nieu-thien-ly-nguyen-dinh-chieu,,,,,,https://shope.ee/AKaxBg6oNH,
https://shopeefood.vn/ho-chi-minh/chiaki-hiro-com-ga-singapore-duong-so-9a,,,,,,https://shope.ee/9V1qC99z48,
https://shopeefood.vn/ho-chi-minh/com-nieu-ca-kho-to-lang-tre-5-le-quang-dinh,,,,,,https://shope.ee/9KiPzqAcP7,
https://shopeefood.vn/ho-chi-minh/que-em-com-nieu-lau-phan-xich-long,,,,,,https://shope.ee/9pegal8iOE,
https://shopeefood.vn/ho-chi-minh/com-nieu-48-dong-xoai,,,,,,https://shope.ee/9fLGOS9LjD,
https://shopeefood.vn/ho-chi-minh/com-nieu-de-nhat-com-van-phong-nguyen-thi-minh-khai,,,,,,https://shope.ee/gQRfuhbzU,
https://shopeefood.vn/ho-chi-minh/com-nieu-thien-ly-phan-dang-luu,,,,,,https://shope.ee/qjrsDgyeX,
https://shopeefood.vn/ho-chi-minh/pablo-mi-y-nui-bo,,,,,,https://shope.ee/113I4WgLJa,
https://shopeefood.vn/ho-chi-minh/com-nieu-tho-nghiep-kha-van-can,,,,,,https://shope.ee/1BMiGpfhyd,
https://shopeefood.vn/ho-chi-minh/com-nieu-thien-ly-80-duong-so-8,,,,,,https://shope.ee/1Aksgk9LQ,
https://shopeefood.vn/ho-chi-minh/com-nieu-thien-ly-cach-mang-thang-tam,,,,,,https://shope.ee/BUB4zjW0T,
https://shopeefood.vn/ho-chi-minh/com-nieu-thien-ly-nguyen-cong-tru,,,,,,https://shope.ee/LnbHIisfW,
https://shopeefood.vn/ho-chi-minh/com-nieu-thien-ly-ham-nghi,,,,,,https://shope.ee/W71TbiFKZ,
https://shopeefood.vn/ho-chi-minh/com-nieu-phuong-nam-278-hoa-binh,,,,,,https://shope.ee/20vpGMcXHs,
https://shopeefood.vn/ho-chi-minh/nha-hang-com-nieu-sai-gon-ho-xuan-huong,,,,,,https://shope.ee/2BFFSfbtwv,
https://shopeefood.vn/ho-chi-minh/com-nieu-thuan-viet-nguyen-van-khoi,,,,,,https://shope.ee/2LYfeybGby,
https://shopeefood.vn/ho-chi-minh/com-nieu-ca-kho-to-lang-tre-3-phan-van-tri,,,,,,https://shope.ee/2Vs5rHadH1,
https://shopeefood.vn/ho-chi-minh/com-nieu-thien-ly-trung-son,,,,,,https://shope.ee/1Lg8T8f4do,
https://shopeefood.vn/ho-chi-minh/com-nieu-ut-thao,,,,,,https://shope.ee/1VzYfReRIr,
https://shopeefood.vn/ho-chi-minh/com-nieu-thien-ly-vo-van-tan,,,,,,https://shope.ee/1gIyrkdnxu,
https://shopeefood.vn/ho-chi-minh/com-nieu-thuy-duong-com-van-phong-tan-son-nhi.zfxpbi,,,,,,https://shope.ee/1qcP43dAcx,
https://shopeefood.vn/ho-chi-minh/com-nieu-phuong-bac-chi-nhanh-2,,,,,,https://shope.ee/3LRCqoXSaG,
https://shopeefood.vn/ho-chi-minh/com-nieu-dong-tre-thong-nhat,,,,,,https://shope.ee/3Vkd37WpFJ,
https://shopeefood.vn/ho-chi-minh/com-nieu-ca-kho-to-lang-tre-1-duong-so-21,,,,,,https://shope.ee/3g43FQWBuM,
https://shopeefood.vn/ho-chi-minh/com-nieu-bun-dau-a-phat-truong-quyen,,,,,,https://shope.ee/3qNTRjVYZP,
https://shopeefood.vn/ho-chi-minh/com-nieu-sing-lam-van-ben,,,,,,https://shope.ee/2gBW3aZzwC,
https://shopeefood.vn/ho-chi-minh/com-nieu-tho-nghiep-binh-loi,,,,,,https://shope.ee/2qUwFtZMbF,
https://shopeefood.vn/ho-chi-minh/com-nieu-cuoi-nam-quang-1,,,,,,https://shope.ee/30oMSCYjGI,
https://shopeefood.vn/ho-chi-minh/nha-hang-com-nieu-com-trua-van-phong-truong-son,,,,,,https://shope.ee/3B7meVY5vL,
https://shopeefood.vn/ho-chi-minh/com-nieu-hong-phat-tan-cang,,,,,,https://shope.ee/4fwaRGSNse,
https://shopeefood.vn/ho-chi-minh/com-nieu-phuong-nam-com-van-phong,,,,,,https://shope.ee/4qG0dZRkXh,
https://shopeefood.vn/ho-chi-minh/simfood-com-nieu-lau-ga-la-e-than-van-nhiep,,,,,,https://shope.ee/50ZQpsR7Ck,
https://shopeefood.vn/ho-chi-minh/com-nieu-loi-xua,,,,,,https://shope.ee/5Asr2BQTrn,
https://shopeefood.vn/ho-chi-minh/nha-hang-hoa-phu-hu-tieu-nam-vang-com-nieu-lau-pham-van-chieu,,,,,,https://shope.ee/40gte2UvEa,
https://shopeefood.vn/ho-chi-minh/twelve-xpress-com-ga-hai-nam-singapore,,,,,,https://shope.ee/4B0JqLUHtd,
https://shopeefood.vn/ha-noi/nha-hang-duy-hai-chim-quay-ga-tan-com-dao-tong-duy-tan,,,,,,https://shope.ee/4LJk2eTeYg,
https://shopeefood.vn/ha-noi/banh-ga-hai-nam-ha-dong.vpqj1w,,,,,,https://shope.ee/4VdAExT1Dj,
https://shopeefood.vn/ha-noi/com-ga-hai-nam-xa-xiu-de-la-thanh,,,,,,https://shope.ee/60Ry1iNJB2,
https://shopeefood.vn/ha-noi/com-ga-hai-nam-kampungsing-vincom-tran-duy-hung,,,,,,https://shope.ee/6AlOE1Mfq5,
https://shopeefood.vn/ha-noi/com-ga-hai-nam,,,,,,https://shope.ee/6L4oQKM2V8,
https://shopeefood.vn/ha-noi/shin-com-ga-hai-nam,,,,,,https://shope.ee/6VOEcdLPAB,
https://shopeefood.vn/ha-noi/sing-chiak-com-ga-hai-nam,,,,,,https://shope.ee/30oMSCZ4YF,
https://shopeefood.vn/ha-noi/kampong-com-ga-hai-nam-110d1-tran-huy-lieu,,,,,,https://shope.ee/3Vkd37XAXM,
https://shopeefood.vn/ha-noi/kampong-com-ga-hai-nam-hoan-kiem,,,,,,https://shope.ee/3LRCqoXnsL,
https://shopeefood.vn/ha-noi/tinh-hoa-quan-com-ga-hai-nam-dang-tien-dong.38dwb8,,,,,,https://shope.ee/3qNTRjVtrS,
https://shopeefood.vn/ha-noi/pho-ga-com-ga-hai-nam,,,,,,https://shope.ee/3g43FQWXCR,
https://shopeefood.vn/ha-noi/com-ga-hai-nam-kampungsing-royal-city,,,,,,https://shope.ee/4B0JqLUdBY,
https://shopeefood.vn/ha-noi/tam-bao-phat-phat-com-hai-nam-online,,,,,,https://shope.ee/40gte2VGWX,
https://shopeefood.vn/ha-noi/tiem-com-hai-nam-de-la-thanh,,,,,,https://shope.ee/4VdAExTMVe,
https://shopeefood.vn/ha-noi/com-ga-ha-nam-ninh-duong-lang,,,,,,https://shope.ee/4LJk2eTzqd,
https://shopeefood.vn/ha-noi/com-ga-ngu-nuong-com-ga-tay-nam-linh-dam,,,,,,https://shope.ee/4qG0dZS5pk,
https://shopeefood.vn/ha-noi/com-ga-xoi-mo-nam-duong-my-tron-xuan-dinh,,,,,,https://shope.ee/4fwaRGSjAj,
https://shopeefood.vn/ha-noi/com-ga-hai-nam-bun-dau-met-bun-rieu-vinh-ho.tjuyos,,,,,,https://shope.ee/5Asr2BQp9q,
https://shopeefood.vn/ha-noi/chicken-society,,,,,,https://shope.ee/50ZQpsRSUp,
https://shopeefood.vn/ha-noi/tiem-com-gia-dinh-com-ga-hai-nam-lac-long-quan,,,,,,https://shope.ee/BUB4zjrIu,
https://shopeefood.vn/ha-noi/com-ga-hai-nam-kampungsing-le-dai-hanh,,,,,,https://shope.ee/1AksgkUdt,
https://shopeefood.vn/ha-noi/pho-hang-xom-com-ga-hai-nam-kdt-dich-vong,,,,,,https://shope.ee/W71Tbiad0,
https://shopeefood.vn/ha-noi/chicken-way-com-ga-hai-nam-trung-hoa,,,,,,https://shope.ee/LnbHIjDxz,
https://shopeefood.vn/ha-noi/chicken-rice-com-rang-ga-sot-165-linh-nam,,,,,,https://shope.ee/qjrsDhJx6,
https://shopeefood.vn/ha-noi/ngoc-nam-com-ga-pho-ga-ta-nguyen-chanh,,,,,,https://shope.ee/gQRfuhxI5,
https://shopeefood.vn/ha-noi/com-ga-xoi-mo-van-quan-com-duong-19-5-van-quan,,,,,,https://shope.ee/1BMiGpg3HC,
https://shopeefood.vn/ha-noi/pho-bo-com-rang-pho-xao-hai-nam-372b-khuong-dinh,,,,,,https://shope.ee/113I4WggcB,
https://shopeefood.vn/ha-noi/an-vat-nha-xanh-la-nem-chua-ran-chan-ga-sun-ga-nam-hai-san-heo-ga-kho-tra-trai-cay-de-la-thanh-nho,,,,,,https://shope.ee/1VzYfRembI,
https://shopeefood.vn/ha-noi/com-ga-hai-nam-hong-mai-shop-online,,,,,,https://shope.ee/1Lg8T8fPwH,
https://shopeefood.vn/ha-noi/bep-me-sua-com-ga-hai-nam-kim-nguu.aw5kfq,,,,,,https://shope.ee/1qcP43dVvO,
https://shopeefood.vn/ha-noi/chicken-garden-com-ga-hai-nam,,,,,,https://shope.ee/1gIyrke9GN,
https://shopeefood.vn/ha-noi/xoan-food-com-ga-my-tron-indomie-hao-nam,,,,,,https://shope.ee/2BFFSfcFFU,
https://shopeefood.vn/ha-noi/com-ga-hai-thuy-bun-dau-mam-tom-bun-cha,,,,,,https://shope.ee/20vpGMcsaT,
https://shopeefood.vn/ha-noi/com-hai-nam-nguyen-khang,,,,,,https://shope.ee/2Vs5rHayZa,
https://shopeefood.vn/ha-noi/pho-bo-nam-dinh-com-rang-dui-ga-my-xao-hoang-mai,,,,,,https://shope.ee/2LYfeybbuZ,
https://shopeefood.vn/ha-noi/com-ga-quang-nam-shop-online,,,,,,https://shope.ee/8AWSbhFP4i,
https://shopeefood.vn/ha-noi/com-ga-com-van-phong-ong-hai-luong-the-vinh,,,,,,https://shope.ee/80D2POG2Ph,
https://shopeefood.vn/ha-noi/hai-nam-quan-ga-met-lau-ga-cac-mon-an-dan-toc,,,,,,https://shope.ee/8V9J0JE8Oo,
https://shopeefood.vn/ha-noi/com-ga-nuong-lu-99-hao-nam,,,,,,https://shope.ee/8Kpso0Eljn,
https://shopeefood.vn/ha-noi/hai-nam-com-van-phong-shop-online,,,,,,https://shope.ee/8pm9OvCriu,
https://shopeefood.vn/ha-noi/bun-dau-com-ga-thanh-nam-nguyen-thi-dinh,,,,,,https://shope.ee/8fSjCcDV3t,
https://shopeefood.vn/ha-noi/com-ga-nam-hoi-lac-trung,,,,,,https://shope.ee/9AOznXBb30,
https://shopeefood.vn/ha-noi/nam-bep-ga-ran-gimbap-com-van-phong,,,,,,https://shope.ee/905ZbECENz,
https://shopeefood.vn/ha-noi/com-88-my-ga-tan-linh-nam.jknl5p,,,,,,https://shope.ee/9V1qC9AKN6,
https://shopeefood.vn/ha-noi/com-ga-xoi-xa-hao-nam,,,,,,https://shope.ee/9KiPzqAxi5,
https://shopeefood.vn/ha-noi/memo-eatery-ga-ran-com-ga-do-nhat-12-nam-ngu.hidpqk,,,,,,https://shope.ee/9pegal93hC,
https://shopeefood.vn/ha-noi/an-vat-me-nam-ga-ran-ngo-2-tran-cung,,,,,,https://shope.ee/9fLGOS9h2B,
https://shopeefood.vn/ha-noi/ngoc-nam-com-ga-pho-ga-ta,,,,,,https://shope.ee/AAHWzN7n1I,
https://shopeefood.vn/ha-noi/dao-vien-quan-com-ga-hao-nam,,,,,,https://shope.ee/9zy6n48QMH,
https://shopeefood.vn/ha-noi/quang-hai-com-ga-com-van-phong-le-trong-tan,,,,,,https://shope.ee/AUuNNz6WLO,
https://shopeefood.vn/ha-noi/com-ga-hai-chau-bep-kinh-ky,,,,,,https://shope.ee/AKaxBg79gN,
https://shopeefood.vn/ha-noi/hoang-nam-com-ga-xoi-mo-com-tam-sai-gon,,,,,,https://shope.ee/5VVhQnPYUS,
https://shopeefood.vn/ha-noi/nam-ngu-quan-pho-ga-com-tu-chon,,,,,,https://shope.ee/5LCHEUQBpR,
https://shopeefood.vn/ha-noi/com-ga-bao-nam-1989-do-an-ha-noi,,,,,,https://shope.ee/5q8XpPOHoY,
https://shopeefood.vn/ha-noi/hai-beo-com-van-phong-bun-pho-bo-nam-dinh,,,,,,https://shope.ee/5fp7d6Ov9X,
https://shopeefood.vn/ha-noi/com-ga-xoi-xa-linh-nam,,,,,,https://shope.ee/6AlOE1N18e,
https://shopeefood.vn/ha-noi/pho-ga-pho-co-hai-dang-com-pho-giap-hai.rxydti,,,,,,https://shope.ee/60Ry1iNeTd,
https://shopeefood.vn/ha-noi/nam-san-kimpap-ga-ran-com-hop-han-quoc-my-dinh,,,,,,https://shope.ee/6VOEcdLkSk,
https://shopeefood.vn/ha-noi/com-ga-hai-dang,,,,,,https://shope.ee/6L4oQKMNnj,
https://shopeefood.vn/ha-noi/com-ga-nuong-lu-99-linh-nam,,,,,,https://shope.ee/6q151FKTmq,
https://shopeefood.vn/ha-noi/com-ga-viet-nam,,,,,,https://shope.ee/6fheowL77p,
https://shopeefood.vn/ha-noi/banh-ran-ut-cung-com-ga-bun-cha-270-linh-nam,,,,,,https://shope.ee/7AdvPrJD6w,
https://shopeefood.vn/ha-noi/hoa-than-com-rang-ga-pho-bo-gia-truyen-nam-dinh,,,,,,https://shope.ee/70KVDYJqRv,
https://shopeefood.vn/ha-noi/tiem-com-suon-com-ga-an-nam-dao-duy-tu,,,,,,https://shope.ee/7VGloTHwR2,
https://shopeefood.vn/ha-noi/com-chien-thanh-nam-com-van-phong-gia-dinh-sinh-vien-com-ga-bo-sot-nam-1b-thien-hien-my-dinh-1-ha-noi.ivjgqp,,,,,,https://shope.ee/7KxLcAIZm1,
https://shopeefood.vn/ha-noi/hoang-ky-com-ga-ta-hai-nam-sunshine-garden,,,,,,https://shope.ee/7ptcD5Gfl8,
https://shopeefood.vn/ha-noi/a1-restaurant-com-ga-hai-nam,,,,,,https://shope.ee/7faC0mHJ67,
https://shopeefood.vn/ha-noi/duy-nguyen-fool-bun-bo-hue-com-rang-linh-nam.jjfjcz,,,,,,https://shope.ee/2gBW3aaLFA,
https://shopeefood.vn/da-nang/com-ga-sai-gon-v-hai-chau-thi-vinh-te,,,,,,https://shope.ee/2qUwFtZhuD,
https://shopeefood.vn/da-nang/com-ga-a-hai-phan-chau-trinh,,,,,,https://shope.ee/30oMSCZ4ZG,
https://shopeefood.vn/da-nang/mr-tan-ok-lah-chao-ech-singapore-com-ga-hai-nam-dong-da,,,,,,https://shope.ee/3B7meVYREJ,
https://shopeefood.vn/da-nang/com-ga-hai-nam-mr-pang,,,,,,https://shope.ee/3LRCqoXntM,
https://shopeefood.vn/da-nang/tu-hai-quan-com-ga-com-suon,,,,,,https://shope.ee/3Vkd37XAYP,
https://shopeefood.vn/da-nang/com-ga-hiep-duc-nam-ky-khoi-nghia,,,,,,https://shope.ee/3g43FQWXDS,
https://shopeefood.vn/da-nang/pho-ga-sai-gon-com-ga-hai-nam,,,,,,https://shope.ee/3qNTRjVtsV,
https://shopeefood.vn/da-nang/com-ga-di-ba-hai-phong,,,,,,https://shope.ee/40gte2VGXY,
https://shopeefood.vn/da-nang/com-ga-xoi-mo-hieu-nga-lo-224-nam-ky-khoi-nghia,,,,,,https://shope.ee/4B0JqLUdCb,
https://shopeefood.vn/da-nang/com-ga-gia-minh-nam-cao,,,,,,https://shope.ee/4LJk2eTzre,
https://shopeefood.vn/da-nang/com-ga-ga-nuong-ga-bistro-07-hai-phong,,,,,,https://shope.ee/4VdAExTMWh,
https://shopeefood.vn/da-nang/hong-phat-com-ga-xoi-mo-pho-kho-hai-to-5-do-doc-bao.rsoaxy,,,,,,https://shope.ee/4fwaRGSjBk,
https://shopeefood.vn/da-nang/com-ga-thuong-hai-phan-dang-luu,,,,,,https://shope.ee/4qG0dZS5qn,
https://shopeefood.vn/da-nang/com-ga-tho-nam-phuong,,,,,,https://shope.ee/50ZQpsRSVq,
https://shopeefood.vn/da-nang/com-ga-tam-ky-mr-nam-an-thuong-5,,,,,,https://shope.ee/5Asr2BQpAt,
https://shopeefood.vn/da-nang/com-nha-eat-clean-healthy-hoa-nam-2,,,,,,https://shope.ee/1AksgkUeu,
https://shopeefood.vn/da-nang/bep-ngo-banh-trang-thit-heo-com-ga-phu-yen-bun-mam-nam-ky-khoi-nghia,,,,,,https://shope.ee/BUB4zjrJx,
https://shopeefood.vn/ho-chi-minh/ga-nuong-com-lam-banh-bao-tu-hoang-5-le-van-quoi,,,,,,https://shope.ee/LnbHIjDz0,
https://shopeefood.vn/ho-chi-minh/quan-com-hai-long,,,,,,https://shope.ee/W71Tbiae3,
https://shopeefood.vn/ho-chi-minh/com-ga-hai-nam-binh-gia,,,,,,https://shope.ee/gQRfuhxJ6,
https://shopeefood.vn/ho-chi-minh/com-ga-hai-nam-nguyen-tri-phuong,,,,,,https://shope.ee/qjrsDhJy9,
https://shopeefood.vn/ho-chi-minh/com-ga-hai-nam-calmette,,,,,,https://shope.ee/113I4WggdC,
https://shopeefood.vn/ho-chi-minh/com-ga-hai-nam-ngo-quyen,,,,,,https://shope.ee/1BMiGpg3IF,
https://shopeefood.vn/ho-chi-minh/com-ga-hai-nam-hau-giang,,,,,,https://shope.ee/1Lg8T8fPxI,
https://shopeefood.vn/ho-chi-minh/com-ga-hai-nam,,,,,,https://shope.ee/1VzYfRemcL,
https://shopeefood.vn/ho-chi-minh/com-ga-hai-nam-nguyen-thai-binh,,,,,,https://shope.ee/1gIyrke9HO,
https://shopeefood.vn/ho-chi-minh/laap-com-ga-hai-nam,,,,,,https://shope.ee/1qcP43dVwR,
https://shopeefood.vn/ho-chi-minh/com-ga-254-com-ga-hai-nam-au-co.mfwwxu,,,,,,https://shope.ee/20vpGMcsbU,
https://shopeefood.vn/ho-chi-minh/yummy-com-ga-hai-nam-tran-nao,,,,,,https://shope.ee/2BFFSfcFGX,
https://shopeefood.vn/ho-chi-minh/com-ga-hai-nam-gia-truyen,,,,,,https://shope.ee/2LYfeybbva,
https://shopeefood.vn/ho-chi-minh/com-ga-hai-nam-duong-so-4,,,,,,https://shope.ee/2Vs5rHayad,
https://shopeefood.vn/ho-chi-minh/thu-ba-com-ga-hai-nam-vinhomes-grand-park,,,,,,https://shope.ee/80D2POG2Qi,
https://shopeefood.vn/ho-chi-minh/com-ga-hai-nam-duc-ky-duong-so-39,,,,,,https://shope.ee/8AWSbhFP5l,
https://shopeefood.vn/ho-chi-minh/com-ga-hai-nam-tam-ky-142-chao-goi-mien-ga-tron-154-nguyen-thuong-hien,,,,,,https://shope.ee/8Kpso0Elko,
https://shopeefood.vn/ho-chi-minh/yummy-com-ga-hai-nam-cong-hoa,,,,,,https://shope.ee/8V9J0JE8Pr,
https://shopeefood.vn/ho-chi-minh/yummy-com-ga-hai-nam-duong-51,,,,,,https://shope.ee/8fSjCcDV4u,
https://shopeefood.vn/ho-chi-minh/yummy-com-ga-hai-nam-duong-so-9,,,,,,https://shope.ee/8pm9OvCrjx,
https://shopeefood.vn/ho-chi-minh/phanh-ky-com-ga-hai-nam-singapore-duong-so-5.lbf9sg,,,,,,https://shope.ee/905ZbECEP0,
https://shopeefood.vn/ho-chi-minh/yummy-com-ga-hai-nam-hoa-su,,,,,,https://shope.ee/9pegal9Ozu,
https://shopeefood.vn/ho-chi-minh/nha-hang-trung-hoa-bat-tai-xien-nuong-com-ga-hai-nam,,,,,,https://shope.ee/9fLGOSA2Kt,
https://shopeefood.vn/ho-chi-minh/com-ga-hai-nam-a-chay-huong-lo-2,,,,,,https://shope.ee/8pm9OvDD1k,
https://shopeefood.vn/ho-chi-minh/com-ga-singapore-hai-nam,,,,,,https://shope.ee/8fSjCcDqMj,
https://shopeefood.vn/ho-chi-minh/yummy-com-ga-hai-nam-cach-mang-thang-8,,,,,,https://shope.ee/9AOznXBwLq,
https://shopeefood.vn/ho-chi-minh/yummy-com-ga-hai-nam-vo-van-tan,,,,,,https://shope.ee/905ZbECZgp,
https://shopeefood.vn/ho-chi-minh/com-ga-hai-nam-anam,,,,,,https://shope.ee/8AWSbhFkNg,
https://shopeefood.vn/ho-chi-minh/com-ga-hai-nam-paixdieu-mai-chi-tho,,,,,,https://shope.ee/80D2POGNif,
https://shopeefood.vn/ho-chi-minh/com-ga-hai-nam-gia-huy-vu-tong-phan,,,,,,https://shope.ee/8V9J0JEThm,
https://shopeefood.vn/ho-chi-minh/yummy-com-ga-hai-nam-su-van-hanh,,,,,,https://shope.ee/8Kpso0F72l,
https://shopeefood.vn/ho-chi-minh/com-ga-hai-nam-duong-so-10,,,,,,https://shope.ee/7VGloTIHjc,
https://shopeefood.vn/ho-chi-minh/com-ga-hai-nam-dong-phuong-quan-an-46-duong-so-1,,,,,,https://shope.ee/7KxLcAIv4b,
https://shopeefood.vn/ho-chi-minh/com-ga-tan-hai-nam-the-food-park,,,,,,https://shope.ee/7ptcD5H13i,
https://shopeefood.vn/ho-chi-minh/com-ga-hai-nam-hong-phat-binh-phu,,,,,,https://shope.ee/7faC0mHeOh,
https://shopeefood.vn/ho-chi-minh/com-ga-hai-nam-1987s,,,,,,https://shope.ee/6q151FKp5Y,
https://shopeefood.vn/ho-chi-minh/hojiak-com-ga-hai-nam-singapore,,,,,,https://shope.ee/6fheowLSQX,
https://shopeefood.vn/ho-chi-minh/com-ga-hai-nam-cac-loai-sot,,,,,,https://shope.ee/7AdvPrJYPe,
https://shopeefood.vn/ho-chi-minh/com-ga-hai-nam-2a-hoang-dieu,,,,,,https://shope.ee/70KVDYKBkd,
https://shopeefood.vn/ho-chi-minh/com-ga-hai-nam-bach-dang,,,,,,https://shope.ee/6AlOE1NMRU,
https://shopeefood.vn/ho-chi-minh/com-ga-hai-nam-duong-so-2,,,,,,https://shope.ee/60Ry1iNzmT,
https://shopeefood.vn/ho-chi-minh/com-ga-hong-hai-com-116-duong-so-24,,,,,,https://shope.ee/6VOEcdM5la,
https://shopeefood.vn/ho-chi-minh/com-ga-nam-phat-loc,,,,,,https://shope.ee/6L4oQKMj6Z,
https://shopeefood.vn/ho-chi-minh/kampong-com-ga-hai-nam-duong-3-2,,,,,,https://shope.ee/5VVhQnPtnQ,
https://shopeefood.vn/ho-chi-minh/com-ga-hai-nam-dai-ca-singapore,,,,,,https://shope.ee/5LCHEUQX8P,
https://shopeefood.vn/ho-chi-minh/bep-chi-ba-com-ga-hai-nam,,,,,,https://shope.ee/5q8XpPOd7W,
https://shopeefood.vn/ho-chi-minh/quan-148d-com-ga-hai-nam-xa-xiu-ly-chinh-thang,,,,,,https://shope.ee/5fp7d6PGSV,
https://shopeefood.vn/ho-chi-minh/com-ga-mam-gung-hai-nam-dien-bien-phu,,,,,,https://shope.ee/4qG0dZSR9M,
https://shopeefood.vn/ho-chi-minh/com-ga-tan-hai-nam,,,,,,https://shope.ee/4fwaRGT4UL,
https://shopeefood.vn/ho-chi-minh/haochi-com-ga-hai-nam-com-ga-com-chien-hung-gia-4,,,,,,https://shope.ee/5Asr2BRATS,
https://shopeefood.vn/ho-chi-minh/tiem-ba-la-food-tea-com-ga-ba-la-tran-thi-nam,,,,,,https://shope.ee/50ZQpsRnoR,
https://shopeefood.vn/ho-chi-minh/haochi-com-ga-hai-nam-com-ga-com-chien-nguyen-thai-binh,,,,,,https://shope.ee/4B0JqLUyVI,
https://shopeefood.vn/ho-chi-minh/ga-nuong-banh-bao-com-lam-dinh-ky-2-nam-cao,,,,,,https://shope.ee/40gte2VbqH,
https://shopeefood.vn/ho-chi-minh/chiaki-hiro-com-ga-singapore-tan-hai,,,,,,https://shope.ee/4VdAExThpO,
https://shopeefood.vn/ho-chi-minh/com-ga-xoi-mo-thach-lam-duong-so-5,,,,,,https://shope.ee/4LJk2eULAN,
https://shopeefood.vn/ho-chi-minh/com-ga-hai-nam-duong-ba-trac,,,,,,https://shope.ee/3Vkd37XVrE,
https://shopeefood.vn/ho-chi-minh/com-ga-hai-nam-duong-29,,,,,,https://shope.ee/3LRCqoY9CD,
https://shopeefood.vn/ho-chi-minh/phuc-loc-tho-com-ga-hai-nam-chao-goi,,,,,,https://shope.ee/3qNTRjWFBK,
https://shopeefood.vn/ho-chi-minh/com-ga-hong-nam-hoang-van-thu.tccrzg,,,,,,https://shope.ee/3g43FQWsWJ,
https://shopeefood.vn/ho-chi-minh/com-hai-nam-com-ga-xoi-mo-com-van-phong-06-thich-minh-nguyet,,,,,,https://shope.ee/2qUwFta3DA,
https://shopeefood.vn/ho-chi-minh/anh-nam-huynh-com-ga-xoi-mo-mi-xao-bo,,,,,,https://shope.ee/2gBW3aagY9,
https://shopeefood.vn/ho-chi-minh/com-ga-nam-cho-moi-497-pham-van-chieu,,,,,,https://shope.ee/3B7meVYmXG,
https://shopeefood.vn/ho-chi-minh/haochi-com-ga-hai-nam-com-ga-com-chien-ung-van-khiem,,,,,,https://shope.ee/30oMSCZPsF,
https://shopeefood.vn/ho-chi-minh/kampong-com-ga-hai-nam-53-ho-tung-mau,,,,,,https://shope.ee/2BFFSfcaZ6,
https://shopeefood.vn/ho-chi-minh/com-ga-sot-mam-toi-thai-nam,,,,,,https://shope.ee/20vpGMdDu5,
https://shopeefood.vn/ho-chi-minh/huynh-ky-2-com-ga-xoi-mo-bau-cat-5.rkztgl,,,,,,https://shope.ee/2Vs5rHbJtC,
https://shopeefood.vn/ho-chi-minh/com-ga-xoi-mo-hai-nam-dong-nai,,,,,,https://shope.ee/2LYfeybxEB,
https://shopeefood.vn/ho-chi-minh/12-sister-com-ga-hai-nam-singapore,,,,,,https://shope.ee/1VzYfRf7v2,
https://shopeefood.vn/ho-chi-minh/tiem-hai-beo-quan-com-tran-thi-nam.c5tjuf,,,,,,https://shope.ee/1Lg8T8flG1,
https://shopeefood.vn/ho-chi-minh/com-ga-xoi-mo-da-gion-chu-nam-truong-sa,,,,,,https://shope.ee/1qcP43drF8,
https://shopeefood.vn/ho-chi-minh/com-ga-tam-bao-hai-thuong-lan-ong,,,,,,https://shope.ee/1gIyrkeUa7,
https://shopeefood.vn/ho-chi-minh/hai-nam-com-ga-com-truyen-thong-duong-5,,,,,,https://shope.ee/qjrsDhfGy,
https://shopeefood.vn/ho-chi-minh/quan-nam-li-2-com-chien-ga-xoi-mo,,,,,,https://shope.ee/gQRfuiIbx,
https://shopeefood.vn/ho-chi-minh/com-ga-ta-mam-toi-nam-blue-3,,,,,,https://shope.ee/1BMiGpgOb4,
https://shopeefood.vn/ho-chi-minh/com-ga-hai-van,,,,,,https://shope.ee/113I4Wh1w3,
https://shopeefood.vn/ha-noi/la-healthy-nguyen-chi-thanh,,,,,,https://shope.ee/BUB4zkCcu,
https://shopeefood.vn/ha-noi/bento-delichi-by-cooky-com-ga-mam-toi-xoi-mo-trung-kinh,,,,,,https://shope.ee/1Aksgkpxt,
https://shopeefood.vn/ha-noi/com-ga-gen-z-quang-trung,,,,,,https://shope.ee/W71Tbivx0,
https://shopeefood.vn/ha-noi/umai29-com-thit-nuong-nhat-ban-trung-kinh,,,,,,https://shope.ee/LnbHIjZHz,
https://shopeefood.vn/ha-noi/com-tho-ga-quang-dong-de-nhat-cau-giay,,,,,,https://shope.ee/9zy6n48lfs,
https://shopeefood.vn/ha-noi/trung-chec-com-ga-chien-mam-online,,,,,,https://shope.ee/AAHWzN88Kv,
https://shopeefood.vn/ha-noi/quan-com-viet-nhat-com-suon-ga-bo-bia-hoi-ha-noi,,,,,,https://shope.ee/AKaxBg7Uzy,
https://shopeefood.vn/ha-noi/com-my-vi-com-suon-com-ga-trung-kinh,,,,,,https://shope.ee/AUuNNz6rf1,
https://shopeefood.vn/ha-noi/trung-ga-ga-hap-ga-chien-com-ga-tan-mai.i2jywl,,,,,,https://shope.ee/9KiPzqBJ1o,
https://shopeefood.vn/ha-noi/com-ga-minh-nhat-tay-son,,,,,,https://shope.ee/9V1qC9Afgr,
https://shopeefood.vn/ha-noi/tuyet-nhung-com-ga-phu-yen-lac-trung,,,,,,https://shope.ee/9fLGOSA2Lu,
https://shopeefood.vn/ha-noi/com-ga-minh-nhat-xuan-thuy,,,,,,https://shope.ee/9pegal9P0x,
https://shopeefood.vn/ha-noi/com-ga-minh-nhat-thai-ha,,,,,,https://shope.ee/8fSjCcDqNk,
https://shopeefood.vn/ha-noi/thang-thu-tay-bac-ga-nuong-com-lam-tran-nhat-duat.v2l5zb,,,,,,https://shope.ee/8pm9OvDD2n,
https://shopeefood.vn/ha-noi/dien-bien-food-com-ga-com-van-phong-trung-kinh,,,,,,https://shope.ee/905ZbECZhq,
https://shopeefood.vn/ha-noi/ngon-food-chan-ga-trung-non-sot-thai-com-ga-han-quoc,,,,,,https://shope.ee/9AOznXBwMt,
https://shopeefood.vn/ha-noi/com-ga-tumy-quang-trung,,,,,,https://shope.ee/80D2POGNjg,
https://shopeefood.vn/ha-noi/com-ga-minh-nhat-ho-tung-mau,,,,,,https://shope.ee/8AWSbhFkOj,
https://shopeefood.vn/ha-noi/com-ga-xoi-mo-bun-ca-cay-hai-phong-lang-trung,,,,,,https://shope.ee/8Kpso0F73m,
https://shopeefood.vn/ha-noi/am-thuc-trung-van-com-ga-xoi-mo-lau-nuong-cac-loai,,,,,,https://shope.ee/8V9J0JETip,
https://shopeefood.vn/ha-noi/oyakodon-com-ga-nhat-ban-online-dao-tan,,,,,,https://shope.ee/7KxLcAIv5c,
https://shopeefood.vn/ha-noi/com-suon-de-nhat-quang-trung,,,,,,https://shope.ee/7VGloTIHkf,
https://shopeefood.vn/ha-noi/com-ga-minh-nhat-nguyen-chi-thanh,,,,,,https://shope.ee/7faC0mHePi,
https://shopeefood.vn/ha-noi/com-ga-minh-nhat-nghia-tan,,,,,,https://shope.ee/7ptcD5H14l,
https://shopeefood.vn/ha-noi/com-ga-minh-nhat-luu-huu-phuoc,,,,,,https://shope.ee/6fheowLSRY,
https://shopeefood.vn/ha-noi/quan-sumo-com-ga-ga-ran-my-cay-khuong-trung,,,,,,https://shope.ee/6q151FKp6b,
https://shopeefood.vn/ha-noi/com-ga-minh-nhat-ngo-tu-do,,,,,,https://shope.ee/70KVDYKBle,
https://shopeefood.vn/ha-noi/com-ga-nha-rin-ga-ran-xien-que-han-nhat-cau-giay,,,,,,https://shope.ee/7AdvPrJYQh,
https://shopeefood.vn/ha-noi/com-ga-minh-nhat-vu-huu,,,,,,https://shope.ee/60Ry1iNznU,
https://shopeefood.vn/ha-noi/guu-chicken-com-ga-ga-ran-trung-kinh,,,,,,https://shope.ee/6AlOE1NMSX,
https://shopeefood.vn/ha-noi/com-ga-3-anh-em-lac-trung,,,,,,https://shope.ee/6L4oQKMj7a,
https://shopeefood.vn/ha-noi/com-ga-minh-nhat,,,,,,https://shope.ee/6VOEcdM5md,
https://shopeefood.vn/ha-noi/com-ga-huong-bac-giap-nhat,,,,,,https://shope.ee/5LCHEUQX9Q,
https://shopeefood.vn/ha-noi/com-ga-suon-nhat-le-quang-dao.tnhiwf,,,,,,https://shope.ee/5VVhQnPtoT,
https://shopeefood.vn/ha-noi/tiem-com-ga-trung-liet,,,,,,https://shope.ee/5fp7d6PGTW,
https://shopeefood.vn/ha-noi/com-ga-minh-nhat-nguyen-hoang,,,,,,https://shope.ee/5q8XpPOd8Z,
https://shopeefood.vn/ha-noi/happy-chicken-com-ga-ga-ran-mi-y-khuong-trung,,,,,,https://shope.ee/4fwaRGT4VM,
https://shopeefood.vn/ha-noi/com-ga-minh-nhat-thanh-xuan-bac,,,,,,https://shope.ee/4qG0dZSRAP,
https://shopeefood.vn/ha-noi/com-van-phong-chao-ga-mi-ga-trung-hoa-nhan-chinh,,,,,,https://shope.ee/50ZQpsRnpS,
https://shopeefood.vn/ha-noi/com-ga-minh-nhat-ngo-thai-thinh-1,,,,,,https://shope.ee/5Asr2BRAUV,
https://shopeefood.vn/ha-noi/com-ga-xoi-xa-quang-trung,,,,,,https://shope.ee/40gte2VbrI,
https://shopeefood.vn/ha-noi/com-ga-mai-mo-com-ga-lac-trung,,,,,,https://shope.ee/4B0JqLUyWL,
https://shopeefood.vn/ha-noi/cua-hang-com-ga-pho-ga-1992-trung-yen,,,,,,https://shope.ee/4LJk2eULBO,
https://shopeefood.vn/ha-noi/com-ga-3-ngon,,,,,,https://shope.ee/4VdAExThqR,
https://shopeefood.vn/ha-noi/com-ga-trung-duc-com-van-phong-trieu-khuc,,,,,,https://shope.ee/3LRCqoY9DE,
https://shopeefood.vn/ha-noi/com-ga-nuong-lu-99-quang-trung,,,,,,https://shope.ee/3Vkd37XVsH,
https://shopeefood.vn/ha-noi/nguyen-gia-bun-tron-com-ga-trung-kinh,,,,,,https://shope.ee/2gBW3aagZA,
https://shopeefood.vn/ha-noi/com-ga-benti-deli-deli-com-khuong-trung.89cdje,,,,,,https://shope.ee/2qUwFta3ED,
https://shopeefood.vn/ha-noi/com-ga-ba-nga-trung-hoa,,,,,,https://shope.ee/30oMSCZPtG,
https://shopeefood.vn/ha-noi/quan-an-xu-quang-dieu-linh-com-ga-my-quang-hoi-an-quang-trung,,,,,,https://shope.ee/3B7meVYmYJ,
https://shopeefood.vn/ha-noi/ga-kimochi-com-ga-quay-xoi-mo-mam-toi-trung-liet,,,,,,https://shope.ee/20vpGMdDv6,
https://shopeefood.vn/ha-noi/com-suon-ga-sot-30k-nhat-minh,,,,,,https://shope.ee/2BFFSfcaa9,
https://shopeefood.vn/ha-noi/bep-an-thao-linh-bun-cha-com-ga-trung-liet.5mfnn2,,,,,,https://shope.ee/2LYfeybxFC,
https://shopeefood.vn/ha-noi/bep-nha-goc-com-ga-nem-nuong-nha-trang-39-143-trung-kinh.vn2pyy,,,,,,https://shope.ee/2Vs5rHbJuF,
https://shopeefood.vn/ha-noi/duc-hai-com-rang-com-van-phong-chan-ga-nuong-quang-trung,,,,,,https://shope.ee/1Lg8T8flH2,
https://shopeefood.vn/ha-noi/bep-ngon-nhat-tin-com-tam-com-ga-com-van-phong-van-cao,,,,,,https://shope.ee/1VzYfRf7w5,
https://shopeefood.vn/ha-noi/com-trung-an-com-ga-com-suon-ngo-120-truong-chinh,,,,,,https://shope.ee/1gIyrkeUb8,
https://shopeefood.vn/ha-noi/anh-thu-com-ga-hoi-an-com-nong-heo-nuong-trung-hoa,,,,,,https://shope.ee/1qcP43drGB,
https://shopeefood.vn/ha-noi/chu-ngoc-com-ga-hoi-an-trung-tu,,,,,,https://shope.ee/gQRfuiIcy,
https://shopeefood.vn/ha-noi/matjoy-com-ga-tokbokki-cha-ca-trung-hoa,,,,,,https://shope.ee/qjrsDhfI1,
https://shopeefood.vn/da-nang/com-ga-va-oc-ngon-cherish-08-trung-lap-3,,,,,,https://shope.ee/113I4Wh1x4,
https://shopeefood.vn/da-nang/com-ga-nang-com-ga-my-xao-trung-lap-7.luk8z0,,,,,,https://shope.ee/1BMiGpgOc7,
https://shopeefood.vn/da-nang/com-ga-187-trung-nu-vuong,,,,,,https://shope.ee/1Aksgkpyu,
https://shopeefood.vn/da-nang/com-ga-so-zach,,,,,,https://shope.ee/BUB4zkCdx,
https://shopeefood.vn/da-nang/pho-ga-ta-trung-chay-com-suon-nuong-met-ga-ta-139-ngo-huy-dien,,,,,,https://shope.ee/LnbHIjZJ0,
https://shopeefood.vn/da-nang/com-ga-lan-trung-nu-vuong,,,,,,https://shope.ee/W71Tbivy3,
https://shopeefood.vn/da-nang/com-ga-xoi-mo-bonbon-109-le-tan-trung,,,,,,https://shope.ee/AUuNNz6rg0,
https://shopeefood.vn/da-nang/bep-me-gau-xoi-ga-com-ga-long-me-trung-non,,,,,,https://shope.ee/AKaxBg7V0z,
https://shopeefood.vn/da-nang/cfk-chicken-com-ga-ga-ran-29-quang-trung,,,,,,https://shope.ee/AAHWzN88Ly,
https://shopeefood.vn/da-nang/com-ga-xoi-mo-com-chien-bo-suon-trung-pham-the-hien,,,,,,https://shope.ee/9zy6n48lgx,
https://shopeefood.vn/da-nang/ga-kien-co-do-ga-nuong-com-lam-36-nguyen-duc-trung,,,,,,https://shope.ee/9pegal9P1w,
https://shopeefood.vn/da-nang/com-ga-tu-ky-trung-nu-vuong,,,,,,https://shope.ee/9fLGOSA2Mv,
https://shopeefood.vn/da-nang/tiem-an-bubu-com-my-chan-ga-trung-nu-vuong,,,,,,https://shope.ee/9V1qC9Afhu,
https://shopeefood.vn/da-nang/com-ga-trung-ky-truong-chinh,,,,,,https://shope.ee/9KiPzqBJ2t,
https://shopeefood.vn/da-nang/a-hang-com-ga-huong-cau-trung-nu-vuong,,,,,,https://shope.ee/9AOznXBwNs,
https://shopeefood.vn/da-nang/com-ga-a-hung-trung-nu-vuong,,,,,,https://shope.ee/905ZbECZir,
https://shopeefood.vn/ho-chi-minh/tiem-xoi-man-dem-com-ga-thong-nhat,,,,,,https://shope.ee/8pm9OvDD3q,
https://shopeefood.vn/ho-chi-minh/gu-mon-dai-loan-ngon-nhat-ga-ran-com-chien-tran-binh-trong,,,,,,https://shope.ee/8fSjCcDqOp,
https://shopeefood.vn/ho-chi-minh/mix-box-ga-ran-sot-han-com-chien-trung-phu-duong-15,,,,,,https://shope.ee/8V9J0JETjo,
https://shopeefood.vn/ho-chi-minh/miiro-bistro-sushi-nuoc-nguyen-thi-minh-khai,,,,,,https://shope.ee/8Kpso0F74n,
https://shopeefood.vn/ho-chi-minh/com-ga-de-nhat-656-quang-trung,,,,,,https://shope.ee/8AWSbhFkPm,
https://shopeefood.vn/ho-chi-minh/com-ga-de-nhat-154-156-nguyen-van-troi,,,,,,https://shope.ee/80D2POGNkl,
https://shopeefood.vn/ho-chi-minh/com-ga-com-phu-trung-hu-tieu-xao-be-van-cam,,,,,,https://shope.ee/7ptcD5H15k,
https://shopeefood.vn/ho-chi-minh/com-ga-de-nhat-nguyen-van-qua,,,,,,https://shope.ee/7faC0mHeQj,
https://shopeefood.vn/ho-chi-minh/com-ga-de-nhat-le-thi-ha,,,,,,https://shope.ee/7VGloTIHli,
https://shopeefood.vn/ho-chi-minh/ga-quay-com-lam-trung-hoa-pham-the-hien,,,,,,https://shope.ee/7KxLcAIv6h,
https://shopeefood.vn/ho-chi-minh/com-ga-trung-son-duong-9a,,,,,,https://shope.ee/7AdvPrJYRg,
https://shopeefood.vn/ho-chi-minh/com-ga-de-nhat-huynh-thien-loc,,,,,,https://shope.ee/70KVDYKBmf,
https://shopeefood.vn/ho-chi-minh/com-ga-chao-goi-ga-ta-mai-vang-219-thong-nhat,,,,,,https://shope.ee/6q151FKp7e,
https://shopeefood.vn/ho-chi-minh/viet-thang-ga-nuong-muoi-ot-com-lam-linh-trung.orf4pa,,,,,,https://shope.ee/6fheowLSSd,
https://shopeefood.vn/ho-chi-minh/ga-nuong-com-lam-68-thong-nhat,,,,,,https://shope.ee/6VOEcdM5nc,
https://shopeefood.vn/ho-chi-minh/com-ga-de-nhat-nguyen-thi-tu,,,,,,https://shope.ee/6L4oQKMj8b,
https://shopeefood.vn/ho-chi-minh/ga-nuong-com-lam-banh-bao-trung-hoa-ton-dan,,,,,,https://shope.ee/6AlOE1NMTa,
https://shopeefood.vn/ho-chi-minh/com-ga-hu-tieu-tron-mi-tron-top-mo-nhat-ky,,,,,,https://shope.ee/60Ry1iNzoZ,
https://shopeefood.vn/ho-chi-minh/ga-nuong-com-lam-trung-hoa-quoc-lo-50,,,,,,https://shope.ee/5q8XpPOd9Y,
https://shopeefood.vn/ho-chi-minh/com-ga-de-nhat-huynh-tan-phat,,,,,,https://shope.ee/5fp7d6PGUX,
https://shopeefood.vn/ho-chi-minh/com-chien-ga-xoi-mo-trung-khoa-quang-trung,,,,,,https://shope.ee/5VVhQnPtpW,
https://shopeefood.vn/ho-chi-minh/vinh-phuong-2-com-ga-ta-tam-ky-107-duong-linh-trung-phuong-linh-trung.cp7f0e,,,,,,https://shope.ee/5LCHEUQXAV,
https://shopeefood.vn/ho-chi-minh/com-ga-xoi-mo-com-chien-phu-trung-phuong-anh,,,,,,https://shope.ee/5Asr2BRAVU,
https://shopeefood.vn/ho-chi-minh/com-ga-de-nhat-le-van-sy,,,,,,https://shope.ee/50ZQpsRnqT,
https://shopeefood.vn/ho-chi-minh/com-ga-de-nhat-duong-so-5,,,,,,https://shope.ee/4qG0dZSRBS,
https://shopeefood.vn/ho-chi-minh/com-ga-de-nhat-524-nguyen-thi-thap,,,,,,https://shope.ee/4fwaRGT4WR,
https://shopeefood.vn/ho-chi-minh/tiem-com-linh-com-phan-com-ga-xoi-mo-com-phu-trung,,,,,,https://shope.ee/4VdAExThrQ,
https://shopeefood.vn/ho-chi-minh/quan-com-ga-mi-tron-sot-thai-quang-trung,,,,,,https://shope.ee/4LJk2eULCP,
https://shopeefood.vn/ho-chi-minh/com-ga-de-nhat-nguyen-thi-minh-khai,,,,,,https://shope.ee/4B0JqLUyXO,
https://shopeefood.vn/ho-chi-minh/com-ga-linh-com-ga-xoi-mo-thong-nhat,,,,,,https://shope.ee/40gte2VbsN,
https://shopeefood.vn/ho-chi-minh/com-ga-de-nhat-nguyen-bieu,,,,,,https://shope.ee/3qNTRjWFDM,
https://shopeefood.vn/ho-chi-minh/com-ga-nhat-nhat-tram-vu-bach-dang,,,,,,https://shope.ee/3g43FQWsYL,
https://shopeefood.vn/ho-chi-minh/tiem-com-ga-nhi-thao-com-ga-34-thong-nhat.2lzi6m,,,,,,https://shope.ee/3Vkd37XVtK,
https://shopeefood.vn/ho-chi-minh/com-ga-co-loan-276-thong-nhat,,,,,,https://shope.ee/3LRCqoY9EJ,
https://shopeefood.vn/ho-chi-minh/com-ga-thuong-hai-am-thuc-trung-hoa,,,,,,https://shope.ee/3B7meVYmZI,
https://shopeefood.vn/ho-chi-minh/com-ga-di-7-hong-nhien-trung-my-tay-13,,,,,,https://shope.ee/30oMSCZPuH,
https://shopeefood.vn/ho-chi-minh/com-ga-de-nhat-to-ky,,,,,,https://shope.ee/2qUwFta3FG,
https://shopeefood.vn/ho-chi-minh/com-ga-xoi-mo-nhat-ky-4-lanh-binh-thang,,,,,,https://shope.ee/2gBW3aagaF,
https://shopeefood.vn/ho-chi-minh/sushi-bar-mi-cay-com-tron-ga-ran-tan-thoi-nhat,,,,,,https://shope.ee/2Vs5rHbJvE,
https://shopeefood.vn/ho-chi-minh/com-ga-de-nhat-lac-long-quan,,,,,,https://shope.ee/2LYfeybxGD,
https://shopeefood.vn/ho-chi-minh/com-ga-xoi-mo-kieu-giang-2-tan-thoi-nhat-8,,,,,,https://shope.ee/2BFFSfcabC,
https://shopeefood.vn/ho-chi-minh/hong-phat-com-ga-hai-ba-trung,,,,,,https://shope.ee/20vpGMdDwB,
https://shopeefood.vn/ho-chi-minh/com-ga-de-nhat-128-130-to-ngoc-van,,,,,,https://shope.ee/1qcP43drHA,
https://shopeefood.vn/ho-chi-minh/ut-hieu-com-ga-xoi-mo-quang-trung.idibvm,,,,,,https://shope.ee/1gIyrkeUc9,
https://shopeefood.vn/ho-chi-minh/chic-bokki-com-ga-ga-sot-han-quoc-thong-nhat,,,,,,https://shope.ee/1VzYfRf7x8,
https://shopeefood.vn/ho-chi-minh/com-ga-chay-mam-toi-89-tan-thoi-nhat,,,,,,https://shope.ee/1Lg8T8flI7,
https://shopeefood.vn/ho-chi-minh/con-ga-gion-com-ga-tan-thoi-nhat-12,,,,,,https://shope.ee/1BMiGpgOd6,
https://shopeefood.vn/ho-chi-minh/com-ga-ngoc-hien-com-ga-xoi-mo-trung-my-tay.p2txec,,,,,,https://shope.ee/113I4Wh1y5,
https://shopeefood.vn/ho-chi-minh/vu-ga-quay-com-lam-banh-bao-quang-trung,,,,,,https://shope.ee/qjrsDhfJ4,
https://shopeefood.vn/ho-chi-minh/thien-an-quan-chan-ga-sa-tac-com-van-phong-quang-trung,,,,,,https://shope.ee/gQRfuiIe3,
https://shopeefood.vn/ho-chi-minh/com-ga-xoi-mo-trung-beo,,,,,,https://shope.ee/W71Tbivz2,
https://shopeefood.vn/ho-chi-minh/lam-anh-quan-com-tom-phu-trung-com-dui-ga-mam-toi,,,,,,https://shope.ee/LnbHIjZK1,
https://shopeefood.vn/ho-chi-minh/com-ga-xoi-mo-trung-hoa-29,,,,,,https://shope.ee/BUB4zkCf0,
https://shopeefood.vn/ho-chi-minh/com-ga-com-phu-trung-tiem-an-co-ba-151-xom-chieu,,,,,,https://shope.ee/1Aksgkpzz,
https://shopeefood.vn/ho-chi-minh/com-ga-xoi-mo-920-918-quang-trung.kpdmdq,,,,,,https://shope.ee/AKaxBg7V20,
https://shopeefood.vn/ho-chi-minh/com-ga-plancha-hai-ba-trung,,,,,,https://shope.ee/AUuNNz6rh3,
https://shopeefood.vn/ho-chi-minh/com-ga-mam-toi-gia-truyen-mi-quang-goc-mien-trung-quoc-lo-13,,,,,,https://shope.ee/9zy6n48lhy,
https://shopeefood.vn/ho-chi-minh/com-ga-xoi-mo-le-hai-bui-cong-trung,,,,,,https://shope.ee/AAHWzN88N1,
https://shopeefood.vn/ho-chi-minh/hanimory-mien-ga-com-trung-duc-thit-nghien-nghia-thuc,,,,,,https://shope.ee/9fLGOSA2Nw,
https://shopeefood.vn/ho-chi-minh/thien-thuong-hoa-com-ga-quang-trung.6dqbmc,,,,,,https://shope.ee/9pegal9P2z,
https://shopeefood.vn/ho-chi-minh/com-nieu-thong-nhat-com-nieu-quang-trung.zougtd,,,,,,https://shope.ee/9KiPzqBJ3u,
https://shopeefood.vn/ho-chi-minh/quan-win-com-ga-xoi-mo-com-bo-xao-trung-op-la,,,,,,https://shope.ee/9V1qC9Afix,
https://shopeefood.vn/ho-chi-minh/phong-ky-quan-com-ga-xoi-mo-linh-trung,,,,,,https://shope.ee/905ZbECZjs,
https://shopeefood.vn/ho-chi-minh/mi-bo-udon-com-bo-com-ga-trung-pachi-pachi,,,,,,https://shope.ee/9AOznXBwOv,
https://shopeefood.vn/ho-chi-minh/com-ga-trung-map,,,,,,https://shope.ee/8fSjCcDqPq,
https://shopeefood.vn/ho-chi-minh/nhat-ha-quan-com-ga-nui-xao-bo-shop-online,,,,,,https://shope.ee/8pm9OvDD4t,
https://shopeefood.vn/ho-chi-minh/com-ga-xoi-mo-mam-toi-de-nhat-quan-133-21b-go-dau,,,,,,https://shope.ee/8Kpso0F75o,
https://shopeefood.vn/ho-chi-minh/com-ga-tam-ky-hong-nga-quang-trung,,,,,,https://shope.ee/8V9J0JETkr,
https://shopeefood.vn/ha-noi/let-s-sushi-sashimi,,,,,,https://shope.ee/80D2POGNlm,
https://shopeefood.vn/ha-noi/new-sake-sushi,,,,,,https://shope.ee/8AWSbhFkQp,
https://shopeefood.vn/ha-noi/nha-hang-123-pho-hue,,,,,,https://shope.ee/2qUwFtYOuT,
https://shopeefood.vn/ha-noi/isushi-buffet-nhat-ban-thai-ha,,,,,,https://shope.ee/30oMSCXlZW,
https://shopeefood.vn/ha-noi/konne-japanese-hakata-restaurant-cafe,,,,,,https://shope.ee/3B7meVX8EZ,
https://shopeefood.vn/ha-noi/hao-eatgreen-com-van-phong-sach-tu-tam-shop-online,,,,,,https://shope.ee/20vpGMbZbM,
https://shopeefood.vn/ha-noi/o-sushi-ha-noi.azayeg,,,,,,https://shope.ee/2BFFSfawGP,
https://shopeefood.vn/ha-noi/nha-hang-chay-mo-le-duong-noi,,,,,,https://shope.ee/2LYfeyaIvS,
https://shopeefood.vn/ha-noi/hachijuhachi-shouten,,,,,,https://shope.ee/2Vs5rHZfaV,
https://shopeefood.vn/ha-noi/isushi-buffet-nhat-ban-nguyen-chi-thanh,,,,,,https://shope.ee/1Lg8T8e6xI,
https://shopeefood.vn/ha-noi/isushi-buffet-nhat-ban-trieu-viet-vuong,,,,,,https://shope.ee/1VzYfRdTcL,
https://shopeefood.vn/da-nang/mi-udon-ten-le-hong-phong,,,,,,https://shope.ee/1gIyrkcqHO,
https://shopeefood.vn/da-nang/fuji-tempura-idaten,,,,,,https://shope.ee/1qcP43cCwR,
https://shopeefood.vn/da-nang/com-ga-hong-phat-2-168-pham-nhu-xuong,,,,,,https://shope.ee/gQRfugeJE,
https://shopeefood.vn/da-nang/yes-sushi-chau-thi-vinh-te,,,,,,https://shope.ee/qjrsDg0yH,
https://shopeefood.vn/ho-chi-minh/ga-go-com-ga-da-sot-581-nguyen-xien,,,,,,https://shope.ee/113I4WfNdK,
https://shopeefood.vn/ho-chi-minh/lau-sua-cay-79k,,,,,,https://shope.ee/1BMiGpekIN,
https://shopeefood.vn/ho-chi-minh/tron-tron-food-co-giang,,,,,,https://shope.ee/1AksgjBfA,
https://shopeefood.vn/ho-chi-minh/juu-sushi,,,,,,https://shope.ee/BUB4ziYKD,
https://shopeefood.vn/ho-chi-minh/dori-kitchen-mi-udon-mi-tuong-den-com-dam-xot-tempura,,,,,,https://shope.ee/LnbHIhuzG,
https://shopeefood.vn/ho-chi-minh/dong-fan-sashimi-bowl,,,,,,https://shope.ee/W71TbhHeJ,
https://shopeefood.vn/ho-chi-minh/izakaya-mie-nha-hang-mon-nhat,,,,,,https://shope.ee/9zy6n477NA,
https://shopeefood.vn/ho-chi-minh/kanesaka-sushi,,,,,,https://shope.ee/AAHWzN6U2D,
https://shopeefood.vn/ho-chi-minh/gastown-cafe-restaurant,,,,,,https://shope.ee/AKaxBg5qhG,
https://shopeefood.vn/ho-chi-minh/tenryu-udon-52-ton-that-thiep,,,,,,https://shope.ee/AUuNNz5DMJ,
https://shopeefood.vn/ho-chi-minh/izakaya-omoide-yokocho-khu-am-thuc-nhat-ban,,,,,,https://shope.ee/9KiPzq9ej6,
https://shopeefood.vn/ho-chi-minh/kadohachi-nha-hang-nhat-ban,,,,,,https://shope.ee/9V1qC991O9,
https://shopeefood.vn/ho-chi-minh/waraku-japanese-restaurant,,,,,,https://shope.ee/9fLGOS8O3C,
https://shopeefood.vn/ho-chi-minh/sushi-sam-siu-lounge-nguyen-tri-phuong,,,,,,https://shope.ee/9pegal7kiF,
https://shopeefood.vn/ho-chi-minh/wasabi-sushi-grand-park-quan-9,,,,,,https://shope.ee/8fSjCcCC52,
https://shopeefood.vn/ho-chi-minh/nha-hang-tokyo-sushi-house-2bis-nguyen-thi-minh-khai,,,,,,https://shope.ee/8pm9OvBYk5,
https://shopeefood.vn/ho-chi-minh/isushi-buffet-nhat-ban-le-quy-don,,,,,,https://shope.ee/905ZbEAvP8,
https://shopeefood.vn/ho-chi-minh/isushi-buffet-nhat-ban-phan-xich-long,,,,,,https://shope.ee/9AOznXAI4B,
https://shopeefood.vn/ho-chi-minh/than-rong-mi-nhat-tran-hung-dao,,,,,,https://shope.ee/80D2POEjQy,
https://shopeefood.vn/ho-chi-minh/isushi-buffet-nhat-ban-cao-thang,,,,,,https://shope.ee/8AWSbhE661,
https://shopeefood.vn/ho-chi-minh/isushi-buffet-nhat-ban-vincom-dong-khoi,,,,,,https://shope.ee/8Kpso0DSl4,
https://shopeefood.vn/ho-chi-minh/sushi-yuu-kaisen-unagi-tempura-don-phan-xich-long,,,,,,https://shope.ee/8V9J0JCpQ7,
https://shopeefood.vn/ha-noi/shin-mi-cay-ga-ran-sot-han-kham-thien,,,,,,https://shope.ee/7KxLcAHGmu,
https://shopeefood.vn/ha-noi/papa-s-kitchen-do-an-han-quoc-com-ga-sot-cay-ga-ran-sot-kem-hanh-khuc-thua-du,,,,,,https://shope.ee/7VGloTGdRx,
https://shopeefood.vn/ha-noi/shin-mi-cay-ga-ran-sot-han-luong-dinh-cua,,,,,,https://shope.ee/7faC0mG070,
https://shopeefood.vn/ha-noi/ga-sot-cay-han-quoc-nguyen-trai,,,,,,https://shope.ee/7ptcD5FMm3,
https://shopeefood.vn/ha-noi/yummy-deli-my-cay-han-quoc-do-an-vat-ngo-thi-sy,,,,,,https://shope.ee/6fheowJo8q,
https://shopeefood.vn/ha-noi/tiem-my-cay-1999-my-kim-chi-han-quoc-de-la-thanh,,,,,,https://shope.ee/6q151FJAnt,
https://shopeefood.vn/ha-noi/shin-mi-cay-ga-ran-sot-han-hoang-ngan,,,,,,https://shope.ee/70KVDYIXSw,
https://shopeefood.vn/ha-noi/timo-club-4-my-cay-7-cap-do-han-quoc-doan-ke-thien,,,,,,https://shope.ee/7AdvPrHu7z,
https://shopeefood.vn/ha-noi/nootea-my-cay-han-quoc-do-an-vat-tra-sua-co-nhue.7vynip,,,,,,https://shope.ee/60Ry1iMLUm,
https://shopeefood.vn/ha-noi/my-cay-7-cap-do-han-quoc-nguyen-khang,,,,,,https://shope.ee/6AlOE1Li9p,
https://shopeefood.vn/ha-noi/my-cay-7-cap-do-han-quoc-chinh-kinh,,,,,,https://shope.ee/6L4oQKL4os,
https://shopeefood.vn/ha-noi/quan-com-van-phong-my-cay-han-quoc-pho-xom.kuhra8,,,,,,https://shope.ee/6VOEcdKRTv,
https://shopeefood.vn/ha-noi/my-tuong-den-jeju-han-quoc-tran-thai-tong,,,,,,https://shope.ee/5LCHEUOsqi,
https://shopeefood.vn/ha-noi/my-cay-han-quoc-pho-cuon-98-trung-liet,,,,,,https://shope.ee/5VVhQnOFVl,
https://shopeefood.vn/ha-noi/neverland-com-ga-my-cay-han-quoc-7-cap-do-pho-xom,,,,,,https://shope.ee/5fp7d6NcAo,
https://shopeefood.vn/ha-noi/shin-mi-cay-ga-ran-sot-han-hong-mai,,,,,,https://shope.ee/5q8XpPMypr,
https://shopeefood.vn/ha-noi/mi-cay-sasin-nguyen-van-loc,,,,,,https://shope.ee/4qG0dZQmrg,
https://shopeefood.vn/ha-noi/toki-korea-do-an-han-quoc-banh-gao-cay-nguyen-khang,,,,,,https://shope.ee/4fwaRGRQCf,
https://shopeefood.vn/ha-noi/sasimi-my-cay-han-quoc-do-an-vat-tra-sua-tran-dang-ninh.eivi0x,,,,,,https://shope.ee/5Asr2BPWBm,
https://shopeefood.vn/ha-noi/bep-cua-an-do-an-han-quoc-mi-indomie-nuoc-ep-gia-quat,,,,,,https://shope.ee/50ZQpsQ9Wl,
https://shopeefood.vn/ha-noi/bep-nha-tho-tiem-tra-trai-cay-my-cay-han-quoc-7-cap-do,,,,,,https://shope.ee/4B0JqLTKDc,
https://shopeefood.vn/ha-noi/ga-sot-cay-han-quoc-de-la-thanh,,,,,,https://shope.ee/40gte2TxYb,
https://shopeefood.vn/ha-noi/my-cay-han-quoc-ngon-ngon-dich-vong,,,,,,https://shope.ee/4VdAExS3Xi,
https://shopeefood.vn/ha-noi/ga-sot-cay-han-quoc-xa-dan,,,,,,https://shope.ee/4LJk2eSgsh,
https://shopeefood.vn/ha-noi/ga-sot-cay-han-quoc-kim-nguu,,,,,,https://shope.ee/3Vkd37VrZY,
https://shopeefood.vn/ha-noi/shin-mi-cay-ga-ran-sot-han-nguyen-phong-sac,,,,,,https://shope.ee/3LRCqoWUuX,
https://shopeefood.vn/ha-noi/my-cay-han-quoc-ngon-so-1,,,,,,https://shope.ee/3qNTRjUate,
https://shopeefood.vn/ha-noi/tun-ga-sot-cay-han-quoc-my-tuong-den-tokbokki-nghia-do,,,,,,https://shope.ee/3g43FQVEEd,
https://shopeefood.vn/ha-noi/giang-tea-my-cay-7-cap-do-han-quoc,,,,,,https://shope.ee/2qUwFtYOvU,
https://shopeefood.vn/ha-noi/mi-cay-sasin-tran-dai-nghia,,,,,,https://shope.ee/2gBW3aZ2GT,
https://shopeefood.vn/ha-noi/ga-sot-cay-han-quoc-thanh-cong,,,,,,https://shope.ee/3B7meVX8Fa,
https://shopeefood.vn/ha-noi/bop-bi-my-cay-com-ga-xot-han-quoc-thuy-khue,,,,,,https://shope.ee/30oMSCXlaZ,
https://shopeefood.vn/ha-noi/kenmi-foods-my-cay-7-cap-do-han-quoc-ga-ran-mi-y-vinh-quynh,,,,,,https://shope.ee/2BFFSfawHQ,
https://shopeefood.vn/ha-noi/ga-sot-cay-han-quoc-nghia-do,,,,,,https://shope.ee/20vpGMbZcP,
https://shopeefood.vn/ha-noi/my-cay-han-quoc-van-quan,,,,,,https://shope.ee/2Vs5rHZfbW,
https://shopeefood.vn/ha-noi/korean-ga-ran-han-quoc-bach-tuoc-xao-cay,,,,,,https://shope.ee/2LYfeyaIwV,
https://shopeefood.vn/ha-noi/my-cay-han-quoc-seoul-tran-phu-ha-dong,,,,,,https://shope.ee/1VzYfRdTdM,
https://shopeefood.vn/ha-noi/my-tea-mi-cay-han-quoc-232-yen-hoa,,,,,,https://shope.ee/1Lg8T8e6yL,
https://shopeefood.vn/ha-noi/mi-cay-7-cap-do-han-quoc-pho-la-xa,,,,,,https://shope.ee/1qcP43cCxS,
https://shopeefood.vn/ha-noi/vua-my-cay-han-quoc-cap-do-bay-den-lu,,,,,,https://shope.ee/1gIyrkcqIR,
https://shopeefood.vn/ha-noi/co-hiep-lac-rang-hung-liu-lac-cay-han-quoc-ba-trieu,,,,,,https://shope.ee/qjrsDg0zI,
https://shopeefood.vn/ha-noi/chicken-go-ga-sot-cay-han-quoc-pho-xom,,,,,,https://shope.ee/gQRfugeKH,
https://shopeefood.vn/ha-noi/my-cay-seoul-my-cay-han-quoc-song-cong,,,,,,https://shope.ee/1BMiGpekJO,
https://shopeefood.vn/da-nang/seoul-cs9-mi-cay-7-cap-do-han-quoc-50-ong-ich-khiem,,,,,,https://shope.ee/113I4WfNeN,
https://shopeefood.vn/da-nang/mi-cay-seoul-han-quoc-ly-dao-thanh,,,,,,https://shope.ee/BUB4ziYLE,
https://shopeefood.vn/da-nang/chachan-my-cay-han-quoc-ga-ran-sieu-sot,,,,,,https://shope.ee/1AksgjBgD,
https://shopeefood.vn/da-nang/nem-nuong-nha-trang-my-cay-han-quoc-trung-vit-lon-vo-van-kiet,,,,,,https://shope.ee/W71TbhHfK,
https://shopeefood.vn/da-nang/mi-cay-kim-chi-han-quoc-banh-gao-tokbokki-miu-miu,,,,,,https://shope.ee/LnbHIhv0J,
https://shopeefood.vn/da-nang/com-han-quoc-mi-cay-tra-sua-ume-nguyen-hien.npsvhb,,,,,,https://shope.ee/AAHWzN6U3E,
https://shopeefood.vn/da-nang/my-cay-nami-am-thuc-han-quoc,,,,,,https://shope.ee/9zy6n477OD,
https://shopeefood.vn/da-nang/mi-cay-7-cap-do-han-quoc-nguyen-phan-vinh,,,,,,https://shope.ee/AUuNNz5DNK,
https://shopeefood.vn/da-nang/oppa-mi-cay-7-cap-do-han-quoc-lau-thai.6s2loc,,,,,,https://shope.ee/AKaxBg5qiJ,
https://shopeefood.vn/da-nang/quan-anh-korean-bap-zip-banh-gao-cay-han-quoc-an-cu-4,,,,,,https://shope.ee/9V1qC991PA,
https://shopeefood.vn/ho-chi-minh/mi-cay-nam-han-mi-cay-tokbokki-dong-hung-thuan-11,,,,,,https://shope.ee/9KiPzq9ek9,
https://shopeefood.vn/ho-chi-minh/mi-cay-mi-tuong-den-mi-lanh-han-quoc-sarang-mi-227-le-hong-phong,,,,,,https://shope.ee/9pegal7kjG,
https://shopeefood.vn/ho-chi-minh/an-vat-busan-ga-cay-han-quoc-khoai-tay-chien,,,,,,https://shope.ee/9fLGOS8O4F,
https://shopeefood.vn/ho-chi-minh/mi-cay-nam-han-mi-cay-an-vat,,,,,,https://shope.ee/8pm9OvBYl6,
https://shopeefood.vn/ho-chi-minh/mi-cay-han-quoc-shop-online-duong-160,,,,,,https://shope.ee/8fSjCcCC65,
https://shopeefood.vn/ho-chi-minh/mi-cay-an-vat-suboi-do-an-han-quoc-lien-ap-2-3a.hd5rk4,,,,,,https://shope.ee/9AOznXAI5C,
https://shopeefood.vn/ho-chi-minh/noo-drama-mi-cay-mi-tuong-den-mi-xao-han-quoc-le-van-sy,,,,,,https://shope.ee/905ZbEAvQB,
https://shopeefood.vn/ho-chi-minh/co-chu-nho-tokbokki-my-cay-banh-gao-han-quoc-nguyen-canh-chan,,,,,,https://shope.ee/8AWSbhE672,
https://shopeefood.vn/ho-chi-minh/chicc-chicc-mi-cay-han-quoc,,,,,,https://shope.ee/80D2POEjS1,
https://shopeefood.vn/ho-chi-minh/bep-me-tuyet-tokbokki-ga-sot-cay-han-quoc-116a-bui-dien,,,,,,https://shope.ee/8V9J0JCpR8,
https://shopeefood.vn/ho-chi-minh/tokbokki-mi-han-quoc-hanu-ca-vien-chien-bo-mam-toi-an-vat,,,,,,https://shope.ee/8Kpso0DSm7,
https://shopeefood.vn/ho-chi-minh/mi-cay-mi-tuong-den-mi-lanh-han-quoc-sarang-mi-vo-thi-dang,,,,,,https://shope.ee/7VGloTGdSy,
https://shopeefood.vn/ho-chi-minh/dao-mi-cay-mon-an-han-quoc-au-duong-lan.2nmv1i,,,,,,https://shope.ee/6VOEcdKmmV,
https://shopeefood.vn/ho-chi-minh/kitachi-mi-cay-han-quoc-7-cap-do-155-van-kiep,,,,,,https://shope.ee/9KiPzqA024,
https://shopeefood.vn/ho-chi-minh/com-ga-sot-cay-han-quoc-quan-71-duong-so-1,,,,,,https://shope.ee/9V1qC99Mh7,
https://shopeefood.vn/ho-chi-minh/chicken-cheese-ga-ran-han-quoc-tokbokki-my-y-dong-hung-thuan-2,,,,,,https://shope.ee/9fLGOS8jMA,
https://shopeefood.vn/ho-chi-minh/lemon-mi-cay-7-cap-do-han-quoc-huong-lo-2,,,,,,https://shope.ee/9pegal861D,
https://shopeefood.vn/ho-chi-minh/3a-korean-food-ga-sot-pho-mai-mi-cay-han-quoc-tokbokki-nguyen-van-luong,,,,,,https://shope.ee/9zy6n47SgG,
https://shopeefood.vn/ho-chi-minh/sasin-mi-cay-7-cap-do-han-quoc-hoa-binh,,,,,,https://shope.ee/AAHWzN6pLJ,
https://shopeefood.vn/ho-chi-minh/mi-cay-mi-tuong-den-mi-lanh-han-quoc-sarang-mi-210-14-hoang-dieu-2,,,,,,https://shope.ee/AKaxBg6C0M,
https://shopeefood.vn/ho-chi-minh/an-vat-han-quoc-ga-cay-pho-mai,,,,,,https://shope.ee/AUuNNz5YfP,
https://shopeefood.vn/ho-chi-minh/hana-mi-cay-mi-cay-kho-han-quoc-shop-online.0nfltf,,,,,,https://shope.ee/80D2POF4jw,
https://shopeefood.vn/ho-chi-minh/quan-cha-ca-han-quoc-7-loai-sot-va-tokbokki-sot-cay-hau-giang,,,,,,https://shope.ee/8AWSbhEROz,
https://shopeefood.vn/ho-chi-minh/moo-s-quan-ga-sot-cay-han-quoc-duong-so-3.wdpact,,,,,,https://shope.ee/8Kpso0Do42,
https://shopeefood.vn/ho-chi-minh/mi-cay-han-quoc-7-cap-do-nagari,,,,,,https://shope.ee/8V9J0JDAj5,
https://shopeefood.vn/ho-chi-minh/kumoi-lau-nuong-mi-cay-han-quoc,,,,,,https://shope.ee/8fSjCcCXO8,
https://shopeefood.vn/ho-chi-minh/nha-tui-food-ga-sot-cay-han-quoc-tokbokki-truyen-thong,,,,,,https://shope.ee/8pm9OvBu3B,
https://shopeefood.vn/ho-chi-minh/mi-cay-han-quoc-418-le-hong-phong,,,,,,https://shope.ee/905ZbEBGiE,
https://shopeefood.vn/ho-chi-minh/haru-haru-mi-cay-am-thuc-han-quoc-quoc-huong.cfkunv,,,,,,https://shope.ee/9AOznXAdNH,
https://shopeefood.vn/ho-chi-minh/tony-n-s-kitchen-ga-cay-han-quoc-nguyen-van-ngoc.5gtjhe,,,,,,https://shope.ee/1Lg8T8eSGm,
https://shopeefood.vn/ho-chi-minh/gu-ga-ran-han-quoc-my-ga-cay-le-quang-sung,,,,,,https://shope.ee/1VzYfRdovp,
https://shopeefood.vn/ho-chi-minh/hippo-tea-mi-cay-han-quoc,,,,,,https://shope.ee/1gIyrkdBas,
https://shopeefood.vn/ho-chi-minh/am-thuc-so-8-mi-cay-han-quoc-hambuger-banh-mi-que-mi-y-thien-phuoc.baw0hq,,,,,,https://shope.ee/1qcP43cYFv,
https://shopeefood.vn/ho-chi-minh/3a-korean-food-ga-sot-pho-mai-mi-cay-han-quoc-tokbokki-nguyen-tri-phuong,,,,,,https://shope.ee/20vpGMbuuy,
https://shopeefood.vn/ho-chi-minh/ong-hoi-seoul-mi-cay-mon-an-han-quoc,,,,,,https://shope.ee/2BFFSfbHa1,
https://shopeefood.vn/ho-chi-minh/mi-cay-idata-mon-an-han-quoc-ta-quang-buu,,,,,,https://shope.ee/2LYfeyaeF4,
https://shopeefood.vn/ho-chi-minh/3a-korean-food-ga-sot-pho-mai-mi-cay-han-quoc-pho-am-thuc-q6,,,,,,https://shope.ee/2Vs5rHa0u7,
https://shopeefood.vn/ho-chi-minh/mi-cay-mi-tuong-den-mi-lanh-han-quoc-sarang-mi-613-ta-quang-buu,,,,,,https://shope.ee/1AksgjWye,
https://shopeefood.vn/ho-chi-minh/nb-banh-gao-cay-han-quoc,,,,,,https://shope.ee/BUB4zitdh,
https://shopeefood.vn/ho-chi-minh/k-dohan-ga-sot-han-my-cay-k-box-nguyen-anh-thu,,,,,,https://shope.ee/LnbHIiGIk,
https://shopeefood.vn/ho-chi-minh/my-cay-han-quoc-doki-my-cay-7-cap-do-ta-quang-buu.rw3rp2,,,,,,https://shope.ee/W71Tbhcxn,
https://shopeefood.vn/ho-chi-minh/ga-sot-cay-han-quoc-bud,,,,,,https://shope.ee/gQRfugzcq,
https://shopeefood.vn/ho-chi-minh/komin-mi-cay-han-quoc-duong-160,,,,,,https://shope.ee/qjrsDgMHt,
https://shopeefood.vn/ho-chi-minh/piquancy-mi-cay-han-quoc,,,,,,https://shope.ee/113I4Wfiww,
https://shopeefood.vn/ho-chi-minh/ba-bao-tra-sua-tra-trai-cay-mi-cay-han-quoc-com-trua,,,,,,https://shope.ee/1BMiGpf5bz,
https://shopeefood.vn/ho-chi-minh/aki-ga-sot-cay-chan-ga-rut-xuong-sot-cay-han-quoc-binh-thoi,,,,,,https://shope.ee/40gte2UIrY,
https://shopeefood.vn/ho-chi-minh/sasin-mi-cay-7-cap-do-han-quoc-nguyen-thi-tu,,,,,,https://shope.ee/4B0JqLTfWb,
https://shopeefood.vn/ho-chi-minh/busan-lau-mi-cay-7-cap-do-han-quoc-nguyen-duy-trinh,,,,,,https://shope.ee/4LJk2eT2Be,
https://shopeefood.vn/ho-chi-minh/spicy-house-mon-ngon-cay-truyen-thong-han-quoc,,,,,,https://shope.ee/4VdAExSOqh,
https://shopeefood.vn/ho-chi-minh/quan-mi-cay-an-vat-han-quoc-621-to-ky,,,,,,https://shope.ee/4fwaRGRlVk,
https://shopeefood.vn/ho-chi-minh/mi-cay-mi-tuong-den-mi-lanh-han-quoc-sarang-mi-35-vinh-hoi,,,,,,https://shope.ee/4qG0dZR8An,
https://shopeefood.vn/ho-chi-minh/mon-ngon-han-quoc-ga-cay-pho-mai-thich-quang-duc,,,,,,https://shope.ee/50ZQpsQUpq,
https://shopeefood.vn/ho-chi-minh/chanwoo-lau-mi-cay-han-quoc-vinhomes-grand-park,,,,,,https://shope.ee/5Asr2BPrUt,
https://shopeefood.vn/ho-chi-minh/ba-ngoai-com-ga-mi-ga-han-quoc-xo-viet-nghe-tinh,,,,,,https://shope.ee/2gBW3aZNZQ,
https://shopeefood.vn/ha-noi/aha-food-mi-indomie-mi-cay-mi-tuong-den-ton-duc-thang,,,,,,https://shope.ee/2qUwFtYkET,
https://shopeefood.vn/ha-noi/mi-cay-tomyum-mi-tuong-den-thien-tru-noodles,,,,,,https://shope.ee/30oMSCY6tW,
https://shopeefood.vn/ha-noi/688-food-my-cay-my-tron-tuong-den-ga-u-muoi-do-duc-duc,,,,,,https://shope.ee/3B7meVXTYZ,
https://shopeefood.vn/ha-noi/xuka-food-mi-tron-indomie-mi-tuong-den-khuat-duy-tien,,,,,,https://shope.ee/3LRCqoWqDc,
https://shopeefood.vn/ha-noi/tiem-co-tram-ngo-mi-cay-mi-tuong-den-tra-me-tri-thuong,,,,,,https://shope.ee/3Vkd37WCsf,
https://shopeefood.vn/ha-noi/thanh-huyen-food-ga-u-muoi-my-indomie-tuong-den-my-cay-thach-cau,,,,,,https://shope.ee/3g43FQVZXi,
https://shopeefood.vn/ha-noi/uyen-nhi-mi-tron-tuong-den-koreno,,,,,,https://shope.ee/3qNTRjUwCl,
https://shopeefood.vn/ha-noi/pizza-my-tuong-den-tra-sua-nguyen-dinh-hoan,,,,,,https://shope.ee/6q151FJW7M,
https://shopeefood.vn/ha-noi/ga-chien-tokbokki-my-tuong-den-chi-linh-quan,,,,,,https://shope.ee/6fheowK9SL,
https://shopeefood.vn/ha-noi/uyen-nhi-nem-nuong-nha-trang-mi-tuong-den-do-an-vat,,,,,,https://shope.ee/7AdvPrIFRS,
https://shopeefood.vn/ha-noi/mi-tron-indomie-me-bun-mi-tron-indomie-mi-tuong-den-xien-que-chien-mam-xuan-phuong,,,,,,https://shope.ee/70KVDYIsmR,
https://shopeefood.vn/ha-noi/anh-da-den-my-tron-phuc-tan.tvhdme,,,,,,https://shope.ee/7VGloTGylY,
https://shopeefood.vn/ha-noi/pate-cot-den-hbl-banh-mi-pho-cho-kham-thien,,,,,,https://shope.ee/7KxLcAHc6X,
https://shopeefood.vn/ha-noi/tam-cook-banh-mi-pate-cot-den-hai-phong-khuong-trung,,,,,,https://shope.ee/7ptcD5Fi5e,
https://shopeefood.vn/ha-noi/pate-thom-nguyen-banh-mi-que-cot-den-hai-phong-tay-mo.7byt7c,,,,,,https://shope.ee/7faC0mGLQd,
https://shopeefood.vn/ha-noi/tiem-mi-nha-gau-mi-tron-mi-tuong-den,,,,,,https://shope.ee/5VVhQnOapE,
https://shopeefood.vn/ha-noi/mr-yi-jjajang-tiem-mi-tuong-den-han-quoc-19-chua-lang.7hy9nk,,,,,,https://shope.ee/5LCHEUPEAD,
https://shopeefood.vn/ha-noi/tiem-mi-nha-chip-mi-tron-indomie-mi-tron-tuong-den,,,,,,https://shope.ee/5q8XpPNK9K,
https://shopeefood.vn/ha-noi/mi-tron-indomie-mi-tuong-den-son-food,,,,,,https://shope.ee/5fp7d6NxUJ,
https://shopeefood.vn/ha-noi/ga-ran-mi-tuong-den-do-an-vat-nguyen-trai,,,,,,https://shope.ee/6AlOE1M3TQ,
https://shopeefood.vn/ha-noi/my-cay-duc-trinh-my-cay-my-tuong-den-ngo-3-ba-la.ppz3rn,,,,,,https://shope.ee/60Ry1iMgoP,
https://shopeefood.vn/ha-noi/chibi-food-mi-tron-indomie-mi-tuong-den-quan-hoa,,,,,,https://shope.ee/6VOEcdKmnW,
https://shopeefood.vn/ha-noi/quan-minh-tuan-ga-chien-tokbokki-my-tuong-den,,,,,,https://shope.ee/6L4oQKLQ8V,
https://shopeefood.vn/ha-noi/my-y-mi-tuong-den-bep-me-siu-siu-nguyen-luong-bang,,,,,,https://shope.ee/9V1qC99Mi8,
https://shopeefood.vn/ha-noi/chan-gio-hwa-jung-my-tuong-den-my-chambong-ngo-266-hoang-cong-chat.2tw7ls,,,,,,https://shope.ee/9KiPzqA037,
https://shopeefood.vn/ha-noi/anh-duy-mi-tron-indomie-mi-tuong-den-my-dinh,,,,,,https://shope.ee/9pegal862E,
https://shopeefood.vn/ha-noi/mi-tron-indomie-mi-tuong-den-an-vat-ba-ngoai,,,,,,https://shope.ee/9fLGOS8jND,
https://shopeefood.vn/ha-noi/neko-mi-indomie-mi-sot-trung-muoi-mi-tuong-den,,,,,,https://shope.ee/AAHWzN6pMK,
https://shopeefood.vn/ha-noi/chan-gio-hwa-jung-my-tuong-den-lac-long-quan,,,,,,https://shope.ee/9zy6n47ShJ,
https://shopeefood.vn/ha-noi/mi-tron-indomi-mi-tuong-den-anh-nam-mau-luong,,,,,,https://shope.ee/AUuNNz5YgQ,
https://shopeefood.vn/ha-noi/anh-duy-mi-tron-indomie-mi-tuong-den-trieu-khuc,,,,,,https://shope.ee/AKaxBg6C1P,
https://shopeefood.vn/ha-noi/anh-duy-mi-tron-indomie-mi-tuong-den-tran-quoc-hoan,,,,,,https://shope.ee/8AWSbhERQ0,
https://shopeefood.vn/ha-noi/anh-duy-mi-tron-indomie-mi-tuong-den,,,,,,https://shope.ee/80D2POF4kz,
https://shopeefood.vn/ha-noi/michon-mi-tron-tuong-den-doi-can,,,,,,https://shope.ee/8V9J0JDAk6,
https://shopeefood.vn/ha-noi/hoang-lan-quan-gimbap-mi-tuong-den,,,,,,https://shope.ee/8Kpso0Do55,
https://shopeefood.vn/ha-noi/688-food-mi-indomie-ga-ran-nguyen-con-nuoc-ep-dong-da,,,,,,https://shope.ee/8pm9OvBu4C,
https://shopeefood.vn/ha-noi/tam-cook-banh-mi-pate-cot-den-hai-phong-tran-huy-lieu,,,,,,https://shope.ee/8fSjCcCXPB,
https://shopeefood.vn/ha-noi/chan-gio-han-quoc-hwa-jung-my-tuong-den-my-champong-17-ngo-169-doan-ke-thien,,,,,,https://shope.ee/9AOznXAdOI,
https://shopeefood.vn/ha-noi/688-food-my-cay-my-tron-my-tuong-den-my-dinh,,,,,,https://shope.ee/905ZbEBGjH,
https://shopeefood.vn/ha-noi/koreno-food-my-cay-my-tuong-den-tra-tac,,,,,,https://shope.ee/1VzYfRdowq,
https://shopeefood.vn/ha-noi/tam-cook-banh-mi-pate-cot-den-hai-phong-kiot-50-hh3c-linh-dam,,,,,,https://shope.ee/1Lg8T8eSHp,
https://shopeefood.vn/ha-noi/com-tam-co-tam-com-tam-bun-thit-nuong-sai-gon-bun-cha-ha-noi-mieu-dam,,,,,,https://shope.ee/1qcP43cYGw,
https://shopeefood.vn/ha-noi/tam-cook-banh-mi-pate-cot-den-hai-phong-quynh-loi,,,,,,https://shope.ee/1gIyrkdBbv,
https://shopeefood.vn/ha-noi/tam-cook-banh-mi-pate-cot-den-hai-phong-hang-dieu,,,,,,https://shope.ee/2BFFSfbHb2,
https://shopeefood.vn/ha-noi/tam-cook-banh-mi-pate-cot-den-hai-phong-duong-buoi,,,,,,https://shope.ee/20vpGMbuw1,
https://shopeefood.vn/ha-noi/tam-cook-banh-mi-pate-cot-den-hai-phong-cau-giay,,,,,,https://shope.ee/2Vs5rHa0v8,
https://shopeefood.vn/ha-noi/a-suay-com-thit-kho-kieu-dai-ngo-den-tuong-thuan.qc9gvt,,,,,,https://shope.ee/2LYfeyaeG7,
https://shopeefood.vn/ha-noi/com-tron-mi-tuong-den-han-quoc-108c4-nghia-tan,,,,,,https://shope.ee/BUB4zitei,
https://shopeefood.vn/ha-noi/tiem-my-cay-domi-tuong-mai,,,,,,https://shope.ee/1AksgjWzh,
https://shopeefood.vn/ha-noi/tam-cook-banh-mi-pate-cot-den-hai-phong-dinh-cong,,,,,,https://shope.ee/W71Tbhcyo,
https://shopeefood.vn/ha-noi/my-ngon-indomi-ngo-den-tuong-thuan,,,,,,https://shope.ee/LnbHIiGJn,
https://shopeefood.vn/ha-noi/tam-cook-banh-mi-pate-cot-den-hai-phong-kham-thien,,,,,,https://shope.ee/qjrsDgMIu,
https://shopeefood.vn/ha-noi/tra-xoai-kem-trung-sua-tuoi-duong-den-do-uong-va-banh-my-h4-thanh-cong-ba-dinh-ha-noii.5qllqg,,,,,,https://shope.ee/gQRfugzdt,
https://shopeefood.vn/ha-noi/tam-cook-banh-mi-pate-cot-den-mi-tron-indomie-nguyen-van-cu,,,,,,https://shope.ee/1BMiGpf5d0,
https://shopeefood.vn/ha-noi/tam-cook-banh-mi-pate-cot-den-hai-phong-kham-thien.,,,,,,https://shope.ee/113I4Wfixz,
https://shopeefood.vn/ha-noi/banh-mi-pate-cot-den-hai-phong-ngoc-lam,,,,,,https://shope.ee/4B0JqLTfXc,
https://shopeefood.vn/ha-noi/tam-cook-banh-mi-pate-cot-den-hai-phong-khuong-thuong,,,,,,https://shope.ee/40gte2UIsb,
https://shopeefood.vn/ha-noi/tam-cook-banh-mi-pate-cot-den-hai-phong-hao-nam,,,,,,https://shope.ee/4VdAExSOri,
https://shopeefood.vn/ha-noi/tam-cook-banh-mi-pate-cot-den-hai-phong-vinhomes-smartcity-tay-mo,,,,,,https://shope.ee/5VVhQnPYVV,
https://shopeefood.vn/ha-noi/ff-nuoc-ep-den-tu-tuong-lai-nguyen-huu-huan,,,,,,https://shope.ee/5fp7d6OvAY,
https://shopeefood.vn/ha-noi/tam-cook-banh-mi-pate-cot-den-hai-phong-phuong-canh,,,,,,https://shope.ee/5q8XpPOHpb,
https://shopeefood.vn/ha-noi/my-van-than-106-nguyen-huy-tuong,,,,,,https://shope.ee/60Ry1iNeUe,
https://shopeefood.vn/ha-noi/ga-ran-va-my-y-jollibee-hapulico-nguyen-huy-tuong,,,,,,https://shope.ee/6AlOE1N19h,
https://shopeefood.vn/ha-noi/my-cay-6686-my-ga-tan-my-tuong-den-nuoc-ep-my-dinh,,,,,,https://shope.ee/6L4oQKMNok,
https://shopeefood.vn/ha-noi/tam-cook-banh-mi-pate-cot-den-hai-phong-phao-dai-lang,,,,,,https://shope.ee/6VOEcdLkTn,
https://shopeefood.vn/ha-noi/tiem-organic-bun-nuoc-dung-hoa-qua-mi-tron-thach-den-107-ha-tri,,,,,,https://shope.ee/6fheowL78q,
https://shopeefood.vn/ha-noi/keu-xay-sach-ga-ran-mi-den-am-thuc-han-quoc-pham-ngoc-thach,,,,,,https://shope.ee/6q151FKTnt,
https://shopeefood.vn/ha-noi/an-dam-sach-nha-gau-do-an-dam-cho-tre-em-den-tuong-thuan,,,,,,https://shope.ee/70KVDYJqSw,
https://shopeefood.vn/ha-noi/banh-my-pate-cot-den-nguyen-trai,,,,,,https://shope.ee/7AdvPrJD7z,
https://shopeefood.vn/ha-noi/xoi-banh-my-bun-cha-12-nguyen-huy-tuong,,,,,,https://shope.ee/7KxLcAIZn2,
https://shopeefood.vn/ha-noi/banh-mi-que-pate-cot-den-134-nguyen-dong-chi,,,,,,https://shope.ee/7VGloTHwS5,
https://shopeefood.vn/ha-noi/banh-mi-pate-cot-den-nguyen-trai.cwvfmp,,,,,,https://shope.ee/7faC0mHJ78,
https://shopeefood.vn/ha-noi/banh-mi-pate-cot-den-hbl-banh-mi-ngon-595-tan-mai,,,,,,https://shope.ee/7ptcD5GfmB,
https://shopeefood.vn/ha-noi/ngon-lai-den-mi-tron-indomie-do-duc-duc,,,,,,https://shope.ee/3B7meVYRFI,
https://shopeefood.vn/ha-noi/bami-sot-banh-mi-den-kham-thien,,,,,,https://shope.ee/30oMSCZ4aH,
https://shopeefood.vn/ha-noi/bao-coffee-tra-o-long-dam-vi-banh-mi-pate-cot-den,,,,,,https://shope.ee/2qUwFtZhvG,
https://shopeefood.vn/ha-noi/tam-cook-banh-mi-pate-cot-den-hai-phong-tan-mai,,,,,,https://shope.ee/2gBW3aaLGF,
https://shopeefood.vn/ha-noi/tiem-banh-my-pate-cot-den-hai-phong-141f-truong-dinh,,,,,,https://shope.ee/3qNTRjVttU,
https://shopeefood.vn/da-nang/tanna-my-cay-my-tuong-den-com-tam,,,,,,https://shope.ee/3g43FQWXET,
https://shopeefood.vn/da-nang/tokbokki-my-tuong-den-115-chau-thi-vinh-te,,,,,,https://shope.ee/3Vkd37XAZS,
https://shopeefood.vn/da-nang/map-oi-tokbokki-mi-tuong-den,,,,,,https://shope.ee/3LRCqoXnuR,
https://shopeefood.vn/da-nang/hanh-an-cook-banh-mi-pate-cot-den-hai-phong-592-nui-thanh,,,,,,https://shope.ee/4VdAExTMXg,
https://shopeefood.vn/da-nang/banh-mi-pate-cot-den-linh-house-hoang-dieu,,,,,,https://shope.ee/4LJk2eTzsf,
https://shopeefood.vn/da-nang/banh-mi-pate-cot-den-linh-house-phan-chau-trinh,,,,,,https://shope.ee/4B0JqLUdDe,
https://shopeefood.vn/da-nang/banh-mi-pate-cot-den-linh-house-dien-bien-phu,,,,,,https://shope.ee/40gte2VGYd,
https://shopeefood.vn/da-nang/pho-ong-tuong-bo-kho-banh-mi,,,,,,https://shope.ee/5Asr2BQpBs,
https://shopeefood.vn/da-nang/my-tron-sot-thai-bun-xi-dau-nguyen-huy-tuong,,,,,,https://shope.ee/50ZQpsRSWr,
https://shopeefood.vn/da-nang/quan-nhau-my-lien-nguyen-tuong-pho,,,,,,https://shope.ee/4qG0dZS5rq,
https://shopeefood.vn/da-nang/my-quang-son-den,,,,,,https://shope.ee/4fwaRGSjCp,
https://shopeefood.vn/da-nang/my-quang-dai-loc-nguyen-huy-tuong,,,,,,https://shope.ee/W71Tbiaf2,
https://shopeefood.vn/da-nang/den-sai-gon-banh-mi-thit-nuong,,,,,,https://shope.ee/LnbHIjE01,
https://shopeefood.vn/da-nang/mi-cay-gangwon-nguyen-huy-tuong,,,,,,https://shope.ee/BUB4zjrL0,
https://shopeefood.vn/da-nang/l-d-lau-ly-dau-hu-tran-chau-duong-den-105-nguyen-huy-tuong,,,,,,https://shope.ee/1AksgkUfz,
https://shopeefood.vn/da-nang/bua-sang-nha-l-p-my-tuong-den-sinh-vien-vo-nguyen-giap,,,,,,https://shope.ee/1BMiGpg3JE,
https://shopeefood.vn/da-nang/bep-me-su-com-chien-duong-chau-mi-tuong-den,,,,,,https://shope.ee/113I4WggeD,
https://shopeefood.vn/ho-chi-minh/mi-tuong-den-bluedragon-phu-my-hung,,,,,,https://shope.ee/qjrsDhJzC,
https://shopeefood.vn/ho-chi-minh/lau-rieu-cua-dong-ha-noi-quan,,,,,,https://shope.ee/gQRfuhxKB,
https://shopeefood.vn/ho-chi-minh/banh-mi-pate-cot-den-hai-phong-thoi-tu-5,,,,,,https://shope.ee/1qcP43dVxQ,
https://shopeefood.vn/ho-chi-minh/bep-me-shin-bun-nuoc-tuong-mi-tron-indo-ca-vien-chien-tran-xuan-soan,,,,,,https://shope.ee/1gIyrke9IP,
https://shopeefood.vn/ho-chi-minh/sami-food-mi-ga-xa-xiu-bun-nuoc-tuong-tra-trai-cay-cafe,,,,,,https://shope.ee/1VzYfRemdO,
https://shopeefood.vn/ho-chi-minh/my-tron-indomie-bun-dau-nuoc-tuong-binh-long,,,,,,https://shope.ee/1Lg8T8fPyN,
https://shopeefood.vn/ho-chi-minh/xoi-banh-mi-tuong-hiep-tinh-lo-10,,,,,,https://shope.ee/2Vs5rHaybc,
https://shopeefood.vn/ho-chi-minh/bun-nuoc-tuong-mi-tron-nha-lam-254-54-1-duong-quang-ham,,,,,,https://shope.ee/2LYfeybbwb,
https://shopeefood.vn/ho-chi-minh/banh-mi-si-gon-dong-den,,,,,,https://shope.ee/2BFFSfcFHa,
https://shopeefood.vn/ho-chi-minh/banh-mi-binh-dinh-77-tuong-vi,,,,,,https://shope.ee/20vpGMcscZ,
https://shopeefood.vn/ho-chi-minh/nha-food-com-tron-mi-indomie-tokbokki-trung-ngam-tuong,,,,,,https://shope.ee/8V9J0JE8Qq,
https://shopeefood.vn/ho-chi-minh/ppaja-korean-food-am-thuc-han-quoc-mi-tuong-den-ga-sot-tay-hoa,,,,,,https://shope.ee/8Kpso0Ellp,
https://shopeefood.vn/ho-chi-minh/anh-minh-mi-tron-indomie-tuong-den-cong-hoa,,,,,,https://shope.ee/8AWSbhFP6o,
https://shopeefood.vn/ho-chi-minh/an-vat-nha-ngot-tokbokki-mi-tuong-den,,,,,,https://shope.ee/80D2POG2Rn,
https://shopeefood.vn/ho-chi-minh/mi-tuong-den-bluedragon-thai-thuan,,,,,,https://shope.ee/9AOznXBb52,
https://shopeefood.vn/ho-chi-minh/an-vat-subin-mi-y-mi-tuong-den-nguyen-duy,,,,,,https://shope.ee/905ZbECEQ1,
https://shopeefood.vn/ho-chi-minh/mi-tuong-den-bluedragon-vinhomes-grand-park,,,,,,https://shope.ee/8pm9OvCrl0,
https://shopeefood.vn/ho-chi-minh/a-bao-mi-indomie-tron-mi-y-pho-mai-mi-tuong-den-hem-203-to-ky,,,,,,https://shope.ee/8fSjCcDV5z,
https://shopeefood.vn/ho-chi-minh/mi-tuong-den-dau-dau,,,,,,https://shope.ee/9pegal93jE,
https://shopeefood.vn/ho-chi-minh/tiem-mi-co-chu-nho-mk-mi-tron-tuong-den-mi-tron-top-mo-nguyen-van-khoi.xh1zcq,,,,,,https://shope.ee/9fLGOS9h4D,
https://shopeefood.vn/ho-chi-minh/hem-my-my-tuong-den-my-tokbokki-nguyen-lam,,,,,,https://shope.ee/9V1qC9AKPC,
https://shopeefood.vn/ho-chi-minh/mi-tron-nha-mi-mi-tuong-den-mi-tron-indomie-mi-tron-samyang-nguyen-thai-son,,,,,,https://shope.ee/9KiPzqAxkB,
https://shopeefood.vn/ho-chi-minh/korea-brother-mi-tuong-den,,,,,,https://shope.ee/AUuNNz6WNQ,
https://shopeefood.vn/ho-chi-minh/taka-com-tron-mi-tuong-den-tokbokki,,,,,,https://shope.ee/AKaxBg79iP,
https://shopeefood.vn/ho-chi-minh/bep-nha-gung-mi-tron-sot-pho-mai-mi-tuong-den-go-vap,,,,,,https://shope.ee/AAHWzN7n3O,
https://shopeefood.vn/ho-chi-minh/mi-tuong-den-tra-sua-tokbokki-kinh-duong-vuong,,,,,,https://shope.ee/9zy6n48QON,
https://shopeefood.vn/ho-chi-minh/tiem-mi-tuong-den-chaewon-duong-34b,,,,,,https://shope.ee/5q8XpPOHqa,
https://shopeefood.vn/ho-chi-minh/mi-tron-mi-tuong-den-bo-gia-lanh-binh-thang,,,,,,https://shope.ee/5fp7d6OvBZ,
https://shopeefood.vn/ho-chi-minh/iceman-hoa-ky-tra-sua-sui-cao-he-mi-tuong-den,,,,,,https://shope.ee/5VVhQnPYWY,
https://shopeefood.vn/ho-chi-minh/mi-cay-mi-tuong-den-a-woong-kinh-duong-vuong,,,,,,https://shope.ee/5LCHEUQBrX,
https://shopeefood.vn/ho-chi-minh/baobao-food-mi-tuong-den-mi-tron,,,,,,https://shope.ee/6VOEcdLkUm,
https://shopeefood.vn/ho-chi-minh/mi-cay-sasin-294-dong-den,,,,,,https://shope.ee/6L4oQKMNpl,
https://shopeefood.vn/ho-chi-minh/freedom-com-tron-mi-tuong-den,,,,,,https://shope.ee/6AlOE1N1Ak,
https://shopeefood.vn/ho-chi-minh/tiger-food-tokbokki-mi-tuong-den-mi-yakisuba-duong-so-9,,,,,,https://shope.ee/60Ry1iNeVj,
https://shopeefood.vn/ho-chi-minh/me-mi-mi-y-do-mi-tuong-den-mi-tron-binh-thanh,,,,,,https://shope.ee/7AdvPrJD8y,
https://shopeefood.vn/ho-chi-minh/mr-park-mi-ngam-tuong-tran-quy,,,,,,https://shope.ee/70KVDYJqTx,
https://shopeefood.vn/ho-chi-minh/mimi-sua-tuoi-tran-chau-duong-den-kem-trung-nuong-tra-sua-mi-cay,,,,,,https://shope.ee/6q151FKTow,
https://shopeefood.vn/ho-chi-minh/yummi-com-tron-mi-tuong-den,,,,,,https://shope.ee/6fheowL79v,
https://shopeefood.vn/ho-chi-minh/hamburger-mi-y-mi-den-227-xom-chieu-quan-4,,,,,,https://shope.ee/7ptcD5GfnA,
https://shopeefood.vn/ho-chi-minh/baekka-mandu-banh-gao-tokbokki-banh-xep-mandu-mi-tuong-den-99-le-thi-cho,,,,,,https://shope.ee/7faC0mHJ89,
https://shopeefood.vn/ho-chi-minh/hy-hoa-ky-mi-hong-kong-137-dong-den,,,,,,https://shope.ee/7VGloTHwT8,
https://shopeefood.vn/ho-chi-minh/tam-cook-banh-mi-pate-cot-den-hai-phong-nguyen-thuong-hien,,,,,,https://shope.ee/7KxLcAIZo7,
https://shopeefood.vn/ho-chi-minh/my-tuong-den-long-van,,,,,,https://shope.ee/30oMSCZ4bI,
https://shopeefood.vn/ho-chi-minh/fresh-healthy-cake-banh-mi-den-dinh-tien-hoang,,,,,,https://shope.ee/3B7meVYRGL,
https://shopeefood.vn/ho-chi-minh/tam-cook-banh-mi-pate-cot-den-hai-phong-bac-hai,,,,,,https://shope.ee/2gBW3aaLHG,
https://shopeefood.vn/ho-chi-minh/bun-nuoc-tuong-mi-tron-a-xong,,,,,,https://shope.ee/2qUwFtZhwJ,
https://shopeefood.vn/ho-chi-minh/mi-ga-xa-ken-k3-dong-den,,,,,,https://shope.ee/3g43FQWXFU,
https://shopeefood.vn/ho-chi-minh/tam-cook-banh-mi-pate-cot-den-hai-phong-ho-van-hue,,,,,,https://shope.ee/3qNTRjVtuX,
https://shopeefood.vn/ho-chi-minh/mi-van-than-tuong-huyen,,,,,,https://shope.ee/3LRCqoXnvS,
https://shopeefood.vn/ho-chi-minh/my-cay-tron-khom-den-le-duc-tho,,,,,,https://shope.ee/3Vkd37XAaV,
https://shopeefood.vn/ho-chi-minh/thao-no-bun-nuoc-tuong-mi-tron-indomie-quan-9,,,,,,https://shope.ee/4LJk2eTztg,
https://shopeefood.vn/ho-chi-minh/ga-ran-jimama-ga-ran-my-y-an-vat-118-dong-den-tan-binh,,,,,,https://shope.ee/4VdAExTMYj,
https://shopeefood.vn/ho-chi-minh/bep-nho-mi-tron-bun-nuoc-tuong-com-ga-duong-hoang-trong-mau.h3huzy,,,,,,https://shope.ee/40gte2VGZe,
https://shopeefood.vn/ho-chi-minh/tam-cook-banh-mi-pate-cot-den-hai-phong-pham-van-hai,,,,,,https://shope.ee/4B0JqLUdEh,
https://shopeefood.vn/ho-chi-minh/bun-nuoc-tuong-my-tron-lau-to-tu-chon-tam-dac,,,,,,https://shope.ee/50ZQpsRSXs,
https://shopeefood.vn/ho-chi-minh/mi-tron-xa-xiu-anh-den-mi-tron-xa-xiu-le-dinh-can.hmcfbq,,,,,,https://shope.ee/5Asr2BQpCv,
https://shopeefood.vn/ho-chi-minh/banh-mi-pate-cot-den-duong-so-1,,,,,,https://shope.ee/4fwaRGSjDq,
https://shopeefood.vn/ho-chi-minh/tiem-nha-rio-com-tron-mi-tron-bun-nuoc-tuong-duong-so-8.gv5n2f,,,,,,https://shope.ee/4qG0dZS5st,
https://shopeefood.vn/ho-chi-minh/tiem-banh-mi-den,,,,,,https://shope.ee/LnbHIjE12,
https://shopeefood.vn/ho-chi-minh/an-vat-trai-dep-bun-nuoc-tuong-mi-tron-truong-cong-dinh,,,,,,https://shope.ee/W71Tbiag5,
https://shopeefood.vn/ho-chi-minh/banh-mi-pate-cot-den-le-van-quoi,,,,,,https://shope.ee/1AksgkUh0,
https://shopeefood.vn/ho-chi-minh/xiu-mai-chen-bun-nuoc-tuong-co-hanh-dong-den,,,,,,https://shope.ee/BUB4zjrM3,
https://shopeefood.vn/ho-chi-minh/me-chang-bun-nuoc-tuong-banh-mi-chao,,,,,,https://shope.ee/113I4WggfE,
https://shopeefood.vn/ho-chi-minh/bun-nuoc-tuong-bun-mam-nem-ha-my,,,,,,https://shope.ee/AAHWzNBqUe,
https://shopeefood.vn/ho-chi-minh/tam-cook-banh-mi-pate-cot-den-hai-phong-144-dong-den,,,,,,https://shope.ee/9zy6n4CTpd,
https://shopeefood.vn/ho-chi-minh/an-vat-nha-leo-mi-tron-bun-nuoc-tuong-banh-trang,,,,,,https://shope.ee/AUuNNzAZok,
https://shopeefood.vn/ho-chi-minh/banh-mi-quang-nam-198-dong-den,,,,,,https://shope.ee/AKaxBgBD9j,
https://shopeefood.vn/ho-chi-minh/co-hanh-mi-tron-bun-nuoc-tuong-duong-26,,,,,,https://shope.ee/8AWSbhJSYK,
https://shopeefood.vn/ho-chi-minh/sobeh-bun-nuoc-tuong-mi-tron-tra-thich-quang-duc,,,,,,https://shope.ee/80D2POK5tJ,
https://shopeefood.vn/ho-chi-minh/2-co-mi-tron-indomie-bun-nuoc-tuong-matcha-latte,,,,,,https://shope.ee/8V9J0JIBsQ,
https://shopeefood.vn/ho-chi-minh/the-banh-my-pate-90-hong-ha-pate-cot-den-hai-phong,,,,,,https://shope.ee/8Kpso0IpDP,
https://shopeefood.vn/ho-chi-minh/bep-nha-hi-mi-tron-indomie-bun-nuoc-tuong,,,,,,https://shope.ee/8pm9OvGvCW,
https://shopeefood.vn/ha-noi/my-lanh-lau-tu-soi-han-quoc-tho-lao,,,,,,https://shope.ee/8fSjCcHYXV,
https://shopeefood.vn/ha-noi/chan-gio-ham-olle-com-mi-lanh-mon-an-han-quoc-vu-trong-phung,,,,,,https://shope.ee/9AOznXFeWc,
https://shopeefood.vn/ha-noi/tokki-hanu-my-cay-han-quoc-ga-ran-tokbokki-km9-nguyen-trai,,,,,,https://shope.ee/905ZbEGHrb,
https://shopeefood.vn/ha-noi/hola-fresh-noodles-an-vat-han-quoc-shop-online,,,,,,https://shope.ee/1Lg8T8jTQ8,
https://shopeefood.vn/ha-noi/mi-han-quoc-lang-ha,,,,,,https://shope.ee/1VzYfRiq5B,
https://shopeefood.vn/ha-noi/mi-han-quoc-kim-ma,,,,,,https://shope.ee/1gIyrkiCkE,
https://shopeefood.vn/ha-noi/miele-pane-banh-my-my-han-quoc-le-quang-dao,,,,,,https://shope.ee/1qcP43hZPH,
https://shopeefood.vn/ha-noi/lau-tokboki-my-xao-tok-han-quoc,,,,,,https://shope.ee/20vpGMgw4K,
https://shopeefood.vn/ha-noi/mi-han-quoc-6-lang-ha,,,,,,https://shope.ee/2BFFSfgIjN,
https://shopeefood.vn/ha-noi/ang-nhang-nhang-mi-indomie-ga-ran-han-quoc-thuong-phuc,,,,,,https://shope.ee/2LYfeyffOQ,
https://shopeefood.vn/ha-noi/gold-s-chicken-ga-ran-com-ga-my-y-han-quoc-minh-khai,,,,,,https://shope.ee/2Vs5rHf23T,
https://shopeefood.vn/ho-chi-minh/tiem-mi-vui-ve-chu-oh-chuyen-mon-han-quoc-483b-nguyen-thi-thap,,,,,,https://shope.ee/1AksgoY80,
https://shopeefood.vn/ho-chi-minh/ga-ran-han-quoc-star-chicken-go-vap-com-ga-mi-y-lau-tokbokki,,,,,,https://shope.ee/BUB4znun3,
https://shopeefood.vn/ho-chi-minh/myeongdong-quan-mi-han-quoc,,,,,,https://shope.ee/LnbHInHS6,
https://shopeefood.vn/ho-chi-minh/an-gi-quan-chi-hai-tokbokki-mi-han-quoc-banh-trang,,,,,,https://shope.ee/W71Tbme79,
https://shopeefood.vn/ho-chi-minh/sweet-toast-banh-my-nuong-kieu-han-quoc-19-thach-lam.bzlwdc,,,,,,https://shope.ee/gQRfum0mC,
https://shopeefood.vn/ho-chi-minh/che-ngon-mi-han-quoc-bach-dang,,,,,,https://shope.ee/qjrsDlNRF,
https://shopeefood.vn/ho-chi-minh/maple-binh-thanh-com-mi-han-quoc,,,,,,https://shope.ee/113I4Wkk6I,
https://shopeefood.vn/ho-chi-minh/pizza-my-y-do-an-han-quoc-nguyen-trai,,,,,,https://shope.ee/1BMiGpk6lL,
https://shopeefood.vn/ho-chi-minh/banh-mi-que-banh-mi-que-phap-banh-bap-han-quoc-au-co,,,,,,https://shope.ee/40gte2ZK0u,
https://shopeefood.vn/ho-chi-minh/ba-ngoai-com-ga-mi-ga-han-quoc-le-van-quoi,,,,,,https://shope.ee/4B0JqLYgfx,
https://shopeefood.vn/ho-chi-minh/banh-mi-que-phap-banh-nuong-han-quoc-co-opxtra-linh-trung,,,,,,https://shope.ee/4LJk2eY3L0,
https://shopeefood.vn/ha-noi/foodie-do-an-han-viet-au-co,,,,,,https://shope.ee/4VdAExXQ03,
https://shopeefood.vn/ha-noi/bep-me-bun-mi-thai-chua-cay-au-co,,,,,,https://shope.ee/4fwaRGWmf6,
https://shopeefood.vn/ha-noi/foodie-do-an-han-viet-giai-phong,,,,,,https://shope.ee/4qG0dZW9K9,
https://shopeefood.vn/ha-noi/ga-ran-han-quoc-heemang-chicken-nguyen-phong-sac,,,,,,https://shope.ee/50ZQpsVVzC,
https://shopeefood.vn/ho-chi-minh/bebebop-quan-an-han-quoc-duong-so-2,,,,,,https://shope.ee/5Asr2BUseF,
https://shopeefood.vn/ha-noi/gao-chicken-tiem-ga-ran-han-quoc-nguyen-lan,,,,,,https://shope.ee/2gBW3aeOim,
https://shopeefood.vn/ha-noi/papa-s-kitchen-do-an-han-quoc-com-ga-ga-ran-sot-kem-doi-can,,,,,,https://shope.ee/2qUwFtdlNp,
https://shopeefood.vn/ha-noi/korea-chicken-ga-ran-han-quoc-dao-tan,,,,,,https://shope.ee/30oMSCd82s,
https://shopeefood.vn/ha-noi/tiem-ga-ran-te-te-han-quoc,,,,,,https://shope.ee/3B7meVcUhv,
https://shopeefood.vn/ha-noi/bong-dak-ga-ran-truyen-thong-han-quoc,,,,,,https://shope.ee/3LRCqobrMy,
https://shopeefood.vn/ha-noi/yummy-chicken-ga-ran-truyen-thong-han-quoc-do-an-vat-nguyen-quy-duc,,,,,,https://shope.ee/3Vkd37bE21,
https://shopeefood.vn/ha-noi/kimitokk-ga-ran-ga-sot-pho-mai-cay-do-an-vat,,,,,,https://shope.ee/3g43FQaah4,
https://shopeefood.vn/ha-noi/mukbang-ga-ran-do-an-vat-han-quoc-kim-giang,,,,,,https://shope.ee/3qNTRjZxM7,
https://shopeefood.vn/ha-noi/ga-gion-han-quoc-chan-ga-sot-nha-sukem,,,,,,https://shope.ee/6fheowPAbg,
https://shopeefood.vn/ha-noi/chickin-ga-ran-han-quoc-van-ho-2,,,,,,https://shope.ee/6q151FOXGj,
https://shopeefood.vn/ha-noi/chickin-ga-ran-han-quoc-van-phuc,,,,,,https://shope.ee/70KVDYNtvm,
https://shopeefood.vn/ha-noi/jang-chicken-tiem-ga-ran-han-quoc-online-hoang-cong-chat,,,,,,https://shope.ee/7AdvPrNGap,
https://shopeefood.vn/ha-noi/jang-chicken-tiem-ga-ran-han-quoc-online-nguyen-trai,,,,,,https://shope.ee/7KxLcAMdFs,
https://shopeefood.vn/ha-noi/ga-pho-mai-bburinkle-cheeseball-do-han-quoc-bach-mai,,,,,,https://shope.ee/7VGloTLzuv,
https://shopeefood.vn/ha-noi/jang-chicken-tiem-ga-ran-han-quoc-online-ngoc-ha,,,,,,https://shope.ee/7faC0mLMZy,
https://shopeefood.vn/ha-noi/jang-chicken-tiem-ga-ran-han-quoc-online,,,,,,https://shope.ee/7ptcD5KjF1,
https://shopeefood.vn/ha-noi/korean-chicken-ga-ran-truyen-thong-han-quoc-bach-mai.b374y3,,,,,,https://shope.ee/5LCHEUUFJY,
https://shopeefood.vn/ha-noi/tiem-ga-nha-tulu-ga-ran-han-quoc-shop-online-nguyen-thiep,,,,,,https://shope.ee/5VVhQnTbyb,
https://shopeefood.vn/ha-noi/jang-chicken-tiem-ga-ran-han-quoc-online-khuong-thuong,,,,,,https://shope.ee/5fp7d6Syde,
https://shopeefood.vn/ha-noi/tiem-ga-ran-tulu-shop-online,,,,,,https://shope.ee/5q8XpPSLIh,
https://shopeefood.vn/ha-noi/tiem-ga-nha-tulu-ga-ran-han-quoc-shop-online-luong-dinh-cua,,,,,,https://shope.ee/60Ry1iRhxk,
https://shopeefood.vn/ha-noi/korean-chicken-ga-ran-truyen-thong-han-quoc-quan-nhan,,,,,,https://shope.ee/6AlOE1R4cn,
https://shopeefood.vn/ha-noi/chimaek-chicken-ga-ran-do-an-han-quoc,,,,,,https://shope.ee/6L4oQKQRHq,
https://shopeefood.vn/ha-noi/han-chicken-ga-ran-han-quoc,,,,,,https://shope.ee/6VOEcdPnwt,
https://shopeefood.vn/ha-noi/tiem-ga-nha-tulu-ga-ran-han-quoc-shop-online-cau-dien,,,,,,https://shope.ee/9KiPzqF1CS,
https://shopeefood.vn/ha-noi/tiem-ga-nha-tulu-ga-ran-han-quoc-shop-online-xuan-dinh,,,,,,https://shope.ee/9V1qC9ENrV,
https://shopeefood.vn/ha-noi/bokki-chicken-iec-tiem-ga-ran-han-quoc,,,,,,https://shope.ee/9fLGOSDkWY,
https://shopeefood.vn/ha-noi/jang-chicken-tiem-ga-ran-han-quoc-online-tran-duy-hung,,,,,,https://shope.ee/9pegalD7Bb,
https://shopeefood.vn/ha-noi/quan-an-ga-ran-han-quoc-kimduram-thuy-khue,,,,,,https://shope.ee/9zy6n4CTqe,
https://shopeefood.vn/ha-noi/bb-q-chicken-ga-ran-han-quoc-ocean-park-1,,,,,,https://shope.ee/AAHWzNBqVh,
https://shopeefood.vn/ha-noi/gumbok-ga-ran-han-quoc-nguyen-ba-khoan,,,,,,https://shope.ee/AKaxBgBDAk,
https://shopeefood.vn/ha-noi/ga-ran-chi-b-han-quoc-tu-liem,,,,,,https://shope.ee/AUuNNzAZpn,
https://shopeefood.vn/ha-noi/quan-an-ga-ran-han-quoc-kimduram-nguyen-van-cu,,,,,,https://shope.ee/80D2POK5uK,
https://shopeefood.vn/ha-noi/tiem-ga-nha-tulu-ga-ran-han-quoc-shop-online-vinh-phuc,,,,,,https://shope.ee/8AWSbhJSZN,
https://shopeefood.vn/ha-noi/ga-ran-han-quoc-cua-bac,,,,,,https://shope.ee/8Kpso0IpEQ,
https://shopeefood.vn/ha-noi/hoen-hoen-do-an-han-quoc-ga-ran-han-quoc-gion-rum-nguyen-trai,,,,,,https://shope.ee/8V9J0JIBtT,
https://shopeefood.vn/ha-noi/bobo-chicken-ga-ran-truyen-thong-han-quoc-dong-thien.dkomer,,,,,,https://shope.ee/8fSjCcHYYW,
https://shopeefood.vn/ha-noi/yummy-chicken-ga-ran-truyen-thong-han-quoc-do-an-vat-dai-mo,,,,,,https://shope.ee/8pm9OvGvDZ,
https://shopeefood.vn/ha-noi/bokki-chicken-ao-sen-tiem-ga-ran-han-quoc,,,,,,https://shope.ee/905ZbEGHsc,
https://shopeefood.vn/ha-noi/gumbok-ga-ran-han-quoc-pham-ngoc-thach,,,,,,https://shope.ee/9AOznXFeXf,
https://shopeefood.vn/ha-noi/seoul-ga-ran-han-quoc-linh-dam,,,,,,https://shope.ee/1qcP43hZQG,
https://shopeefood.vn/ha-noi/quan-an-ga-ran-han-quoc-kimduram-ngo-quynh,,,,,,https://shope.ee/1gIyrkiClF,
https://shopeefood.vn/ha-noi/chill-desk-hamburger-tacos-khoai-ga-pho-mai-43-luu-quang-vu,,,,,,https://shope.ee/1VzYfRiq6E,
https://shopeefood.vn/ha-noi/bb-q-chicken-ga-ran-han-quoc-greenstar,,,,,,https://shope.ee/1Lg8T8jTRD,
https://shopeefood.vn/ha-noi/chick-mom-ga-ran-com-ga-tra-sua-han-quoc,,,,,,https://shope.ee/2Vs5rHf24S,
https://shopeefood.vn/ha-noi/gumbok-ga-ran-han-quoc-thuy-khue,,,,,,https://shope.ee/2LYfeyffPR,
https://shopeefood.vn/ha-noi/korean-chicken-ga-ran-truyen-thong-han-quoc-nguyen-khanh-toan,,,,,,https://shope.ee/2BFFSfgIkQ,
https://shopeefood.vn/ha-noi/koko-chicken-ga-ran-han-quoc-com-tron-me-tri,,,,,,https://shope.ee/20vpGMgw5P,
https://shopeefood.vn/ha-noi/king-s-chicken-ga-ran-tokbokki-do-an-han-quoc,,,,,,https://shope.ee/W71Tbme88,
https://shopeefood.vn/ha-noi/quan-an-ga-ran-han-quoc-kimduram-tran-phu,,,,,,https://shope.ee/LnbHInHT7,
https://shopeefood.vn/ha-noi/koko-chicken-ga-ran-han-quoc-com-tron-van-quan,,,,,,https://shope.ee/BUB4znuo6,
https://shopeefood.vn/ha-noi/nana-chicken-ga-ran-han-quoc-com-ga,,,,,,https://shope.ee/1AksgoY95,
https://shopeefood.vn/ha-noi/com-ga-chien-mam-com-ga-xot-han-quoc-thuy-khue,,,,,,https://shope.ee/1BMiGpk6mK,
https://shopeefood.vn/ha-noi/tolibu-chicken-ga-ran-han-quoc-78-bui-quoc-khai,,,,,,https://shope.ee/113I4Wkk7J,
https://shopeefood.vn/ha-noi/ga-ran-han-quoc-tran-phu,,,,,,https://shope.ee/qjrsDlNSI,
https://shopeefood.vn/ha-noi/chicken88-ga-ran-do-an-han-quoc-nguyen-khang,,,,,,https://shope.ee/gQRfum0nH,
https://shopeefood.vn/ha-noi/bbq-chicken-ga-ran-han-quoc-the-manor-my-dinh,,,,,,https://shope.ee/4VdAExXQ12,
https://shopeefood.vn/ha-noi/ga-ran-han-quoc-com-ga-gion-sot-mam-toi-tfc-chicken-rice,,,,,,https://shope.ee/4LJk2eY3M1,
https://shopeefood.vn/da-nang/yoon-mama-ga-ran-han-quoc,,,,,,https://shope.ee/4B0JqLYgh0,
https://shopeefood.vn/da-nang/ga-ran-han-quoc-heemang-chicken,,,,,,https://shope.ee/40gte2ZK1z,
https://shopeefood.vn/da-nang/ga-ran-han-quoc-hm-chicken,,,,,,https://shope.ee/5Asr2BUsfE,
https://shopeefood.vn/da-nang/choongman-chicken-ga-ran-han-quoc-ho-nghinh,,,,,,https://shope.ee/50ZQpsVW0D,
https://shopeefood.vn/da-nang/ga-ran-han-quoc-anchicken-ha-huy-tap,,,,,,https://shope.ee/4qG0dZW9LC,
https://shopeefood.vn/da-nang/gamori-ga-ran-han-quoc-an-vat-mai-dang-chon,,,,,,https://shope.ee/4fwaRGWmgB,
https://shopeefood.vn/da-nang/cm-chicken-ga-ran-han-quoc-ho-nghinh,,,,,,https://shope.ee/60Ry1iSG2H,
https://shopeefood.vn/da-nang/ga-nuong-han-quoc-ngon-khac-biet,,,,,,https://shope.ee/6VOEcdQM1O,
https://shopeefood.vn/da-nang/chicky-licky-ga-ran-han-quoc-34-phan-dang-luu,,,,,,https://shope.ee/6L4oQKQzMN,
https://shopeefood.vn/da-nang/chicky-licky-ga-ran-han-quoc-114-khuc-hao,,,,,,https://shope.ee/9V1qC9Evw0,
https://shopeefood.vn/da-nang/chicky-licky-ga-ran-han-quoc-78e-nguyen-chi-thanh,,,,,,https://shope.ee/9KiPzqFZGz,
https://shopeefood.vn/da-nang/chicky-licky-ga-ran-han-quoc-300-dong-da,,,,,,https://shope.ee/9pegalDfG6,
https://shopeefood.vn/da-nang/chicky-licky-ga-ran-han-quoc-116-huynh-thuc-khang,,,,,,https://shope.ee/9fLGOSEIb5,
https://shopeefood.vn/da-nang/chicky-licky-ga-ran-han-quoc-167-ha-huy-tap,,,,,,https://shope.ee/AAHWzNCOaC,
https://shopeefood.vn/da-nang/thao-nhien-banh-ga-pho-mai-pho-mai-da-xay,,,,,,https://shope.ee/9zy6n4D1vB,
https://shopeefood.vn/ho-chi-minh/chicken-one-ga-ran-hotdog-pho-mai-han-quoc,,,,,,https://shope.ee/AUuNNzB7uI,
https://shopeefood.vn/ho-chi-minh/ga-ran-han-quoc-nha-di,,,,,,https://shope.ee/AKaxBgBlFH,
https://shopeefood.vn/ho-chi-minh/ok-chicken-ga-ran-han-quoc-phu-my-hung,,,,,,https://shope.ee/8AWSbhK0ds,
https://shopeefood.vn/ho-chi-minh/ok-chicken-ga-ran-han-quoc-nguyen-huu-canh,,,,,,https://shope.ee/80D2POKdyr,
https://shopeefood.vn/ho-chi-minh/mi-tron-nha-lam-ga-lac-pho-mai-duong-so-5,,,,,,https://shope.ee/8V9J0JIjxy,
https://shopeefood.vn/ho-chi-minh/ba-ngoai-com-ga-mi-ga-han-quoc-mai-van-ngoc,,,,,,https://shope.ee/8Kpso0JNIx,
https://shopeefood.vn/ho-chi-minh/chick-and-cheese-ga-pho-mai-han-quoc-tan-ky-tan-quy,,,,,,https://shope.ee/8pm9OvHTI4,
https://shopeefood.vn/ho-chi-minh/chick-and-cheese-ga-cay-pho-mai-ga-ran-han-quoc-tokbokki,,,,,,https://shope.ee/8fSjCcI6d3,
https://shopeefood.vn/ho-chi-minh/chick-and-cheese-ga-cay-pho-mai-ga-ran-han-quoc-tokbokki-au-co,,,,,,https://shope.ee/9AOznXGCcA,
https://shopeefood.vn/ho-chi-minh/dk-chicken-ga-ran-han-quoc-nguyen-gia-tri,,,,,,https://shope.ee/905ZbEGpx9,
https://shopeefood.vn/ho-chi-minh/chick-and-cheese-ga-cay-pho-mai-ga-ran-han-quoc-tokbokki-cao-lo,,,,,,https://shope.ee/1VzYfRjOAi,
https://shopeefood.vn/ho-chi-minh/com-ga-ga-cay-pho-mai-chick-boom-pham-hung,,,,,,https://shope.ee/1Lg8T8k1Vh,
https://shopeefood.vn/ho-chi-minh/tien-cung-food-ga-ran-sot-han-quoc-duong-20,,,,,,https://shope.ee/1qcP43i7Uo,
https://shopeefood.vn/ho-chi-minh/ga-ran-sot-han-quoc-tokboki-gimbap-duong-so-6.bae1vc,,,,,,https://shope.ee/1gIyrkikpn,
https://shopeefood.vn/ho-chi-minh/dk-chicken-ga-ran-han-quoc-nguyen-tuyen,,,,,,https://shope.ee/2BFFSfgqou,
https://shopeefood.vn/ho-chi-minh/ga-ran-han-quoc-vo-oanh,,,,,,https://shope.ee/20vpGMhU9t,
https://shopeefood.vn/ho-chi-minh/ga-ran-han-quoc-tran-hung-dao,,,,,,https://shope.ee/2Vs5rHfa90,
https://shopeefood.vn/ho-chi-minh/com-ga-xoi-mo-duong-26-3,,,,,,https://shope.ee/2LYfeygDTz,
https://shopeefood.vn/ho-chi-minh/ga-ran-han-quoc-ba-bao-nguyen-thi-thap,,,,,,https://shope.ee/BUB4zoSsa,
https://shopeefood.vn/ho-chi-minh/tien-vua-food-ga-ran-sot-han-quoc-duong-so-11,,,,,,https://shope.ee/1Aksgp6DZ,
https://shopeefood.vn/ho-chi-minh/tien-cung-food-ga-ran-sot-han-quoc-huynh-tan-phat,,,,,,https://shope.ee/W71TbnCCg,
https://shopeefood.vn/ho-chi-minh/ga-ran-han-quoc-mr-kim-duong-so-12,,,,,,https://shope.ee/LnbHInpXf,
https://shopeefood.vn/ho-chi-minh/ga-ran-sot-han-quoc-gangnam-chicken,,,,,,https://shope.ee/qjrsDlvWm,
https://shopeefood.vn/ho-chi-minh/tien-vua-food-ga-ran-sot-han-quoc-11-20-dinh-phong-phu,,,,,,https://shope.ee/gQRfumYrl,
https://shopeefood.vn/ho-chi-minh/bb-q-chicken-ga-ran-han-quoc-canh-vien,,,,,,https://shope.ee/1BMiGpkeqs,
https://shopeefood.vn/ho-chi-minh/tien-vua-food-ga-ran-sot-han-quoc-le-van-duyet,,,,,,https://shope.ee/113I4WlIBr,
https://shopeefood.vn/ho-chi-minh/bb-q-chicken-ga-ran-han-quoc-nguyen-thai-hoc,,,,,,https://shope.ee/4B0JqLZElU,
https://shopeefood.vn/ho-chi-minh/haeduri-ga-nuong-ga-ran-han-quoc-le-thanh-ton,,,,,,https://shope.ee/40gte2Zs6T,
https://shopeefood.vn/ho-chi-minh/ma-ga-ga-ran-han-quoc-kenh-tan-hoa,,,,,,https://shope.ee/4VdAExXy5a,
https://shopeefood.vn/ho-chi-minh/gumbok-ga-ran-han-quoc-nguyen-cong-tru,,,,,,https://shope.ee/4LJk2eYbQZ,
https://shopeefood.vn/ho-chi-minh/ga-ran-chic-holic-ga-ran-han-quoc,,,,,,https://shope.ee/4qG0dZWhPg,
https://shopeefood.vn/ho-chi-minh/ga-ham-sam-han-quoc-dodohan-quan-7,,,,,,https://shope.ee/4fwaRGXKkf,
https://shopeefood.vn/ho-chi-minh/chicken-tung-quan-ga-tra-sua-han-quoc-truong-sa,,,,,,https://shope.ee/5Asr2BVQjm,
https://shopeefood.vn/ho-chi-minh/ghien-do-han-ga-ran-han-quoc-67-thep-moi,,,,,,https://shope.ee/50ZQpsW44l,
https://shopeefood.vn/ho-chi-minh/chicc-chicc-ga-ran-han-quoc,,,,,,https://shope.ee/2qUwFteJTM,
https://shopeefood.vn/ho-chi-minh/tien-vua-food-ga-ran-sot-han-quoc-cao-lo,,,,,,https://shope.ee/2gBW3aewoL,
https://shopeefood.vn/ho-chi-minh/ga-cay-pho-mai-ap-5,,,,,,https://shope.ee/3B7meVd2nS,
https://shopeefood.vn/ho-chi-minh/3a-korean-food-ga-sot-pho-mai-mi-cay-han-quoc-tokbokki-nguyen-anh-thu,,,,,,https://shope.ee/30oMSCdg8R,
https://shopeefood.vn/ho-chi-minh/tien-cung-food-ga-ran-sot-han-quoc-tan-thoi-nhat-08,,,,,,https://shope.ee/3Vkd37bm7Y,
https://shopeefood.vn/ho-chi-minh/cat-tuong-cake-banh-dong-xu-pho-mai-han-quoc,,,,,,https://shope.ee/3LRCqocPSX,
https://shopeefood.vn/ho-chi-minh/yummy-fried-chicken-ga-ran-han-quoc-su-van-hanh,,,,,,https://shope.ee/3qNTRjaVRe,
https://shopeefood.vn/ho-chi-minh/banh-ga-mr-ngon-loc-xem-banh-ga-pho-mai-keo-soi-chung-cu-le-sat,,,,,,https://shope.ee/3g43FQb8md,
https://shopeefood.vn/ho-chi-minh/huy-hoang-mi-tron-sot-thai-ga-cay-sot-pho-mai,,,,,,https://shope.ee/6fheowPihE,
https://shopeefood.vn/ho-chi-minh/good-chicken-ga-ran-han-quoc-bui-minh-truc,,,,,,https://shope.ee/6q151FP5MH,
https://shopeefood.vn/ho-chi-minh/banh-kem-han-quoc-gia-bao-cakes-bong-lan-trung-muoi-sot-pho-mai-duong-t15.yw32nv,,,,,,https://shope.ee/70KVDYOS1K,
https://shopeefood.vn/ho-chi-minh/pnt-chicken-ga-ran-tokbokki-han-quoc-truong-phuoc-phan.qwpoxk,,,,,,https://shope.ee/7AdvPrNogN,
https://shopeefood.vn/ho-chi-minh/ga-ran-han-quoc-kori-ran-pham-thi-nghi,,,,,,https://shope.ee/7KxLcANBLQ,
https://shopeefood.vn/ho-chi-minh/mo-lem-chicken-ga-cay-pho-mai-279-trinh-dinh-trong,,,,,,https://shope.ee/7VGloTMY0T,
https://shopeefood.vn/ho-chi-minh/ga-ran-han-quoc-dao-su-tich,,,,,,https://shope.ee/7faC0mLufW,
https://shopeefood.vn/ho-chi-minh/three-brothers-banh-mi-tron-mi-tron-sot-han-cuon-trung-sandwich-pho-mai,,,,,,https://shope.ee/7ptcD5LHKZ,
https://shopeefood.vn/ho-chi-minh/gumbok-ga-ran-han-quoc-an-khanh,,,,,,https://shope.ee/5LCHEUUnP6,
https://shopeefood.vn/ho-chi-minh/mr-steak-bo-ga-ran-sot-han-quoc-duong-so-10,,,,,,https://shope.ee/5VVhQnUA49,
https://shopeefood.vn/ho-chi-minh/good-chicken-ga-ran-han-quoc-pham-hung,,,,,,https://shope.ee/5fp7d6TWjC,
https://shopeefood.vn/ho-chi-minh/bb-q-chicken-ga-ran-han-quoc-my-duc,,,,,,https://shope.ee/5q8XpPStOF,
https://shopeefood.vn/ho-chi-minh/good-chicken-ga-ran-han-quoc-hoang-dieu,,,,,,https://shope.ee/60Ry1iSG3I,
https://shopeefood.vn/ho-chi-minh/hanyang-ga-tre-ham-sam-han-quoc-quan-3,,,,,,https://shope.ee/6AlOE1RciL,
https://shopeefood.vn/ho-chi-minh/ga-ran-han-quoc-good-chicken-ba-hat,,,,,,https://shope.ee/6L4oQKQzNO,
https://shopeefood.vn/ho-chi-minh/boochan-ga-ran-han-quoc-3-han-thuyen,,,,,,https://shope.ee/6VOEcdQM2R,
https://shopeefood.vn/ho-chi-minh/pnt-chicken-ga-ran-tokbokki-han-quoc-hong-lac.wstlnt,,,,,,https://shope.ee/9KiPzqFZI0,
https://shopeefood.vn/ho-chi-minh/yummy-fried-chicken-ga-ran-han-quoc-nguyen-thi-tan,,,,,,https://shope.ee/9V1qC9Evx3,
https://shopeefood.vn/ho-chi-minh/ga-ran-otoke-dam-vi-han-quoc-hoa-cuc,,,,,,https://shope.ee/9fLGOSEIc6,
https://shopeefood.vn/ho-chi-minh/huynh-hoa-com-ga-xoi-mo-ga-cay-sot-pho-mai,,,,,,https://shope.ee/9pegalDfH9,
https://shopeefood.vn/ho-chi-minh/chipchip-fried-ga-ran-sot-han-quoc-ta-quang-buu,,,,,,https://shope.ee/9zy6n4D1wC,
https://shopeefood.vn/ho-chi-minh/gia-phuc-ga-ran-han-quoc,,,,,,https://shope.ee/AAHWzNCObF,
https://shopeefood.vn/da-nang/com-chien-tho-chao-ech-singapore-a-long,,,,,,https://shope.ee/AKaxBgBlGI,
https://shopeefood.vn/da-nang/com-tam-com-chien-anh-ba-mai-dang-chon,,,,,,https://shope.ee/AUuNNzB7vL,
https://shopeefood.vn/da-nang/com-chien-gia-hung-25-dong-ke,,,,,,https://shope.ee/80D2POKdzs,
https://shopeefood.vn/da-nang/com-chien-bep-van-tran-van-du,,,,,,https://shope.ee/8AWSbhK0ev,
https://shopeefood.vn/da-nang/com-ga-suon-hong-phat-com-chien-tho,,,,,,https://shope.ee/8Kpso0JNJy,
https://shopeefood.vn/da-nang/pho-hong-huy-pho-mien-com-chien,,,,,,https://shope.ee/8V9J0JIjz1,
https://shopeefood.vn/da-nang/com-chien-gion-so-7,,,,,,https://shope.ee/8fSjCcI6e4,
https://shopeefood.vn/da-nang/com-chien-anh-van-com-ga,,,,,,https://shope.ee/8pm9OvHTJ7,
https://shopeefood.vn/da-nang/com-chien-long-phung-to-hien-thanh,,,,,,https://shope.ee/905ZbEGpyA,
https://shopeefood.vn/da-nang/com-chien-gion-long-bon-hoang-hoa-tham,,,,,,https://shope.ee/9AOznXGCdD,
https://shopeefood.vn/da-nang/com-chien-long-phung-ha-van-tinh,,,,,,https://shope.ee/1Lg8T8k1Wi,
https://shopeefood.vn/da-nang/com-chien-long-phung-dong-ke,,,,,,https://shope.ee/1VzYfRjOBl,
https://shopeefood.vn/da-nang/com-chien-long-phung,,,,,,https://shope.ee/1gIyrkikqo,
https://shopeefood.vn/da-nang/com-chien-long-phung-doan-uan,,,,,,https://shope.ee/1qcP43i7Vr,
https://shopeefood.vn/da-nang/anh-map-xoi-chien-com-chay-cha-bong-tran-cao-van,,,,,,https://shope.ee/20vpGMhUAu,
https://shopeefood.vn/da-nang/com-ga-bat-vi-com-tho-com-chien-gion,,,,,,https://shope.ee/2BFFSfgqpx,
https://shopeefood.vn/da-nang/com-ga-bat-vi-com-tho-com-chien-gion-nguyen-tri-phuong,,,,,,https://shope.ee/2LYfeygDV0,
https://shopeefood.vn/ho-chi-minh/com-chien-mi-xao-sinh-vien,,,,,,https://shope.ee/2Vs5rHfaA3,
https://shopeefood.vn/ho-chi-minh/ken-beo-com-chien-ga-mam-toi,,,,,,https://shope.ee/1Aksgp6Ea,
https://shopeefood.vn/ho-chi-minh/mi-xao-ca-vien-chien-nuoc-mam-com-chien-top-mo-thich-quang-duc,,,,,,https://shope.ee/BUB4zoStd,
https://shopeefood.vn/ho-chi-minh/quan-co-3-chi-mi-xao-bot-chien-com-ga-chien-sot-cay,,,,,,https://shope.ee/LnbHInpYg,
https://shopeefood.vn/ho-chi-minh/com-chien-an-vat-nit-map,,,,,,https://shope.ee/W71TbnCDj,
https://shopeefood.vn/ho-chi-minh/kinkin-com-chien-mi-xao-shop-online-nguyen-van-thuong,,,,,,https://shope.ee/gQRfumYsm,
https://shopeefood.vn/ho-chi-minh/hai-son-ky-mi-xao-com-chien-nguyen-dinh-chinh,,,,,,https://shope.ee/qjrsDlvXp,
https://shopeefood.vn/ho-chi-minh/quan-com-tam-kimchi-1-4a-phan-van-tri.lvc2ox,,,,,,https://shope.ee/113I4WlICs,
https://shopeefood.vn/ho-chi-minh/com-chien-binh-nga,,,,,,https://shope.ee/1BMiGpkerv,
https://shopeefood.vn/ho-chi-minh/mamma-mia-com-chien-nguyen-huu-dat.gi91a6,,,,,,https://shope.ee/40gte2Zs7U,
https://shopeefood.vn/ho-chi-minh/bi-com-chien-mi-xao,,,,,,https://shope.ee/3Vkd37aGKz,
https://shopeefood.vn/ho-chi-minh/dam-mi-y-com-chien-shop-online,,,,,,https://shope.ee/3g43FQZd02,
https://shopeefood.vn/ho-chi-minh/ha-ky-com-chien-mi-xao-nui-xao,,,,,,https://shope.ee/3qNTRjYzf5,
https://shopeefood.vn/ho-chi-minh/com-chien-full-topping-q7-com-chien-mi-tron-huynh-tan-phat.d11kcv,,,,,,https://shope.ee/40gte2YMK8,
https://shopeefood.vn/ho-chi-minh/com-chay-kho-quet-com-chien-mi-xao-duong-ba-cung,,,,,,https://shope.ee/4B0JqLXizB,
https://shopeefood.vn/ho-chi-minh/com-chien-trum-men-duong-so-17,,,,,,https://shope.ee/4LJk2eX5eE,
https://shopeefood.vn/ho-chi-minh/dang-ky-com-chien-ga-xoi-mo,,,,,,https://shope.ee/4VdAExWSJH,
https://shopeefood.vn/ho-chi-minh/com-chien-mi-tron-thi-nghe,,,,,,https://shope.ee/4fwaRGVoyK,
https://shopeefood.vn/ho-chi-minh/ut-vang-com-chien-an-vat-tra-sua,,,,,,https://shope.ee/4qG0dZVBdN,
https://shopeefood.vn/ho-chi-minh/com-chien-da-ga-co-thanh-ton-dan,,,,,,https://shope.ee/50ZQpsUYIQ,
https://shopeefood.vn/ho-chi-minh/com-chien-duong-chau-a-tin,,,,,,https://shope.ee/5Asr2BTuxT,
https://shopeefood.vn/ho-chi-minh/com-chien-ngon-a-lui,,,,,,https://shope.ee/1AksgnaRU,
https://shopeefood.vn/ho-chi-minh/tam-ky-ii-mi-tron-com-chien-luong-dinh-cua,,,,,,https://shope.ee/BUB4zmx6X,
https://shopeefood.vn/ho-chi-minh/com-chien_bun-thai_nguyen-duy-trinh,,,,,,https://shope.ee/LnbHImJla,
https://shopeefood.vn/ho-chi-minh/an-vat-xi-mui-com-chien-mi-xao-bot-chien,,,,,,https://shope.ee/W71TblgQd,
https://shopeefood.vn/ho-chi-minh/com-chien-duong-chau-01-tan-thuan-tay,,,,,,https://shope.ee/gQRful35g,
https://shopeefood.vn/ho-chi-minh/com-chien-mi-xao-nui-xao-nha-bap,,,,,,https://shope.ee/qjrsDkPkj,
https://shopeefood.vn/ho-chi-minh/com-chien-mien-xao-mi-tron-an-an,,,,,,https://shope.ee/113I4WjmPm,
https://shopeefood.vn/ho-chi-minh/ca-vien-chien-com-chien-mi-tron-sai-gon,,,,,,https://shope.ee/1BMiGpj94p,
https://shopeefood.vn/ho-chi-minh/mi-xao-com-chien-cay-diep,,,,,,https://shope.ee/1Lg8T8iVjs,
https://shopeefood.vn/ho-chi-minh/ta-la-an-vat-mi-xao-com-chien-sinh-to-nguyen-van-luong,,,,,,https://shope.ee/1VzYfRhsOv,
https://shopeefood.vn/ho-chi-minh/tien-ky-com-ga-xoi-mo-com-suon-chua-ngot-com-chien-ca-man,,,,,,https://shope.ee/1gIyrkhF3y,
https://shopeefood.vn/ho-chi-minh/hu-tieu-xao-com-chien-com-chay-duy-ky,,,,,,https://shope.ee/1qcP43gbj1,
https://shopeefood.vn/ho-chi-minh/com-chien-phu-trung-dac-biet-co-9,,,,,,https://shope.ee/20vpGMfyO4,
https://shopeefood.vn/ho-chi-minh/com-chien-tiem-gao,,,,,,https://shope.ee/2BFFSffL37,
https://shopeefood.vn/ho-chi-minh/hem-an-vat-mi-tron-ca-vien-chien-com-chien-hiep-thanh-17.cq8wxu,,,,,,https://shope.ee/2LYfeyehiA,
https://shopeefood.vn/ho-chi-minh/com-chien-banh-mi-xoi-man-368,,,,,,https://shope.ee/2Vs5rHe4ND,
https://shopeefood.vn/ho-chi-minh/cubeo-food-mi-xao-com-chien-da-ga-xoi-chien,,,,,,https://shope.ee/80D2POJ8DI,
https://shopeefood.vn/ho-chi-minh/com-chien-be-bu-com-chien-29-duong-so-17.7aduzd,,,,,,https://shope.ee/8AWSbhIUsL,
https://shopeefood.vn/ho-chi-minh/bep-nha-nguyen-com-chien-chao-hao,,,,,,https://shope.ee/8Kpso0HrXO,
https://shopeefood.vn/ho-chi-minh/com-chien-gia-phuc-hiep-thanh,,,,,,https://shope.ee/8V9J0JHECR,
https://shopeefood.vn/ho-chi-minh/tiem-com-gia-vinh-com-chien-hung-hoa,,,,,,https://shope.ee/8fSjCcGarU,
https://shopeefood.vn/ho-chi-minh/com-chien-gia-phuc-com-le-duc-tho,,,,,,https://shope.ee/8pm9OvFxWX,
https://shopeefood.vn/ho-chi-minh/hung-map-com-bo-com-ga-chien-mam,,,,,,https://shope.ee/905ZbEFKBa,
https://shopeefood.vn/ho-chi-minh/mi-xao-tan-ky-com-chien-nguyen-lam,,,,,,https://shope.ee/9AOznXEgqd,
https://shopeefood.vn/ho-chi-minh/mi-xao-com-chien-le-duc-tho,,,,,,https://shope.ee/9KiPzqE3Vg,
https://shopeefood.vn/ho-chi-minh/com-chien-nhat-ky-nguyen-kiem,,,,,,https://shope.ee/9V1qC9DQAj,
https://shopeefood.vn/ho-chi-minh/com-chien-da-ga-xoi-ga,,,,,,https://shope.ee/9fLGOSCmpm,
https://shopeefood.vn/ho-chi-minh/com-chien-ga-xoi-mo-156-bui-dien,,,,,,https://shope.ee/9pegalC9Up,
https://shopeefood.vn/ho-chi-minh/anh-tam-com-chien-ca-man-nguyen-van-thuong.phmycw,,,,,,https://shope.ee/9zy6n4BW9s,
https://shopeefood.vn/ho-chi-minh/xoi-man-com-chien-banh-my-thien-thanh,,,,,,https://shope.ee/AAHWzNAsov,
https://shopeefood.vn/ho-chi-minh/huong-ky-3-com-chien-18-mon-348-truong-chinh,,,,,,https://shope.ee/AKaxBgAFTy,
https://shopeefood.vn/ho-chi-minh/com-chien-mi-xao-78-nguyen-phuc-chu.np19ts,,,,,,https://shope.ee/AUuNNz9c91,
https://shopeefood.vn/ho-chi-minh/tiem-com-chu-bin-com-chien-com-phu-trung-com-ngon,,,,,,https://shope.ee/5LCHEUTHd2,
https://shopeefood.vn/ho-chi-minh/com-ga-chien-gion-sot-mat-ong-duong-so-19,,,,,,https://shope.ee/5VVhQnSeI5,
https://shopeefood.vn/ho-chi-minh/com-tam-suon-chien-ngo-gia-tu,,,,,,https://shope.ee/5fp7d6S0x8,
https://shopeefood.vn/ho-chi-minh/ut-nga-com-chien-xoi-man,,,,,,https://shope.ee/5q8XpPRNcB,
https://shopeefood.vn/ho-chi-minh/com-ga-xoi-mo-com-chien-mi-xao-tuong-vy,,,,,,https://shope.ee/60Ry1iQkHE,
https://shopeefood.vn/ho-chi-minh/phuong-com-chien-ga-xoi-mo,,,,,,https://shope.ee/6AlOE1Q6wH,
https://shopeefood.vn/ho-chi-minh/huong-ky-10-com-chien-18-mon-247-thong-nhat,,,,,,https://shope.ee/6L4oQKPTbK,
https://shopeefood.vn/ho-chi-minh/khang-ky-com-chien-mi-xao-dong-thanh,,,,,,https://shope.ee/6VOEcdOqGN,
https://shopeefood.vn/ho-chi-minh/quan-com-180,,,,,,https://shope.ee/6fheowOCvQ,
https://shopeefood.vn/ho-chi-minh/com-chien-xa-xiu-van-ngan,,,,,,https://shope.ee/6q151FNZaT,
https://shopeefood.vn/ho-chi-minh/cherry-878-bot-chien-com-chien-goi-cuon-cmt8,,,,,,https://shope.ee/70KVDYMwFW,
https://shopeefood.vn/ho-chi-minh/quan-150-com-tam-com-chien-mi-xao-duong-57-ap,,,,,,https://shope.ee/7AdvPrMIuZ,
https://shopeefood.vn/ho-chi-minh/com-chien-du-ky-3,,,,,,https://shope.ee/7KxLcALfZc,
https://shopeefood.vn/ho-chi-minh/bot-chien-anh-com-chien-tan-hoa-dong,,,,,,https://shope.ee/7VGloTL2Ef,
https://shopeefood.vn/ho-chi-minh/com-chien-minh-ky.,,,,,,https://shope.ee/7faC0mKOti,
https://shopeefood.vn/ho-chi-minh/com-tam-com-chien-com-phu-trung-xuan-phu,,,,,,https://shope.ee/7ptcD5JlYl,
https://shopeefood.vn/ho-chi-minh/huong-ky-3-com-chien-18-mon-02-le-thanh-ton,,,,,,https://shope.ee/2qUwFtcnho,
https://shopeefood.vn/ho-chi-minh/the-gioi-com-chien-pham-ngu-lao,,,,,,https://shope.ee/2gBW3adR2n,
https://shopeefood.vn/ho-chi-minh/com-chien-ut-tuyen-bui-van-ngu,,,,,,https://shope.ee/3B7meVbX1u,
https://shopeefood.vn/ho-chi-minh/com-chien-anh-ky-com-chien-do-xao-102-tran-khac-chan,,,,,,https://shope.ee/30oMSCcAMt,
https://shopeefood.vn/ho-chi-minh/com-ga-rut-xuong-chien-xu-hamburger-1454,,,,,,https://shope.ee/3Vkd37aGM0,
https://shopeefood.vn/ha-noi/lau-ship-lau-thai-tomyum-ga-u-muoi-hoa-tieu-thai-ha,,,,,,https://shope.ee/3LRCqoatgz,
https://shopeefood.vn/ha-noi/lau-nha-mo-me-tri-do-duc-duc,,,,,,https://shope.ee/3qNTRjYzg6,
https://shopeefood.vn/ha-noi/lau-muoi-cs2-lau-thai-1-nguoi-tomyum-bun-hai-san-quan-nhan,,,,,,https://shope.ee/3g43FQZd15,
https://shopeefood.vn/ha-noi/lau-thai-31-my-thai-tomyum-lau-1-nguoi,,,,,,https://shope.ee/4B0JqLXj0C,
https://shopeefood.vn/ha-noi/ht-foods-trau-quy,,,,,,https://shope.ee/40gte2YMLB,
https://shopeefood.vn/ha-noi/tru-ky-hotpot-lau-thai-tomyum-lau-chao-chim,,,,,,https://shope.ee/4VdAExWSKI,
https://shopeefood.vn/ha-noi/nem-nuong-nuoc-ep-trai-cay-do-an-vat-tay-tuu-quan-12c-ngach-60-ngo-381-nguyen-khang,,,,,,https://shope.ee/4LJk2eX5fH,
https://shopeefood.vn/ha-noi/deli-buk-buffet-65a-van-cao-ba-dinh-ha-noi.w10tea,,,,,,https://shope.ee/4qG0dZVBeO,
https://shopeefood.vn/ha-noi/tian-long-lau-bo-tuoi-trieu-chau-co-so-1-tran-thai-tong,,,,,,https://shope.ee/4fwaRGVozN,
https://shopeefood.vn/ha-noi/sifud-lau-thai-hai-san,,,,,,https://shope.ee/5Asr2BTuyU,
https://shopeefood.vn/ha-noi/bep-kym-beo-kim-nguu,,,,,,https://shope.ee/50ZQpsUYJT,
https://shopeefood.vn/ha-noi/ba-anh-em-lau-nuong-ga-ran-ngo-67-phung-khoang,,,,,,https://shope.ee/BUB4zmx7Y,
https://shopeefood.vn/ha-noi/lau-hong-van-lau-thai-thap-cam-cac-mon-nhau-online,,,,,,https://shope.ee/1AksgnaSX,
https://shopeefood.vn/ha-noi/com-chay-hoa-sen-doi-can,,,,,,https://shope.ee/W71TblgRe,
https://shopeefood.vn/ha-noi/mins-kitchen-lau-mini-1-nguoi,,,,,,https://shope.ee/LnbHImJmd,
https://shopeefood.vn/ha-noi/lau-muoi-lau-1-nguoi-thai-tomyum-bun-hai-san-chan-ga-duong-quang-ham,,,,,,https://shope.ee/qjrsDkPlk,
https://shopeefood.vn/ha-noi/lau-1-nguoi-van-phuc,,,,,,https://shope.ee/gQRful36j,
https://shopeefood.vn/ha-noi/kinkin-hot-pot-lau-1-nguoi,,,,,,https://shope.ee/1BMiGpj95q,
https://shopeefood.vn/ha-noi/hiin-lau-lau-1-nguoi-39k-khuong-trung.a7kfgy,,,,,,https://shope.ee/113I4WjmQp,
https://shopeefood.vn/da-nang/mi-cay-lau-cay-12-tang-boi-boi-mi-cay-lau-cay-389-hai-phong.pd5om5,,,,,,https://shope.ee/1VzYfRhsPw,
https://shopeefood.vn/da-nang/lau-thai-1-nguoi-49k-556-le-van-hien,,,,,,https://shope.ee/1Lg8T8iVkv,
https://shopeefood.vn/da-nang/oc-cay-da-thanh-556-le-van-hien,,,,,,https://shope.ee/1qcP43gbk2,
https://shopeefood.vn/da-nang/bep-chay-nguyet-cat-huynh-tan-phat,,,,,,https://shope.ee/1gIyrkhF51,
https://shopeefood.vn/da-nang/bep-nha-tam-cam-bun-dau-mam-tom,,,,,,https://shope.ee/2BFFSffL48,
https://shopeefood.vn/da-nang/quan-chay-nhan-hau-be-van-dan,,,,,,https://shope.ee/20vpGMfyP7,
https://shopeefood.vn/da-nang/bep-nha-tep-my-quang-oc-lau-1-nguoi-39k,,,,,,https://shope.ee/2Vs5rHe4OE,
https://shopeefood.vn/ho-chi-minh/quan-lau-79-hem-766a-lac-long-quan,,,,,,https://shope.ee/2LYfeyehjD,
https://shopeefood.vn/ho-chi-minh/miss-coffee-milk-tea-xoi-mi-tron,,,,,,https://shope.ee/8AWSbhIUtM,
https://shopeefood.vn/ho-chi-minh/kiki-hotpot-buffet-lau-su-van-hanh,,,,,,https://shope.ee/80D2POJ8EL,
https://shopeefood.vn/ho-chi-minh/dao-hoa-dinh-lau-1-nguoi-ten-lua.o1ggfs,,,,,,https://shope.ee/8V9J0JHEDS,
https://shopeefood.vn/ho-chi-minh/kiki-hotpot-lau-1-nguoi-van-hanh-mall,,,,,,https://shope.ee/8Kpso0HrYR,
https://shopeefood.vn/ho-chi-minh/yumei-an-vat-mi-tron-lau-quan-11,,,,,,https://shope.ee/8pm9OvFxXY,
https://shopeefood.vn/ho-chi-minh/phuoc-tam-lau-bo-lau-cu-lao-lau-cua-dong-12-le-tan-be.ldtp9d,,,,,,https://shope.ee/8fSjCcGasX,
https://shopeefood.vn/ho-chi-minh/bep-lamy-tra-sua-com-bun-lau-mot-nguoi,,,,,,https://shope.ee/9AOznXEgre,
https://shopeefood.vn/ho-chi-minh/lau-thai-chan-ga-sot-thai-didi-ga-u-muoi,,,,,,https://shope.ee/905ZbEFKCd,
https://shopeefood.vn/ho-chi-minh/lau-82-le-thuc-hoach,,,,,,https://shope.ee/9V1qC9DQBk,
https://shopeefood.vn/ho-chi-minh/chay-tam-dang-143-tay-hoa,,,,,,https://shope.ee/8AWSbhKLwy,
https://shopeefood.vn/ho-chi-minh/a-hy-mi-cay-mi-tron-lau-thai,,,,,,https://shope.ee/80D2POKzHx,
https://shopeefood.vn/ho-chi-minh/lau-1-nguoi-gut-chop-bun-thai-mi-tron-truong-sa,,,,,,https://shope.ee/8V9J0JJ5H4,
https://shopeefood.vn/ho-chi-minh/nhat-nuong-vua-lau-69k-nuong-va-lau-pham-van-dong.zvwlwr,,,,,,https://shope.ee/8Kpso0Jic3,
https://shopeefood.vn/ho-chi-minh/liu-shan-men-taiwan-hotpot-lau-mot-nguoi-dai-loan,,,,,,https://shope.ee/7VGloTMtIu,
https://shopeefood.vn/ho-chi-minh/hoang-kim-thuan-chay-huong-lo-2,,,,,,https://shope.ee/7KxLcANWdt,
https://shopeefood.vn/ho-chi-minh/lau-thai-ly-mi-tron-ca-vien-chien-sanh-an-thu-duc,,,,,,https://shope.ee/7ptcD5Lcd0,
https://shopeefood.vn/ho-chi-minh/yohan-bun-thai-oc-lau-1-nguoi-tran-binh-trong,,,,,,https://shope.ee/7faC0mMFxz,
https://shopeefood.vn/ho-chi-minh/quan-chay-tam-dang-96-khong-tu,,,,,,https://shope.ee/6q151FPQeq,
https://shopeefood.vn/ho-chi-minh/tiem-lau-9-co-sau-to-hien-thanh,,,,,,https://shope.ee/6fheowQ3zp,
https://shopeefood.vn/ho-chi-minh/bun-dau-ngan-thi-phan-van-hon,,,,,,https://shope.ee/7AdvPrO9yw,
https://shopeefood.vn/ho-chi-minh/yohan-bun-thai-oc-lau-1-nguoi-su-van-hanh,,,,,,https://shope.ee/70KVDYOnJv,
https://shopeefood.vn/ho-chi-minh/chao-lau-thai-1-nguoi-hoanh-thanh-thit,,,,,,https://shope.ee/6AlOE1Ry0m,
https://shopeefood.vn/ho-chi-minh/chay-sen-trang-ba-hom,,,,,,https://shope.ee/60Ry1iSbLl,
https://shopeefood.vn/ho-chi-minh/thai-ngon-ngon-am-thuc-thai-pham-van-dong,,,,,,https://shope.ee/6VOEcdQhKs,
https://shopeefood.vn/ho-chi-minh/quan-chay-the-rice-vegan,,,,,,https://shope.ee/6L4oQKRKfr,
https://shopeefood.vn/ho-chi-minh/liu-shan-men-taiwan-hotpot-lau-mot-nguoi-dai-loan-duong-so-7,,,,,,https://shope.ee/5VVhQnUVMi,
https://shopeefood.vn/ho-chi-minh/bep-chay-chu-muoi-tam-quan-chay-nguyen-van-khoi.wbyvyt,,,,,,https://shope.ee/5LCHEUV8hh,
https://shopeefood.vn/ho-chi-minh/an-vat-tra-sua-khoi-chieu-an-vat-tra-sua-quoc-lo-50.44wiep,,,,,,https://shope.ee/5q8XpPTEgo,
https://shopeefood.vn/ho-chi-minh/am-thuc-chay-tao-bien-com-bun-pho-duong-so-79,,,,,,https://shope.ee/5fp7d6Ts1n,
https://shopeefood.vn/ho-chi-minh/gia-truyen-lau-cua-dong-pha-lau-com-tam-huynh-thi-hai,,,,,,https://shope.ee/4qG0dZX2ie,
https://shopeefood.vn/ho-chi-minh/quan-chay-thien-y-101-ta-quang-buu,,,,,,https://shope.ee/4fwaRGXg3d,
https://shopeefood.vn/ho-chi-minh/yu-mei-lau-nuong,,,,,,https://shope.ee/5Asr2BVm2k,
https://shopeefood.vn/ho-chi-minh/crazy-crab-hai-san-sot-cajun,,,,,,https://shope.ee/50ZQpsWPNj,
https://shopeefood.vn/ho-chi-minh/thai-ngon-ngon-am-thuc-thai-sc-vivocity,,,,,,https://shope.ee/4B0JqLZa4a,
https://shopeefood.vn/ho-chi-minh/tjk-food-com-chien-mi-tron-lau-vien-xom-chieu,,,,,,https://shope.ee/40gte2aDPZ,
https://shopeefood.vn/ho-chi-minh/quan-bun-thai-lau-ca-duoi-70-1-nguyen-duy-trinh.myfkkp,,,,,,https://shope.ee/4VdAExYJOg,
https://shopeefood.vn/ho-chi-minh/be-food-lau-hai-san-thanh-thai,,,,,,https://shope.ee/4LJk2eYwjf,
https://shopeefood.vn/ho-chi-minh/am-thuc-chay-dinh-tam-banh-xeo-179-nguyen-suy,,,,,,https://shope.ee/3Vkd37c7QW,
https://shopeefood.vn/ho-chi-minh/yohan-bun-thai-oc-lau-1-nguoi-nguyen-tri-phuong,,,,,,https://shope.ee/3LRCqocklV,
https://shopeefood.vn/ho-chi-minh/misa-quan-lau-ga-la-e-lau-ca-oc-cac-loai,,,,,,https://shope.ee/3qNTRjaqkc,
https://shopeefood.vn/ho-chi-minh/quan-chay-sen-vang-vegan-a12-21a11-duong-so-4,,,,,,https://shope.ee/3g43FQbU5b,
https://shopeefood.vn/ho-chi-minh/mon-chay-vo-van-hat,,,,,,https://shope.ee/2qUwFteemS,
https://shopeefood.vn/ho-chi-minh/am-thuc-chay-dieu-thien,,,,,,https://shope.ee/2gBW3afI7R,
https://shopeefood.vn/ho-chi-minh/greek-yogurt-from-miwen-say-shop-online,,,,,,https://shope.ee/3B7meVdO6Y,
https://shopeefood.vn/ho-chi-minh/bep-chay-tam-hu-tieu-chay-chung-cu-duc-khai.5i4dhs,,,,,,https://shope.ee/30oMSCe1RX,
https://shopeefood.vn/ho-chi-minh/am-thuc-chay-thien-tam-an-duong-so-2,,,,,,https://shope.ee/2BFFSfhC8O,
https://shopeefood.vn/ho-chi-minh/lau-nha-tibi-bun-thai-lau-1-nguoi-bui-dinh-tuy,,,,,,https://shope.ee/20vpGMhpTN,
https://shopeefood.vn/ho-chi-minh/an-chay-quan-com-chay-lau-chay-nguyen-xien,,,,,,https://shope.ee/2Vs5rHfvSU,
https://shopeefood.vn/ho-chi-minh/lau-1-nguoi-mamiii-le-thi-ha,,,,,,https://shope.ee/2LYfeygYnT,
https://shopeefood.vn/ho-chi-minh/quan-f2-com-chien-mi-xao-lau-nuong,,,,,,https://shope.ee/1VzYfRjjUK,
https://shopeefood.vn/ho-chi-minh/quan-chay-thanh-lac,,,,,,https://shope.ee/1Lg8T8kMpJ,
https://shopeefood.vn/ho-chi-minh/lau-boy-mini-1-nguoi-lau-an-vat-84-pham-hung,,,,,,https://shope.ee/1qcP43iSoQ,
https://shopeefood.vn/ho-chi-minh/quan-chay-vinh-hung-lau-1-nguoi-com-tam-suon-bi-bun-bi,,,,,,https://shope.ee/1gIyrkj69P,
https://shopeefood.vn/ho-chi-minh/lau-boy-mini-1-nguoi-lau-an-vat-pham-the-hien,,,,,,https://shope.ee/qjrsDmGqG,
https://shopeefood.vn/ho-chi-minh/quan-chay-kieu-dam,,,,,,https://shope.ee/gQRfumuBF,
https://shopeefood.vn/ho-chi-minh/lau-1-nguoi-an-vat-co-ba,,,,,,https://shope.ee/1BMiGpl0AM,
https://shopeefood.vn/ho-chi-minh/com-chay-tu-tam-thu-duc-com-thap-cam-lau-chay-hu-tieu-xao-12-duong-d1,,,,,,https://shope.ee/113I4WldVL,
https://shopeefood.vn/ho-chi-minh/quan-chay-hanh-phuc-quan-chay-nguyen-huu-hao.r3mokj,,,,,,https://shope.ee/BUB4zooCC,
https://shopeefood.vn/ho-chi-minh/quan-an-thuan-chay-lau-chay-omori-tran-dinh-xu,,,,,,https://shope.ee/1AksgpRXB,
https://shopeefood.vn/ho-chi-minh/vcd-lau-mot-nguoi-xien-que,,,,,,https://shope.ee/W71TbnXWI,
https://shopeefood.vn/ho-chi-minh/chan-ga-nuong-lau-1-nguoi-lu-stai-huong-lo-2,,,,,,https://shope.ee/LnbHIoArH,
https://shopeefood.vn/ho-chi-minh/lau-1-nguoi-xu-xiao-ying-3c-duong-3-thang-2,,,,,,https://shope.ee/9zy6n4DNFA,
https://shopeefood.vn/ho-chi-minh/lau-ly-lau-1-nguoi-toby-lau,,,,,,https://shope.ee/AAHWzNCjuD,
https://shopeefood.vn/ho-chi-minh/u-ny-lau-1-nguoi-le-hong-phong,,,,,,https://shope.ee/AKaxBgC6ZG,
https://shopeefood.vn/ho-chi-minh/lau-ca-anh-u-lau-1-nguoi,,,,,,https://shope.ee/AUuNNzBTEJ,
https://shopeefood.vn/ho-chi-minh/thuy-lau-lau-mini-1-nguoi-39k-hau-giang,,,,,,https://shope.ee/9KiPzqFub6,
https://shopeefood.vn/ho-chi-minh/lau-1-nguoi-lau-cua-bien-hai-san-chien-luoc,,,,,,https://shope.ee/9V1qC9FHG9,
https://shopeefood.vn/ho-chi-minh/quan-2-ni-com-lau-1-nguoi,,,,,,https://shope.ee/9fLGOSEdvC,
https://shopeefood.vn/ho-chi-minh/com-van-phong-lau-1-nguoi-san-hoang-lam-truong-sa,,,,,,https://shope.ee/9pegalE0aF,
https://shopeefood.vn/ho-chi-minh/tr-le-tra-sua-lau-1-nguoi,,,,,,https://shope.ee/8fSjCcIRx2,
https://shopeefood.vn/ho-chi-minh/momo-sushi-lau-1-nguoi,,,,,,https://shope.ee/8pm9OvHoc5,
https://shopeefood.vn/ho-chi-minh/oh-hot-lau-1-nguoi-shop-online,,,,,,https://shope.ee/905ZbEHBH8,
https://shopeefood.vn/ho-chi-minh/lau-luckin-dai-loan-lau-mot-nguoi,,,,,,https://shope.ee/9AOznXGXwB,
https://shopeefood.vn/ho-chi-minh/quan-thang-ban-lau-thai-oc-mon-nuong-duong-so-19,,,,,,https://shope.ee/80D2POKzIy,
https://shopeefood.vn/ho-chi-minh/luc-bo-de-lau-chay-1-nguoi-tran-hung-dao.repucd,,,,,,https://shope.ee/8AWSbhKLy1,
https://shopeefood.vn/ho-chi-minh/lau-1-nguoi-ba-tam,,,,,,https://shope.ee/8Kpso0Jid4,
https://shopeefood.vn/ho-chi-minh/chiba-yakiniku-nuong-nhat-ban,,,,,,https://shope.ee/8V9J0JJ5I7,
https://shopeefood.vn/ha-noi/banh-mi-cay-hai-phong-nuoc-ep-do-an-vat-me-ca,,,,,,https://shope.ee/7KxLcANWeu,
https://shopeefood.vn/ha-noi/cam-food-ca-vien-chien-mi-tron-indomie-do-an-vat-giang-vo,,,,,,https://shope.ee/7VGloTMtJx,
https://shopeefood.vn/ha-noi/tiem-nha-ca-do-an-vat-116-an-lac.5e7mym,,,,,,https://shope.ee/7faC0mMFz0,
https://shopeefood.vn/ha-noi/bep-ca-map-u-sua-chua-tra-sua-do-an-van-cao,,,,,,https://shope.ee/7ptcD5Lce3,
https://shopeefood.vn/ha-noi/tap-hoa-me-shi-ca-banh-keo-nuoc-ngot-do-an-vat-me-tri,,,,,,https://shope.ee/6fheowQ40q,
https://shopeefood.vn/ha-noi/tiem-nha-bom-ca-phe-nuoc-ep-do-an-vat,,,,,,https://shope.ee/6q151FPQft,
https://shopeefood.vn/ha-noi/ca-kho-ha-nam-do-an-gia-dinh-cau-dien,,,,,,https://shope.ee/70KVDYOnKw,
https://shopeefood.vn/ha-noi/ca-kho-ha-nam-do-an-san,,,,,,https://shope.ee/7AdvPrO9zz,
https://shopeefood.vn/ha-noi/dac-san-ca-kho-me-tri-do-an-san-me-tri-ha.g7myxe,,,,,,https://shope.ee/60Ry1iSbMm,
https://shopeefood.vn/ha-noi/mibi-tra-hoa-qua-ca-phe-do-an-vat-dang-tien-dong,,,,,,https://shope.ee/6AlOE1Ry1p,
https://shopeefood.vn/ha-noi/chiikawa-tra-sua-ca-phe-do-an-vat,,,,,,https://shope.ee/6L4oQKRKgs,
https://shopeefood.vn/ha-noi/bep-me-nam-ca-heo-sinh-to-tra-sua-do-an,,,,,,https://shope.ee/6VOEcdQhLv,
https://shopeefood.vn/ha-noi/do-an-vat-ca-vien-chien-de-la-thanh,,,,,,https://shope.ee/5LCHEUV8ii,
https://shopeefood.vn/ha-noi/do-an-vat-ca-vien-chien-lo-duc,,,,,,https://shope.ee/5VVhQnUVNl,
https://shopeefood.vn/ha-noi/bun-cha-bun-ca-do-an-vat-khuong-dinh,,,,,,https://shope.ee/5fp7d6Ts2o,
https://shopeefood.vn/ha-noi/do-an-vat-ca-vien-chien-nguyen-trai,,,,,,https://shope.ee/5q8XpPTEhr,
https://shopeefood.vn/ha-noi/ca-kho-ha-nam-do-an-gia-dinh,,,,,,https://shope.ee/4fwaRGXg4e,
https://shopeefood.vn/ha-noi/huyen-food-mi-tron-indomie-do-an-vat-ca-vien-chien,,,,,,https://shope.ee/4qG0dZX2jh,
https://shopeefood.vn/ha-noi/nuoc-ep-khong-lo-sinh-to-ca-phe-do-an-vat-nguyen-huy-tuong,,,,,,https://shope.ee/50ZQpsWPOk,
https://shopeefood.vn/ha-noi/banh-da-ca-ro-dong-vang-do-an-vinhomes-smart-city,,,,,,https://shope.ee/5Asr2BVm3n,
https://shopeefood.vn/ha-noi/quan-me-ca-do-an-vat-mi-tron-indomie-nuoc-ep-trai-cay-giang-vo,,,,,,https://shope.ee/40gte2aDQa,
https://shopeefood.vn/ha-noi/bep-nha-ca-oc-mi-tron-do-an-vat,,,,,,https://shope.ee/4B0JqLZa5d,
https://shopeefood.vn/ha-noi/bun-ca-co-lien-do-an-vat-nguyen-luong-bang,,,,,,https://shope.ee/4LJk2eYwkg,
https://shopeefood.vn/ha-noi/an-minh-do-chay-ca-phe-lang-ha,,,,,,https://shope.ee/4VdAExYJPj,
https://shopeefood.vn/ha-noi/bami-46-mi-tron-do-an-vat-ca-vien-chien,,,,,,https://shope.ee/3LRCqockmW,
https://shopeefood.vn/ha-noi/bun-ca-long-rau-do-an-nhanh-28-nguyen-van-tuyet.mvv22d,,,,,,https://shope.ee/3Vkd37c7RZ,
https://shopeefood.vn/ha-noi/be-haus-be-ca-phe-do-an-tra-hoa-qua-luong-khanh-thien.2d0jha,,,,,,https://shope.ee/3g43FQbU6c,
https://shopeefood.vn/ha-noi/mr-ca-do-an-vat-dinh-cong.fvrvwy,,,,,,https://shope.ee/3qNTRjaqlf,
https://shopeefood.vn/ha-noi/an-coffee-th-ca-phe-may-khu-do-thi-moi-dai-kim.h4kuio,,,,,,https://shope.ee/2gBW3afI8S,
https://shopeefood.vn/ha-noi/tiem-banh-viernes-patisserie-banh-ngot-ca-phe-do-an-nhanh-tran-vu,,,,,,https://shope.ee/2qUwFteenV,
https://shopeefood.vn/ha-noi/tiem-ca-phao-banh-mi-xoi-do-an-vat,,,,,,https://shope.ee/30oMSCe1SY,
https://shopeefood.vn/ha-noi/2006-coffee-tea-ca-phe-muoi-do-an-vat-1055-ngai-cau,,,,,,https://shope.ee/3B7meVdO7b,
https://shopeefood.vn/ha-noi/coffee-truong-quay-ca-phe-nuoc-ep-va-do-an-vat,,,,,,https://shope.ee/1qcP43hQrq,
https://shopeefood.vn/ha-noi/bot-quan-tra-ca-phe-do-an-nhe-tran-phu.fu28nw,,,,,,https://shope.ee/1gIyrki4Cp,
https://shopeefood.vn/ha-noi/ca-kho-ba-yen-ga-u-muoi-do-an-nau-san,,,,,,https://shope.ee/2BFFSfgABw,
https://shopeefood.vn/ha-noi/cam-ca-cafe-do-uong-do-an-nhanh,,,,,,https://shope.ee/20vpGMgnWv,
https://shopeefood.vn/ha-noi/co-du-ca-quan-do-an-vat-dinh-thon,,,,,,https://shope.ee/2Vs5rHetW2,
https://shopeefood.vn/ha-noi/vien-chien-ne-do-an-vat-ca-vien-chien,,,,,,https://shope.ee/2LYfeyfWr1,
https://shopeefood.vn/ha-noi/cofil-kitchen-do-an-nhanh-ngo-trai-ca,,,,,,https://shope.ee/2qUwFtdcq8,
https://shopeefood.vn/ha-noi/bong-beo-ca-phe-muoi-do-an-vat-hoang-van-thai,,,,,,https://shope.ee/2gBW3aeGB7,
https://shopeefood.vn/ha-noi/tra-sua-mi-ca-sa-do-an-vat-banh-trang-tron-sai-gon,,,,,,https://shope.ee/3B7meVcMAE,
https://shopeefood.vn/ha-noi/nino-tra-ca-phe-do-an-vat,,,,,,https://shope.ee/30oMSCczVD,
https://shopeefood.vn/ha-noi/tiem-nha-ca-chua-bi-do-an-handmade,,,,,,https://shope.ee/3Vkd37b5UK,
https://shopeefood.vn/ha-noi/bep-nha-soc-the-gioi-mi-xao-do-an-vat-dimsum-169-ngo-trai-ca,,,,,,https://shope.ee/3LRCqobipJ,
https://shopeefood.vn/ha-noi/bep-luoi-banh-ca-taiyaki-xien-nhung-lau-do-an-vat,,,,,,https://shope.ee/3qNTRjZooQ,
https://shopeefood.vn/ha-noi/do-an-chin-ca-bong-chien-gion-nem-ran-la-lot-nghia-tan,,,,,,https://shope.ee/3g43FQaS9P,
https://shopeefood.vn/ha-noi/tiem-con-ca-do-an-nhanh-do-an-vat-nam-du.did3tp,,,,,,https://shope.ee/4B0JqLYY8W,
https://shopeefood.vn/ha-noi/ca-phe-gom-do-uong-do-an-vat-to-huu,,,,,,https://shope.ee/40gte2ZBTV,
https://shopeefood.vn/ha-noi/che-ri-chan-che-do-an-vat-165-nguyen-viet-xuan,,,,,,https://shope.ee/4VdAExXHSc,
https://shopeefood.vn/ha-noi/quan-la-ca-do-an-vat-tra-chanh-co-nhue,,,,,,https://shope.ee/4LJk2eXunb,
https://shopeefood.vn/ha-noi/don-ca-phe-ca-phe-do-an-717-hong-ha,,,,,,https://shope.ee/4qG0dZW0mi,
https://shopeefood.vn/ha-noi/chill-corner-ca-phe-tra-sua-do-an-vat,,,,,,https://shope.ee/4fwaRGWe7h,
https://shopeefood.vn/ha-noi/bala-boo-ca-phe-matcha-do-an-vat-van-canh.ilkxxw,,,,,,https://shope.ee/5Asr2BUk6o,
https://shopeefood.vn/ha-noi/luna-go-tra-sua-ca-phe-do-an-vat,,,,,,https://shope.ee/50ZQpsVNRn,
https://shopeefood.vn/ha-noi/xoai-ca-phe-tra-sua-che-do-an-nhanh,,,,,,https://shope.ee/5VVhQnTTQu,
https://shopeefood.vn/ha-noi/do-an-vat-ca-vien-chien-khuong-dinh,,,,,,https://shope.ee/5LCHEUU6lt,
https://shopeefood.vn/ha-noi/bun-pho-com-say-cau-ca-ho-ho-me-do-an-ho-ho-me-phuong-khuong-thuong.k4gboq,,,,,,https://shope.ee/5q8XpPSCl0,
https://shopeefood.vn/ha-noi/ga-u-muoi-hoa-tieu-do-an-vat-mi-cay-7-cap-do-la-ca-quan,,,,,,https://shope.ee/5fp7d6Sq5z,
https://shopeefood.vn/ha-noi/cat-tien-tiem-tra-ca-phe-do-an-vat-kdt-dang-xa,,,,,,https://shope.ee/6AlOE1Qw56,
https://shopeefood.vn/ha-noi/banh-trang-tron-do-an-vat-3-con-ca-banh-trang-tron-hang-trong,,,,,,https://shope.ee/60Ry1iRZQ5,
https://shopeefood.vn/ha-noi/do-an-vat-ca-map-hoa-bang,,,,,,https://shope.ee/6VOEcdPfPC,
https://shopeefood.vn/ha-noi/do-an-vat-han-quoc-banh-ca-64-lop-cha-ca-han-quoc-bunxik-restaurant-5-dinh-tien-hoang,,,,,,https://shope.ee/6L4oQKQIkB,
https://shopeefood.vn/ha-noi/hai-yen-ca-kho-do-an-chin-cong-cho-chau-long.geybga,,,,,,https://shope.ee/6q151FOOjI,
https://shopeefood.vn/ha-noi/boofresh-nuoc-ep-ca-phe-do-an-vat,,,,,,https://shope.ee/6fheowP24H,
https://shopeefood.vn/ha-noi/toka-banh-ca-taiyaki-do-an-vat-huong-vi-truyen-thong,,,,,,https://shope.ee/7AdvPrN83O,
https://shopeefood.vn/ha-noi/f-b-ca-bong-do-an-vat,,,,,,https://shope.ee/70KVDYNlON,
https://shopeefood.vn/ha-noi/bun-ca-qua-nuoc-ep-do-an-vat-192-hong-tien,,,,,,https://shope.ee/7VGloTLrNU,
https://shopeefood.vn/ha-noi/quyen-coffee-and-tea-tra-ca-phe-do-an-nhanh-nguyen-khoai,,,,,,https://shope.ee/7KxLcAMUiT,
https://shopeefood.vn/ha-noi/tiem-nha-na-do-an-healthy-ca-phe-tra-sua-ngo-69-pho-ai-mo.2nc27g,,,,,,https://shope.ee/7ptcD5Kaha,
https://shopeefood.vn/da-nang/tiem-nha-bo-ca-phe-muoi-do-an-vat-nguyen-luong-bang,,,,,,https://shope.ee/7faC0mLE2Z,
https://shopeefood.vn/da-nang/a-la-ca-tiem-do-an-vat-tra-sua-23-nguyen-minh-chau,,,,,,https://shope.ee/8AWSbhJK1g,
https://shopeefood.vn/da-nang/banh-ca-taiyaki-lyli-an-vat-do-an-nhanh,,,,,,https://shope.ee/80D2POJxMf,
https://shopeefood.vn/da-nang/ri-s-handmade-yogurt-sua-chua-do-an-ca-phe,,,,,,https://shope.ee/8V9J0JI3Lm,
https://shopeefood.vn/da-nang/ca-phe-tra-do-an-duoi-hien-nha-115a-tran-van-du,,,,,,https://shope.ee/8Kpso0Iggl,
https://shopeefood.vn/da-nang/goc-nham-nhi-ba-ri-an-vat-do-uong-dac-san,,,,,,https://shope.ee/8pm9OvGmfs,
https://shopeefood.vn/da-nang/banh-ca-taiyaki-lyli-an-vat-do-an-nhanh-150-van-tien-dung,,,,,,https://shope.ee/8fSjCcHQ0r,
https://shopeefood.vn/da-nang/quan-thuong-bun-cha-ca-banh-mi-do-an-sang-119-vo-nhu-hung.y2i3nf,,,,,,https://shope.ee/9AOznXFVzy,
https://shopeefood.vn/da-nang/thang-ca-phe-tra-do-an-vat-my-thi.vfnszb,,,,,,https://shope.ee/905ZbEG9Kx,
https://shopeefood.vn/da-nang/tiem-an-ba-hy-com-ga-xoi-mo-com-ca-ri-ga-tran-quoc-toan,,,,,,https://shope.ee/9V1qC9EFK4,
https://shopeefood.vn/da-nang/nha-tro-coffread-ca-phe-do-an-vat-64-my-an-23.2mikrc,,,,,,https://shope.ee/9KiPzqEsf3,
https://shopeefood.vn/da-nang/com-ga-xoi-mo-andy-com-do-hat-dau-ga-la-ca-ri-62-phan-dang-luu,,,,,,https://shope.ee/9pegalCyeA,
https://shopeefood.vn/da-nang/ca-phe-hong-an-ca-phe-ot-kem-sua-do-quang,,,,,,https://shope.ee/9fLGOSDbz9,
https://shopeefood.vn/da-nang/nha-ca-phe-muoi-do-an-sang-38-van-cao,,,,,,https://shope.ee/AAHWzNBhyG,
https://shopeefood.vn/da-nang/ca-phe-hong-an-le-do,,,,,,https://shope.ee/9zy6n4CLJF,
https://shopeefood.vn/da-nang/ty-food-ca-ri-ga-ech-hoa-an-5,,,,,,https://shope.ee/AUuNNzARIM,
https://shopeefood.vn/da-nang/lai-day-kitchen-do-an-va-ca-phe-vo-qui-huan,,,,,,https://shope.ee/AKaxBgB4dL,
https://shopeefood.vn/ho-chi-minh/an-vat-ca-vien-my-my-ca-vien-chien-do-an-vat-thanh-cong.pnpd4n,,,,,,https://shope.ee/1AksgoPbM,
https://shopeefood.vn/ho-chi-minh/ca-vien-chien-the-gioi-do-an-vat-phan-huy-ich,,,,,,https://shope.ee/BUB4znmGP,
https://shopeefood.vn/ho-chi-minh/mia-food-an-vat-ca-vien-chien-ga-u-muoi-do-nhuan,,,,,,https://shope.ee/LnbHIn8vS,
https://shopeefood.vn/ho-chi-minh/an-vat-ca-vien-chien-ga-u-muoi-ula-2-do-nhuan,,,,,,https://shope.ee/W71TbmVaV,
https://shopeefood.vn/ho-chi-minh/ca-vien-chien-bap-xao-24h-do-an-vat-nguyen-huu-dat,,,,,,https://shope.ee/gQRfulsFY,
https://shopeefood.vn/ho-chi-minh/quan-an-cay-xanh-lau-ca-ri-de-tan-ky-tan-quy,,,,,,https://shope.ee/qjrsDlEub,
https://shopeefood.vn/ho-chi-minh/nam-ca-ri-an-vat-nguyen-van-khoi.yg6ude,,,,,,https://shope.ee/113I4WkbZe,
https://shopeefood.vn/ho-chi-minh/naan-masala-am-thuc-an-do,,,,,,https://shope.ee/1BMiGpjyEh,
https://shopeefood.vn/ho-chi-minh/ca-ri-an-do-indian-restaurant,,,,,,https://shope.ee/1Lg8T8jKtk,
https://shopeefood.vn/ho-chi-minh/xi-lo-ca-ri-de-an-do,,,,,,https://shope.ee/1VzYfRihYn,
https://shopeefood.vn/ho-chi-minh/ca-ri-ga-ngoai-nau-do-an-nha-nau-le-hong-phong.iukud6,,,,,,https://shope.ee/1gIyrki4Dq,
https://shopeefood.vn/ho-chi-minh/goi-ca-mai-do-an-vat-co-ly-van-kiep.2clw52,,,,,,https://shope.ee/1qcP43hQst,
https://shopeefood.vn/ho-chi-minh/lam-nhut-ca-ri-de-an-do-duong-12,,,,,,https://shope.ee/20vpGMgnXw,
https://shopeefood.vn/ho-chi-minh/ty-mien-ca-vien-chien-do-an-vat-duong-so-15,,,,,,https://shope.ee/2BFFSfgACz,
https://shopeefood.vn/ho-chi-minh/tiem-nha-bin-ca-phe-matcha-do-an-nguyen-kiem.etvdub,,,,,,https://shope.ee/2LYfeyfWs2,
https://shopeefood.vn/ho-chi-minh/ca-vien-chien-do-an-vat-moc-food,,,,,,https://shope.ee/2Vs5rHetX5,
https://shopeefood.vn/ho-chi-minh/mimosa-india-kitchen-ca-ri-an-do-duong-so-7,,,,,,https://shope.ee/2gBW3aeGC8,
https://shopeefood.vn/ho-chi-minh/ca-vien-chien-ga-ran-do-an-vat-181-duong-so-3,,,,,,https://shope.ee/2qUwFtdcrB,
https://shopeefood.vn/ho-chi-minh/an-vat-sopa-ca-vien-chien-do-an-vat-tran-van-dang,,,,,,https://shope.ee/30oMSCczWE,
https://shopeefood.vn/ho-chi-minh/do-nuong-ca-vien-chien-an-ngon-24h,,,,,,https://shope.ee/3B7meVcMBH,
https://shopeefood.vn/ho-chi-minh/ca-vien-chien-ty-nho-an-vat-ga-ran-xien-que,,,,,,https://shope.ee/3LRCqobiqK,
https://shopeefood.vn/ho-chi-minh/naan-masala-quan-an-an-do,,,,,,https://shope.ee/3Vkd37b5VN,
https://shopeefood.vn/ho-chi-minh/ruby-tea-tra-sua-ca-phe-do-an-vat,,,,,,https://shope.ee/3g43FQaSAQ,
https://shopeefood.vn/ho-chi-minh/ca-vien-chien-324-do-an-vat-duong-ly-thuong-kiet.r2nnpw,,,,,,https://shope.ee/3qNTRjZopT,
https://shopeefood.vn/ho-chi-minh/cari-ni-tam-ky-ca-ri-an-do-va-lau-de-binh-thoi.uqda1a,,,,,,https://shope.ee/40gte2ZBUW,
https://shopeefood.vn/ho-chi-minh/tiem-ca-phe-ban-do-an-va-do-uong-kdc-tan-quy-dong,,,,,,https://shope.ee/4B0JqLYY9Z,
https://shopeefood.vn/ho-chi-minh/dac-san-ca-ri-de-an-do-lien-khu-4-5,,,,,,https://shope.ee/4LJk2eXuoc,
https://shopeefood.vn/ho-chi-minh/ca-vien-chien-sai-gon-do-an-vat-ngon-re,,,,,,https://shope.ee/4VdAExXHTf,
https://shopeefood.vn/ho-chi-minh/bep-nha-nhu-ca-vien-chien-mi-tron-do-an-tran-tuan-khai,,,,,,https://shope.ee/4fwaRGWe8i,
https://shopeefood.vn/ho-chi-minh/a-n-food-ca-vien-chien-banh-trang-do-an-vat,,,,,,https://shope.ee/4qG0dZW0nl,
https://shopeefood.vn/ho-chi-minh/quan-an-fatimah-ca-ri-de-an-do-halal,,,,,,https://shope.ee/50ZQpsVNSo,
https://shopeefood.vn/ho-chi-minh/tra-chill-tra-ca-phe-do-an-vat-xuan-thoi-thuong-14,,,,,,https://shope.ee/5Asr2BUk7r,
https://shopeefood.vn/ho-chi-minh/my-y-xien-que-ca-con-do-an-vat-q6,,,,,,https://shope.ee/5LCHEUU6mu,
https://shopeefood.vn/ho-chi-minh/banh-canh-ca-loc-lang-hoa-do-an-200-nguyen-van-khoi,,,,,,https://shope.ee/5VVhQnTTRx,
https://shopeefood.vn/ho-chi-minh/khu-vui-choi-tu-do-tra-sua-ca-phe-an-vat-duong-so-9,,,,,,https://shope.ee/5fp7d6Sq70,
https://shopeefood.vn/ho-chi-minh/tiem-nha-ken-ca-phe-matcha-do-an-vat-quang-trung,,,,,,https://shope.ee/5q8XpPSCm3,
https://shopeefood.vn/ho-chi-minh/quan-an-106-ca-ri-chao-nam-dong-co,,,,,,https://shope.ee/60Ry1iRZR6,
https://shopeefood.vn/ho-chi-minh/lermer-tra-ca-phe-do-an-vat-nguyen-van-nghi.kcrzeq,,,,,,https://shope.ee/6AlOE1Qw69,
https://shopeefood.vn/ho-chi-minh/an-vat-do-quyen-chan-ga-rut-xuong-banh-ca-taiyaki,,,,,,https://shope.ee/6L4oQKQIlC,
https://shopeefood.vn/ho-chi-minh/do-mem-ca-phe-an-vat,,,,,,https://shope.ee/6VOEcdPfQF,
https://shopeefood.vn/ho-chi-minh/daisee-ice-cream-kem-ca-phe-do-an-trang-mieng-thao-dien,,,,,,https://shope.ee/6fheowP25I,
https://shopeefood.vn/ho-chi-minh/ca-ri-an-ca-ri-de-ca-ri-ga-truong-sa,,,,,,https://shope.ee/6q151FOOkL,
https://shopeefood.vn/ho-chi-minh/ca-vien-chien-do-an-vat-nuoc-ngot-lobika-food,,,,,,https://shope.ee/70KVDYNlPO,
https://shopeefood.vn/ho-chi-minh/ca-ri-ga-an-vat-min-min-vo-duy-ninh,,,,,,https://shope.ee/7AdvPrN84R,
https://shopeefood.vn/ho-chi-minh/ca-vien-chien-khoi-nguyen-do-an-vat-pham-the-hien,,,,,,https://shope.ee/7KxLcAMUjU,
https://shopeefood.vn/ho-chi-minh/me-ca-food-ca-vien-chien-banh-trang-cuon-do-an-vat,,,,,,https://shope.ee/7VGloTLrOX,
https://shopeefood.vn/ho-chi-minh/an-vat-yen-do-cha-ca-cuon-rau-ram-tra-trai-cay-97-le-quang-dinh,,,,,,https://shope.ee/6VOEcdQQHa,
https://shopeefood.vn/ho-chi-minh/hi-coffee-ca-phe-do-an-sang-le-quang-dinh,,,,,,https://shope.ee/6L4oQKR3cZ,
https://shopeefood.vn/ho-chi-minh/bamio-banh-mi-thit-xiu-que-em-bun-mam-bun-cha-ca-da-nang-do-an-vat,,,,,,https://shope.ee/5VVhQnUEJQ,
https://shopeefood.vn/ho-chi-minh/tiem-ca-phe-979-tra-sua-tra-trai-cay-do-an-sang-nguyen-xien,,,,,,https://shope.ee/5LCHEUUreP,
https://shopeefood.vn/ho-chi-minh/com-ga-ta-phan-rang-do-an-vat-bep-ca-na-xi-muoi,,,,,,https://shope.ee/5q8XpPSxdW,
https://shopeefood.vn/ho-chi-minh/ca-ri-de-an-do-520-cach-mang-thang-8,,,,,,https://shope.ee/5fp7d6TayV,
https://shopeefood.vn/ho-chi-minh/an-vat-duong-pho-ca-vien-mam-toi-chan-ga-xa-tac-sot-thai-do-xuan-hop,,,,,,https://shope.ee/AAHWzNCSqO,
https://shopeefood.vn/ho-chi-minh/ca-vien-chien-5k-do-an-vat-nguyen-van-nghi,,,,,,https://shope.ee/9zy6n4D6BN,
https://shopeefood.vn/ho-chi-minh/ca-vien-chien-mi-tron-do-an-vat-nguyen-thai-son,,,,,,https://shope.ee/AUuNNzBCAU,
https://shopeefood.vn/ho-chi-minh/tiem-ca-phe-bat-on-tra-sua-do-an-nhanh-le-duc-tho,,,,,,https://shope.ee/AKaxBgBpVT,
https://shopeefood.vn/ho-chi-minh/do-an-vat-minh-minh-an-vat-ca-vien-chien-va-nuoc-uong-so-4-phan-chu-trinh-chung-cu-1050.qitbct,,,,,,https://shope.ee/9V1qC9F0CK,
https://shopeefood.vn/ho-chi-minh/do-an-vat-nha-toi-ot-ca-vien-chien-banh-trang,,,,,,https://shope.ee/9KiPzqFdXJ,
https://shopeefood.vn/ho-chi-minh/banh-mi-cha-ca-thu-ba-bu-do-an-le-thi-rieng.dwu9cu,,,,,,https://shope.ee/9pegalDjWQ,
https://shopeefood.vn/ho-chi-minh/ca-vien-chien-do-an-vat-kieu-tien,,,,,,https://shope.ee/9fLGOSEMrP,
https://shopeefood.vn/ho-chi-minh/tiem-do-an-co-be-bun-moc-banh-canh-cha-ca-that-lat-xo-viet-nghe-tinh,,,,,,https://shope.ee/8pm9OvHXYG,
https://shopeefood.vn/ho-chi-minh/coco-milktea-ca-phe-do-an-vat-8-thien-ho-duong,,,,,,https://shope.ee/8fSjCcIAtF,
https://shopeefood.vn/ho-chi-minh/banh-trang-tron-ca-vien-chien-do-an-vat-duong-27,,,,,,https://shope.ee/9AOznXGGsM,
https://shopeefood.vn/ho-chi-minh/fun-coffee-198-do-an-nhanh-tra-ca-phe-sinh-to-198-pham-van-chieu.hb8wjy,,,,,,https://shope.ee/905ZbEGuDL,
https://shopeefood.vn/ho-chi-minh/an-an-bun-bo-hue-da-lat-ca-ri-ga-an-do,,,,,,https://shope.ee/8AWSbhK4uC,
https://shopeefood.vn/ho-chi-minh/an-vat-den-long-do-tra-trai-cay-ca-vien-chien-ga-ran-chon-sot,,,,,,https://shope.ee/80D2POKiFB,
https://shopeefood.vn/ho-chi-minh/thang-nam-vui-ve-ca-phe-tra-tac-do-an-sang,,,,,,https://shope.ee/8V9J0JIoEI,
https://shopeefood.vn/ho-chi-minh/bun-ca-ro-com-chien-81-do-an-duong-so-5.hoqbqr,,,,,,https://shope.ee/8Kpso0JRZH,
https://shopeefood.vn/ho-chi-minh/an-ngon-sai-gon-ca-ri-ga-bo-ca-ri-de-le-thanh-ton,,,,,,https://shope.ee/2BFFSfgv56,
https://shopeefood.vn/ho-chi-minh/do-an-vat-ca-vien-chien-nguyen-van-thuong,,,,,,https://shope.ee/20vpGMhYQ5,
https://shopeefood.vn/ho-chi-minh/banh-bo-toro-do-an-vat-ca-vien-chien,,,,,,https://shope.ee/2Vs5rHfePC,
https://shopeefood.vn/ho-chi-minh/nha-bo-tra-sua-ca-phe-do-an-vat-nguyen-thanh-vinh.hkhgts,,,,,,https://shope.ee/2LYfeygHkB,
https://shopeefood.vn/ho-chi-minh/dau-bap-shop-online-ca-vien-chien-do-an-vat-duong-ba-trac.lseged,,,,,,https://shope.ee/1VzYfRjSR2,
https://shopeefood.vn/ho-chi-minh/an-vat-439-ca-ri-ca-vien-chien-tra-sua,,,,,,https://shope.ee/1Lg8T8k5m1,
https://shopeefood.vn/ho-chi-minh/tra-sua-do-an-vat-diamond-tra-sua-ca-vien-chien-441-52-dien-bien-phu.yx9vxb,,,,,,https://shope.ee/1qcP43iBl8,
https://shopeefood.vn/ho-chi-minh/hi-bun-cha-ca-thu-do-an-vat,,,,,,https://shope.ee/1gIyrkip67,
https://shopeefood.vn/ho-chi-minh/u-ca-map-tea-cake-do-an-41-25-nguyen-oanh,,,,,,https://shope.ee/qjrsDlzmy,
https://shopeefood.vn/ho-chi-minh/hoa-kieu-mach-quan-sang-an-ca-ri-toi-lam-vai-ly,,,,,,https://shope.ee/gQRfumd7x,
https://shopeefood.vn/ho-chi-minh/3-do-ca-phe-an-vat-nguyen-huu-cau,,,,,,https://shope.ee/1BMiGpkj74,
https://shopeefood.vn/ho-chi-minh/tiem-kafe-tra-ca-phe-do-an-phan-van-tri.q1vjvl,,,,,,https://shope.ee/113I4WlMS3,
https://shopeefood.vn/ho-chi-minh/banh-canh-ca-loc-hai-do-banh-canh-ca-loc-an-duong-vuong.3xxrlm,,,,,,https://shope.ee/BUB4zoX8u,
https://shopeefood.vn/ho-chi-minh/ca-ri-de-an-do-ba-cha-va-nguyen-tri-phuong,,,,,,https://shope.ee/1AksgpATt,
https://shopeefood.vn/ho-chi-minh/hello-coffee-ca-phe-va-do-an,,,,,,https://shope.ee/W71TbnGT0,
https://shopeefood.vn/ho-chi-minh/sunny-lucky-ca-phe-che-do-an-vuon-lai,,,,,,https://shope.ee/LnbHIntnz,
https://shopeefood.vn/ho-chi-minh/ca-ri-an-kieu-dam-tran-xuan-soan,,,,,,https://shope.ee/4qG0dZWlfs,
https://shopeefood.vn/ho-chi-minh/ca-ri-an-hoa-duong-so-9,,,,,,https://shope.ee/4fwaRGXP0r,
https://shopeefood.vn/ho-chi-minh/ca-vien-chien-an-vat-ong-chu-ben-do,,,,,,https://shope.ee/5Asr2BVUzy,
https://shopeefood.vn/ho-chi-minh/trung-nguyen-e-coffee-ca-phe-do-uong-do-an-nhanh-pham-the-hien.qcmspf,,,,,,https://shope.ee/50ZQpsW8Kx,
https://shopeefood.vn/ho-chi-minh/goc-nha-ri-an-vat-do-uong-nguyen-thi-nhung,,,,,,https://shope.ee/4B0JqLZJ1o,
https://shopeefood.vn/ho-chi-minh/co-ut-do-an-vat-mam-ca-linh-chung-duong-49.zmjtch,,,,,,https://shope.ee/40gte2ZwMn,
https://shopeefood.vn/ho-chi-minh/ca-vien-co-hanh-do-an-vat-mi-tron-nguyen-thi-hue,,,,,,https://shope.ee/4VdAExY2Lu,
https://shopeefood.vn/ho-chi-minh/tiem-ca-phe-chill-ca-phe-do-an-vat-tan-ky-tan-quy.dblu2u,,,,,,https://shope.ee/4LJk2eYfgt,
https://shopeefood.vn/ho-chi-minh/river-view-restaurant,,,,,,https://shope.ee/3Vkd37bqNk,
https://shopeefood.vn/ho-chi-minh/little-india-indian-restaurant,,,,,,https://shope.ee/3LRCqocTij,
https://shopeefood.vn/ho-chi-minh/pyramids-restaurant-halal-food-coffee,,,,,,https://shope.ee/3qNTRjaZhq,
https://shopeefood.vn/ho-chi-minh/the-ran-goon-restaurant,,,,,,https://shope.ee/3g43FQbD2p,
https://shopeefood.vn/ha-noi/banh-xeo-xoi-15k-me-tri-thuong,,,,,,https://shope.ee/2qUwFteNjg,
https://shopeefood.vn/ha-noi/an-vat-nhat-ban-chuyen-banh-xeo-nhat-takoyaki-37a-doi-can,,,,,,https://shope.ee/2gBW3af14f,
https://shopeefood.vn/ha-noi/xi-xup-bep-lau-thai-banh-xeo-nhat-kdt-an-hung,,,,,,https://shope.ee/3B7meVd73m,
https://shopeefood.vn/ha-noi/nhat-vu-banh-xeo-nem-lui,,,,,,https://shope.ee/30oMSCdkOl,
https://shopeefood.vn/ha-noi/linh-quan-banh-muot-nghe-an-banh-xeo-gion,,,,,,https://shope.ee/7KxLcANFbc,
https://shopeefood.vn/ha-noi/banh-xeo-nam-bo-ta-quang-buu,,,,,,https://shope.ee/7VGloTMcGf,
https://shopeefood.vn/ha-noi/banh-sinh-nhat-thuy-an,,,,,,https://shope.ee/7faC0mLyvi,
https://shopeefood.vn/ha-noi/nhat-minh-banh-xeo-nem-lui-bun-cha,,,,,,https://shope.ee/7ptcD5LLal,
https://shopeefood.vn/ha-noi/banh-xeo-nem-lui-ngoc-duong-125-doi-can,,,,,,https://shope.ee/6fheowPmxY,
https://shopeefood.vn/ha-noi/com-tam-bay-fo-banh-xeo-binh-dinh-nguyen-huy-tuong,,,,,,https://shope.ee/6q151FP9cb,
https://shopeefood.vn/ha-noi/com-tam-bay-fo-banh-xeo-binh-dinh-doi-can,,,,,,https://shope.ee/70KVDYOWHe,
https://shopeefood.vn/da-nang/banh-xeo-trinh-588-pham-hung,,,,,,https://shope.ee/7AdvPrNswh,
https://shopeefood.vn/da-nang/banh-xeo-quang-ngai-01-tran-nhan-tong,,,,,,https://shope.ee/60Ry1iSKJU,
https://shopeefood.vn/da-nang/banh-xeo-vit-ram-bap-dau-tay,,,,,,https://shope.ee/6AlOE1RgyX,
https://shopeefood.vn/da-nang/banh-xeo-nhat-huy,,,,,,https://shope.ee/6L4oQKR3da,
https://shopeefood.vn/da-nang/banh-xeo-chi-duong-nui-thanh,,,,,,https://shope.ee/6VOEcdQQId,
https://shopeefood.vn/da-nang/quan-van-banh-xeo-my-quang-bun-mam,,,,,,https://shope.ee/5LCHEUUrfQ,
https://shopeefood.vn/da-nang/banh-xeo-duc-van-ly-nhat-quang,,,,,,https://shope.ee/5VVhQnUEKT,
https://shopeefood.vn/da-nang/quan-ha-diep-banh-xeo-nem-lui,,,,,,https://shope.ee/5fp7d6TazW,
https://shopeefood.vn/da-nang/quan-307-banh-xeo-bun-thit-nuong-nem-lui,,,,,,https://shope.ee/5q8XpPSxeZ,
https://shopeefood.vn/da-nang/quan-quynh-anh-banh-beo-nong-banh-xeo-banh-uot,,,,,,https://shope.ee/9zy6n4D6CO,
https://shopeefood.vn/da-nang/my-quang-banh-xeo-huong-que,,,,,,https://shope.ee/AAHWzNCSrR,
https://shopeefood.vn/ho-chi-minh/banh-xeo-mien-trung-phu-ong-duong-d5,,,,,,https://shope.ee/AKaxBgBpWU,
https://shopeefood.vn/ho-chi-minh/banh-xeo-mien-trung-38-thoai-ngoc-hau,,,,,,https://shope.ee/AUuNNzBCBX,
https://shopeefood.vn/ho-chi-minh/me-banh-xeo-banh-xeo-mien-tay-90-thanh-loc-41.p0j5n0,,,,,,https://shope.ee/9KiPzqFdYK,
https://shopeefood.vn/ho-chi-minh/quan-banh-khot-banh-xeo-banh-xeo-bu-ap-4.rbveze,,,,,,https://shope.ee/9V1qC9F0DN,
https://shopeefood.vn/ho-chi-minh/banh-xeo-co-ba-mien-tay-duong-54,,,,,,https://shope.ee/9fLGOSEMsQ,
https://shopeefood.vn/ho-chi-minh/a-linh-banh-xeo-mien-trung-thong-nhat.fplryk,,,,,,https://shope.ee/9pegalDjXT,
https://shopeefood.vn/ho-chi-minh/okonomiyaki-shu-banh-xeo-nhat-ban-le-thanh-ton.bynv9a,,,,,,https://shope.ee/8fSjCcIAuG,
https://shopeefood.vn/ho-chi-minh/ba-gao-my-tron-hongkong-kimbap-banh-xeo-nhat,,,,,,https://shope.ee/8pm9OvHXZJ,
https://shopeefood.vn/ho-chi-minh/sushi-mon-banh-xeo-nhat-dien-bien-phu,,,,,,https://shope.ee/905ZbEGuEM,
https://shopeefood.vn/ho-chi-minh/tiem-banh-xeo-quang-ngai-ngo-tat-to,,,,,,https://shope.ee/9AOznXGGtP,
https://shopeefood.vn/ho-chi-minh/banh-xeo-nhat-ban-okonomiyaki,,,,,,https://shope.ee/80D2POKiGC,
https://shopeefood.vn/ho-chi-minh/banh-bach-tuoc-banh-xeo-minh-phung,,,,,,https://shope.ee/8AWSbhK4vF,
https://shopeefood.vn/ho-chi-minh/banh-xeo-nguyet-quy-nhon-ton-that-thuyet,,,,,,https://shope.ee/8Kpso0JRaI,
https://shopeefood.vn/ho-chi-minh/banh-xeo-co-nguyet-quang-trung,,,,,,https://shope.ee/8V9J0JIoFL,
https://shopeefood.vn/ho-chi-minh/banh-can-banh-xeo-banh-canh-co-chin-thanh-thai,,,,,,https://shope.ee/20vpGMhYR6,
https://shopeefood.vn/ho-chi-minh/xem-banh-xeo-mien-trung,,,,,,https://shope.ee/2BFFSfgv69,
https://shopeefood.vn/ho-chi-minh/banh-xeo-mien-trung-153-tran-xuan-soan,,,,,,https://shope.ee/2LYfeygHlC,
https://shopeefood.vn/ho-chi-minh/banh-xeo-goi-cuon-388-huynh-tan-phat,,,,,,https://shope.ee/2Vs5rHfeQF,
https://shopeefood.vn/ho-chi-minh/banh-xeo-quang,,,,,,https://shope.ee/1Lg8T8k5n2,
https://shopeefood.vn/ho-chi-minh/banh-xeo-co-muoi-60-le-thi-hong,,,,,,https://shope.ee/1VzYfRjSS5,
https://shopeefood.vn/ho-chi-minh/banh-xeo-ba-chieu-40-dien-hong,,,,,,https://shope.ee/1gIyrkip78,
https://shopeefood.vn/ho-chi-minh/banh-xeo-tom-nhay-thanh-dieu-33-truong-son,,,,,,https://shope.ee/1qcP43iBmB,
https://shopeefood.vn/ho-chi-minh/banh-xeo-le-quang-sung-since-1948,,,,,,https://shope.ee/gQRfumd8y,
https://shopeefood.vn/ho-chi-minh/banh-xeo-tom-nhay-binh-dinh-vuon-lai,,,,,,https://shope.ee/qjrsDlzo1,
https://shopeefood.vn/ho-chi-minh/banh-xeo-banh-khot-di-lam-banh-xeo-banh-khot-thoi-an-15.alokmq,,,,,,https://shope.ee/113I4WlMT4,
https://shopeefood.vn/ho-chi-minh/banh-xeo-co-thuy-pham-van-bach,,,,,,https://shope.ee/1BMiGpkj87,
https://shopeefood.vn/ho-chi-minh/banh-xeo-tom-nhay-thanh-dieu-69-duong-so-10,,,,,,https://shope.ee/1AksgpAUu,
https://shopeefood.vn/ho-chi-minh/hang-banh-xeo-tran-dai-nghia,,,,,,https://shope.ee/BUB4zoX9x,
https://shopeefood.vn/ho-chi-minh/banh-xeo-co-hang-hoang-hoa-tham,,,,,,https://shope.ee/5VVhQnXON7,
https://shopeefood.vn/ho-chi-minh/banh-xeo-quang-ngai-le-van-luong,,,,,,https://shope.ee/5fp7d6Wl2A,
https://shopeefood.vn/ho-chi-minh/banh-xeo-mien-trung-79-duong-so-4,,,,,,https://shope.ee/5q8XpPW7hD,
https://shopeefood.vn/ho-chi-minh/banh-xeo-co-hai-dan-chu,,,,,,https://shope.ee/60Ry1iVUMG,
https://shopeefood.vn/ho-chi-minh/pho-thanh-banh-xeo-rau-rung-duong-so-41,,,,,,https://shope.ee/6AlOE1Ur1J,
https://shopeefood.vn/ha-noi/thien-duong-an-vat-banh-mi-sandwich-pizza,,,,,,https://shope.ee/6L4oQKUDgM,
https://shopeefood.vn/ha-noi/rosemary-kitchen-sandwicherie-au-co,,,,,,https://shope.ee/6VOEcdTaLP,
https://shopeefood.vn/ha-noi/hana-yummy-hot-dog-sandwich,,,,,,https://shope.ee/6fheowSx0S,
https://shopeefood.vn/ha-noi/tiem-an-ti-hon-che-sandwich-pho-mai-van-cao,,,,,,https://shope.ee/6q151FSJfV,
https://shopeefood.vn/ha-noi/egg-mong-korean-sandwich-nguyen-thai-hoc.gskcst,,,,,,https://shope.ee/70KVDYRgKY,
https://shopeefood.vn/ha-noi/bep-nha-lieu-loan-banh-mi-sandwich-my-tron-indomie-do-an-vat-yen-xa,,,,,,https://shope.ee/7AdvPrR2zb,
https://shopeefood.vn/ha-noi/bep-ut-mau-burger-bread-crepe-sandwich-tascus-food-luong-the-vinh,,,,,,https://shope.ee/7KxLcAQPee,
https://shopeefood.vn/ha-noi/eggu-sandwich-drink-nguyen-huu-huan,,,,,,https://shope.ee/7VGloTPmJh,
https://shopeefood.vn/ha-noi/bep-huong-chau-sandwich-banh-mi-muoi-ot-do-an-vat,,,,,,https://shope.ee/7faC0mP8yk,
https://shopeefood.vn/ha-noi/mushieboo-juice-sandwich,,,,,,https://shope.ee/7ptcD5OVdn,
https://shopeefood.vn/ha-noi/hanoi-sandwich-house,,,,,,https://shope.ee/80D2PONsIq,
https://shopeefood.vn/ha-noi/ji-healthy-sandwich-drink-healthy,,,,,,https://shope.ee/8AWSbhNExt,
https://shopeefood.vn/ha-noi/bep-ut-mau-burger-bread-crepe-sandwich-tascus-food-trung-kinh,,,,,,https://shope.ee/8Kpso0Mbcw,
https://shopeefood.vn/ha-noi/bep-peo-banh-sandwich-va-toast-lam-du.hfotqa,,,,,,https://shope.ee/8V9J0JLyHz,
https://shopeefood.vn/ha-noi/om-kitchen-sandwich-do-an-vat,,,,,,https://shope.ee/8fSjCcLKx2,
https://shopeefood.vn/ha-noi/cafico-banh-mi-sandwich-nuoc-ep-hoang-dao-thuy,,,,,,https://shope.ee/8pm9OvKhc5,
https://shopeefood.vn/ha-noi/ghien-burgers-hamburger-sandwich-131-ton-duc-thang,,,,,,https://shope.ee/905ZbEK4H8,
https://shopeefood.vn/ha-noi/bep-ut-mau-burger-bread-crepe-sandwich-tascus-food-khuong-trung,,,,,,https://shope.ee/9AOznXJQwB,
https://shopeefood.vn/ha-noi/tiem-nha-bong-sandwiches-han-quoc-me-tri-ha,,,,,,https://shope.ee/9KiPzqInbE,
https://shopeefood.vn/ha-noi/bep-ut-mau-burger-bread-crepe-sandwich-tascus-food-10-yen-hoa,,,,,,https://shope.ee/9V1qC9IAGH,
https://shopeefood.vn/ha-noi/kep-s-sandwiches-lam-du,,,,,,https://shope.ee/9fLGOSHWvK,
https://shopeefood.vn/ha-noi/mist-sandwiches-xuanphuong.dg1hvm,,,,,,https://shope.ee/9pegalGtaN,
https://shopeefood.vn/ha-noi/tiem-luon-co-mo-cac-mon-luon-sandwich-hoang-van-thai,,,,,,https://shope.ee/9zy6n4GGFQ,
https://shopeefood.vn/ha-noi/o-fresh-sandwich-bowl-station-nguyen-an-ninh,,,,,,https://shope.ee/AAHWzNFcuT,
https://shopeefood.vn/ha-noi/tom-s-cafe-chicken-cordon-bleu-chicken-sandwich,,,,,,https://shope.ee/AKaxBgEzZW,
https://shopeefood.vn/ha-noi/chao-28-sandwich-banh-mi-do-uong-nguyen-van-cu,,,,,,https://shope.ee/AUuNNzEMEZ,
https://shopeefood.vn/ha-noi/banh-trang-tron-32-an-vat,,,,,,https://shope.ee/1AksgsKXY,
https://shopeefood.vn/ha-noi/thai-hanh-huy-mai-quan-an-vat,,,,,,https://shope.ee/BUB4zrhCb,
https://shopeefood.vn/ha-noi/dan-hanoi-sandwiches-drinks-24-nguyen-du,,,,,,https://shope.ee/LnbHIr3re,
https://shopeefood.vn/ha-noi/bep-ut-mau-burger-bread-crepe-sandwich-tascus-food-thuy-khue,,,,,,https://shope.ee/W71TbqQWh,
https://shopeefood.vn/ha-noi/thai-hanh-huy-mai-an-vat-quan,,,,,,https://shope.ee/gQRfupnBk,
https://shopeefood.vn/ha-noi/bep-nha-nhom-nhem-sandwich-banh-mi-do-an-vat-hoang-hoa-tham,,,,,,https://shope.ee/qjrsDp9qn,
https://shopeefood.vn/ha-noi/bep-ut-mau-burger-bread-crepe-sandwich-tascus-food-nguyen-phong-sac,,,,,,https://shope.ee/113I4WoWVq,
https://shopeefood.vn/ha-noi/home-kitchen-sandwiches-coffee,,,,,,https://shope.ee/1BMiGpntAt,
https://shopeefood.vn/ha-noi/bep-ut-mau-burger-bread-crepe-sandwich-tascus-food-yen-hoa,,,,,,https://shope.ee/1Lg8T8nFpw,
https://shopeefood.vn/ha-noi/bep-ut-mau-burger-bread-crepe-sandwich-tascus-food-chien-thang,,,,,,https://shope.ee/1VzYfRmcUz,
https://shopeefood.vn/ha-noi/dan-vietnam-sandwiches-drinks-lac-trung,,,,,,https://shope.ee/1gIyrklzA2,
https://shopeefood.vn/ha-noi/healthwich-vietnam-do-an-nhanh,,,,,,https://shope.ee/1qcP43lLp5,
https://shopeefood.vn/ha-noi/munchies-chicken-tender-shokupan-sandwich,,,,,,https://shope.ee/20vpGMkiU8,
https://shopeefood.vn/ha-noi/tous-les-jours-royal-city,,,,,,https://shope.ee/2BFFSfk59B,
https://shopeefood.vn/ha-noi/banh-mi-yummy-bread-sandwich-tra,,,,,,https://shope.ee/2LYfeyjRoE,
https://shopeefood.vn/ha-noi/zop-bami-banh-mi-thit-nuong-bo-nuong-mat-ong-nguyen-dong-chi,,,,,,https://shope.ee/2Vs5rHioTH,
https://shopeefood.vn/ha-noi/tao-pho-me-to-tao-pho-sandwich,,,,,,https://shope.ee/2gBW3aiB8K,
https://shopeefood.vn/ha-noi/sandwich-mat-healthy-fastfood-ngo-thi-nham.sjnhdu,,,,,,https://shope.ee/2qUwFthXnN,
https://shopeefood.vn/ha-noi/saladbox-sandwich-24-xuan-dieu,,,,,,https://shope.ee/30oMSCguSQ,
https://shopeefood.vn/ha-noi/rosemary-kitchen-sandwicherie-hoang-hoa-tham,,,,,,https://shope.ee/3B7meVgH7T,
https://shopeefood.vn/ha-noi/cha-o-trai-cha-o-suo-n-sandwich-13-nguye-n-thuo-ng-hie-n.hg3ypk,,,,,,https://shope.ee/3LRCqofdmW,
https://shopeefood.vn/ha-noi/healthy-food-sua-hat-sandwich-do-an-healthy-hoang-dao-thanh.ukmj3u,,,,,,https://shope.ee/3Vkd37f0RZ,
https://shopeefood.vn/ha-noi/tous-les-jours-pho-hue,,,,,,https://shope.ee/3g43FQeN6c,
https://shopeefood.vn/ha-noi/starbucks-coffee-the-loop,,,,,,https://shope.ee/3qNTRjdjlf,
https://shopeefood.vn/ha-noi/starbucks-coffee-ocean-park-s2,,,,,,https://shope.ee/40gte2d6Qi,
https://shopeefood.vn/ha-noi/starbucks-coffee-tasco-mall-long-bien,,,,,,https://shope.ee/4B0JqLcT5l,
https://shopeefood.vn/ha-noi/phuc-long-hang-dieu,,,,,,https://shope.ee/4LJk2ebpko,
https://shopeefood.vn/ha-noi/banh-mi-sot-banh-mi-nuong-muoi-ot-sandwich-van-chuong,,,,,,https://shope.ee/4VdAExbCPr,
https://shopeefood.vn/ha-noi/starbucks-coffee-lotte-west-lake,,,,,,https://shope.ee/4fwaRGaZ4u,
https://shopeefood.vn/ha-noi/starbucks-coffee-vincom-center-pham-ngoc-thach,,,,,,https://shope.ee/4qG0dZZvjx,
https://shopeefood.vn/ha-noi/starbucks-coffee-ba-trieu,,,,,,https://shope.ee/50ZQpsZIP0,
https://shopeefood.vn/ha-noi/phuc-long-51-nguyen-dinh-thi,,,,,,https://shope.ee/5Asr2BYf43,
https://shopeefood.vn/ha-noi/ca-may-man-mi-indomie-sandwich-72-ham-tu-quan,,,,,,https://shope.ee/5VVhQnXOO8,
https://shopeefood.vn/ha-noi/starbucks-coffee-trung-hoa,,,,,,https://shope.ee/5LCHEUY1j7,
https://shopeefood.vn/ha-noi/starbucks-coffee-mo-lao,,,,,,https://shope.ee/5q8XpPW7iE,
https://shopeefood.vn/ha-noi/starbucks-coffee-rox-center,,,,,,https://shope.ee/5fp7d6Wl3D,
https://shopeefood.vn/ha-noi/starbucks-coffee-viet-tower,,,,,,https://shope.ee/6AlOE1Ur2K,
https://shopeefood.vn/ha-noi/phuc-long-viet-tower,,,,,,https://shope.ee/60Ry1iVUNJ,
https://shopeefood.vn/ha-noi/starbucks-coffee-vincom-metropolis,,,,,,https://shope.ee/6VOEcdTaMQ,
https://shopeefood.vn/ha-noi/starbucks-coffee-diamond-plaza,,,,,,https://shope.ee/6L4oQKUDhP,
https://shopeefood.vn/ha-noi/starbucks-coffee-nguyen-huu-huan,,,,,,https://shope.ee/6q151FSJgW,
https://shopeefood.vn/ha-noi/phuc-long-truong-dinh,,,,,,https://shope.ee/6fheowSx1V,
https://shopeefood.vn/ha-noi/starbucks-coffee-golden-field,,,,,,https://shope.ee/7AdvPrR30c,
https://shopeefood.vn/ha-noi/phuc-long-golden-palm,,,,,,https://shope.ee/70KVDYRgLb,
https://shopeefood.vn/ha-noi/phuc-long-tran-quoc-hoan,,,,,,https://shope.ee/7VGloTPmKi,
https://shopeefood.vn/ha-noi/starbucks-coffee-fine-arts-museum,,,,,,https://shope.ee/7KxLcAQPfh,
https://shopeefood.vn/ha-noi/phuc-long-cau-giay,,,,,,https://shope.ee/7ptcD5OVeo,
https://shopeefood.vn/ha-noi/starbucks-reserve-nha-tho,,,,,,https://shope.ee/7faC0mP8zn,
https://shopeefood.vn/ha-noi/an-vat-nha-an-kimbap-banh-mi-sandwich-thach-ban.tgylpx,,,,,,https://shope.ee/8AWSbhNEyu,
https://shopeefood.vn/ha-noi/starbucks-coffee-vinmec-times-city,,,,,,https://shope.ee/80D2PONsJt,
https://shopeefood.vn/ha-noi/starbucks-coffee-duy-tan,,,,,,https://shope.ee/8V9J0JLyJ0,
https://shopeefood.vn/ha-noi/phuc-long-tran-dai-nghia,,,,,,https://shope.ee/8Kpso0Mbdz,
https://shopeefood.vn/ha-noi/vinnie-coffee-sandwich-coffee-fruit-tea-31-hai-dang-9-vinhomes-ocean-park,,,,,,https://shope.ee/8pm9OvKhd6,
https://shopeefood.vn/ha-noi/phuc-long-tran-xuan-soan,,,,,,https://shope.ee/8fSjCcLKy5,
https://shopeefood.vn/ha-noi/xien-chao-sandwich-do-an-vat,,,,,,https://shope.ee/9AOznXJQxC,
https://shopeefood.vn/ha-noi/phuc-long-new-skyline,,,,,,https://shope.ee/905ZbEK4IB,
https://shopeefood.vn/ha-noi/phuc-long-taisei,,,,,,https://shope.ee/9V1qC9IAHI,
https://shopeefood.vn/ha-noi/starbucks-coffee-the-legend,,,,,,https://shope.ee/9KiPzqIncH,
https://shopeefood.vn/ha-noi/phuc-long-vinhomes-times-city,,,,,,https://shope.ee/9pegalGtbO,
https://shopeefood.vn/ha-noi/starbucks-coffee-the-garden,,,,,,https://shope.ee/9fLGOSHWwN,
https://shopeefood.vn/da-nang/kiki-food-kimbab-mi-tron-sandwich,,,,,,https://shope.ee/AAHWzNFcvU,
https://shopeefood.vn/da-nang/anh-map-sandwich-hamburger-nguyen-quy-duc,,,,,,https://shope.ee/9zy6n4GGGT,
https://shopeefood.vn/da-nang/hiro-sandwich-coffee,,,,,,https://shope.ee/AUuNNzEMFa,
https://shopeefood.vn/da-nang/zanh-burger-burger-sandwich-k97-53-nguyen-luong-bang,,,,,,https://shope.ee/AKaxBgEzaZ,
https://shopeefood.vn/da-nang/miu-enjoy-every-sandwich-128-mai-am,,,,,,https://shope.ee/BUB4zrhDc,
https://shopeefood.vn/da-nang/boki-sandwiches-coffee,,,,,,https://shope.ee/1AksgsKYb,
https://shopeefood.vn/da-nang/anh-map-sandwich-hamburger-pham-nhu-xuong,,,,,,https://shope.ee/W71TbqQXi,
https://shopeefood.vn/da-nang/aussie-grill-burger-sandwich-smoothies,,,,,,https://shope.ee/LnbHIr3sh,
https://shopeefood.vn/da-nang/anh-map-sandwich-hamburger,,,,,,https://shope.ee/qjrsDp9ro,
https://shopeefood.vn/da-nang/n-healthy-food-sandwich-salad,,,,,,https://shope.ee/6q151FTU7o,
https://shopeefood.vn/da-nang/sandi-sandwich-burger-my-y-ngo-van-so,,,,,,https://shope.ee/6fheowU7Sn,
https://shopeefood.vn/da-nang/santori-tran-phu-sandwich-bar-pancake,,,,,,https://shope.ee/7AdvPrSDRu,
https://shopeefood.vn/da-nang/milano-coffee-21-pham-nhu-xuong,,,,,,https://shope.ee/70KVDYSqmt,
https://shopeefood.vn/da-nang/tafu-mini-breakfast-sandwich-com-nam-com-tron-303-to-hieu,,,,,,https://shope.ee/6AlOE1W1Tk,
https://shopeefood.vn/da-nang/bep-me-tao-my-tron-indomi-sandwich-com-nam,,,,,,https://shope.ee/60Ry1iWeoj,
https://shopeefood.vn/da-nang/putin-fastfood-com-nam-onigiri-com-cuon-sandwich,,,,,,https://shope.ee/6VOEcdUknq,
https://shopeefood.vn/da-nang/chuli-sandwich-tra-nguyen-dang.7w6qqe,,,,,,https://shope.ee/6L4oQKVO8p,
https://shopeefood.vn/da-nang/phuc-long-nguyen-van-linh-da-nang,,,,,,https://shope.ee/5VVhQnYYpg,
https://shopeefood.vn/da-nang/moon-coffee-milk-tea-sandwich,,,,,,https://shope.ee/5LCHEUZCAf,
https://shopeefood.vn/da-nang/moon-sandwich-coffee-milk-tea,,,,,,https://shope.ee/5q8XpPXI9m,
https://shopeefood.vn/da-nang/gina-s-burger-hamburger-hotdog-sandwich-tien-son-18.kcg2fw,,,,,,https://shope.ee/5fp7d6XvUl,
https://shopeefood.vn/ho-chi-minh/12-zodiac-tra-trai-cay-sandwich-duong-quang-ham,,,,,,https://shope.ee/AAHWzNGnMe,
https://shopeefood.vn/ho-chi-minh/banh-mi-map-thit-cha-huynh-man-dat-binh-thanh,,,,,,https://shope.ee/9zy6n4HQhd,
https://shopeefood.vn/ho-chi-minh/an-vat-ca-vien-chien-305-le-van-quoi,,,,,,https://shope.ee/AUuNNzFWgk,
https://shopeefood.vn/ho-chi-minh/banh-mi-ha-noi-gia-han-pham-van-chieu,,,,,,https://shope.ee/AKaxBgGA1j,
https://shopeefood.vn/ho-chi-minh/tiem-banh-mi-hung-thuy-tan-son-nhi,,,,,,https://shope.ee/9V1qC9JKia,
https://shopeefood.vn/ho-chi-minh/phong-vu-banh-mi-ha-noi-xoi-man-banh-bao-to-ky,,,,,,https://shope.ee/9KiPzqJy3Z,
https://shopeefood.vn/ho-chi-minh/grand-castella-banh-bong-lan-dai-loan-ham-nghi,,,,,,https://shope.ee/9pegalI42g,
https://shopeefood.vn/ho-chi-minh/get-saladish-salad-sandwich-hoa-hung-shop-online,,,,,,https://shope.ee/9fLGOSIhNf,
https://shopeefood.vn/ho-chi-minh/mr-sandwich-sandwich-long-dao-ho-van-hue,,,,,,https://shope.ee/8pm9OvLs4W,
https://shopeefood.vn/ho-chi-minh/muyen-sandwich-ca-phe-hoa-binh.la1wnr,,,,,,https://shope.ee/8fSjCcMVPV,
https://shopeefood.vn/ho-chi-minh/sandwich-chef-cong-hoa,,,,,,https://shope.ee/9AOznXKbOc,
https://shopeefood.vn/ho-chi-minh/ga-lac-hamburger-sandwich-tra-chicken-s-boy,,,,,,https://shope.ee/905ZbELEjb,
https://shopeefood.vn/ho-chi-minh/lion-sandwich-tea-cafe-duong-24,,,,,,https://shope.ee/8AWSbhOPQS,
https://shopeefood.vn/ho-chi-minh/square-sandwich-coffee-ly-van-phuc,,,,,,https://shope.ee/80D2POP2lR,
https://shopeefood.vn/ho-chi-minh/sushi-sandwich-mia-pho-duc-chinh,,,,,,https://shope.ee/8V9J0JN8kY,
https://shopeefood.vn/ho-chi-minh/mih-sandwich-sandwich-xo-viet-nghe-tinh,,,,,,https://shope.ee/8Kpso0Nm5X,
https://shopeefood.vn/ho-chi-minh/sandwich-nha-dau-chu-van-an,,,,,,https://shope.ee/2BFFSflFbM,
https://shopeefood.vn/ho-chi-minh/hadumin-sandwich-tran-khac-chan,,,,,,https://shope.ee/20vpGMlswL,
https://shopeefood.vn/ho-chi-minh/mr-sandwich-vo-thi-sau,,,,,,https://shope.ee/2Vs5rHjyvS,
https://shopeefood.vn/ho-chi-minh/na-yummy-sandwich-coffee-matcha-vu-tung,,,,,,https://shope.ee/2LYfeykcGR,
https://shopeefood.vn/ho-chi-minh/na-yummy-sandwich-coffee-matcha-cach-mang-thang-8,,,,,,https://shope.ee/1VzYfRnmxI,
https://shopeefood.vn/ho-chi-minh/tiem-sandwich-none-cach-mang-thang-8,,,,,,https://shope.ee/1Lg8T8oQIH,
https://shopeefood.vn/ho-chi-minh/banh-mi-hamburger-sandwich-ong-can-duong-so-14,,,,,,https://shope.ee/1qcP43mWHO,
https://shopeefood.vn/ho-chi-minh/grab-go-pizza-sandwich-burger-cong-hoa,,,,,,https://shope.ee/1gIyrkn9cN,
https://shopeefood.vn/ho-chi-minh/be-sua-food-sandwich-sua-hat-duong-339-phuoc-long,,,,,,https://shope.ee/qjrsDqKJE,
https://shopeefood.vn/ho-chi-minh/tiem-xi-meo-cafe-matcha-sandwich,,,,,,https://shope.ee/gQRfuqxeD,
https://shopeefood.vn/ho-chi-minh/dayli-coffee-sandwich-bagel-sunwah-pearl,,,,,,https://shope.ee/1BMiGpp3dK,
https://shopeefood.vn/ho-chi-minh/bang-burger-hamburger-and-sandwich-351-1b-le-quang-sung.zo8cde,,,,,,https://shope.ee/113I4WpgyJ,
https://shopeefood.vn/ho-chi-minh/the-toast-house-sandwich-hamburger,,,,,,https://shope.ee/BUB4zsrfA,
https://shopeefood.vn/ho-chi-minh/kep-sandwich-nguyen-huu-canh,,,,,,https://shope.ee/1AksgtV09,
https://shopeefood.vn/ho-chi-minh/sandwiches-do-90-s-ly-chinh-thang,,,,,,https://shope.ee/W71TbrazG,
https://shopeefood.vn/ho-chi-minh/sandwich-chef-61-hoa-hung,,,,,,https://shope.ee/LnbHIsEKF,
https://shopeefood.vn/ho-chi-minh/rosemary-and-thyme-sandwich-pasta-salad,,,,,,https://shope.ee/4qG0dZb6C8,
https://shopeefood.vn/ho-chi-minh/swb-sandwich-ga-sot-69-duong-8.ati0ny,,,,,,https://shope.ee/4fwaRGbjX7,
https://shopeefood.vn/ho-chi-minh/feko-breakfast-sandwich-burger-lac-long-quan,,,,,,https://shope.ee/5Asr2BZpWE,
https://shopeefood.vn/ho-chi-minh/mi-cay-sandwich-an-vat-bep-me-vi,,,,,,https://shope.ee/50ZQpsaSrD,
https://shopeefood.vn/ho-chi-minh/fruits-sandwich-origami-nguyen-hong-dao,,,,,,https://shope.ee/4B0JqLddY4,
https://shopeefood.vn/ho-chi-minh/banh-mi-sandwich-ong-gia,,,,,,https://shope.ee/40gte2eGt3,
https://shopeefood.vn/ho-chi-minh/sandwich-bamking,,,,,,https://shope.ee/4VdAExcMsA,
https://shopeefood.vn/ho-chi-minh/bo-go-bo-go-hamburger-bo-uc-sandwich,,,,,,https://shope.ee/4LJk2ed0D9,
https://shopeefood.vn/ho-chi-minh/luoi-ca-phe-sandwich,,,,,,https://shope.ee/3Vkd37gAu0,
https://shopeefood.vn/ho-chi-minh/diem-tam-sang-bon-bon-hamburger-sandwich-banh-mi-tho-nhi-ky,,,,,,https://shope.ee/3LRCqogoEz,
https://shopeefood.vn/ho-chi-minh/bread-2f-banh-mi-hamburger-sandwich-bach-dang,,,,,,https://shope.ee/3qNTRjeuE6,
https://shopeefood.vn/ho-chi-minh/sandwich-hamburger-602,,,,,,https://shope.ee/3g43FQfXZ5,
https://shopeefood.vn/ho-chi-minh/my-ngon-sot-dam-da-topping-nhieu-sandwich-dung-vi-bui-minh-truc,,,,,,https://shope.ee/2qUwFtiiFw,
https://shopeefood.vn/ho-chi-minh/sancha-matcha-coffee-sandwich,,,,,,https://shope.ee/2gBW3ajLav,
https://shopeefood.vn/ho-chi-minh/fruits-sandwich-origami,,,,,,https://shope.ee/3B7meVhRa2,
https://shopeefood.vn/ho-chi-minh/sandwich-house,,,,,,https://shope.ee/30oMSCi4v1,
https://shopeefood.vn/ho-chi-minh/banh-mi-ty-hi-sandwich-ca-phe-tra-sua-nguyen-dinh-chieu,,,,,,https://shope.ee/7KxLcARa7s,
https://shopeefood.vn/ho-chi-minh/an-dem-sai-gon-banh-mi-sandwich-nuong-thanh-thai,,,,,,https://shope.ee/7VGloTQwmv,
https://shopeefood.vn/ho-chi-minh/mie-hotdog-sandwich-kep-gion,,,,,,https://shope.ee/7faC0mQJRy,
https://shopeefood.vn/ho-chi-minh/friet-sandwich-va-banh-toast-honey-luy-ban-bich.ncxkti,,,,,,https://shope.ee/7ptcD5Pg71,
https://shopeefood.vn/ho-chi-minh/sandwiches-do-90-s-quan-11,,,,,,https://shope.ee/6fheowU7To,
https://shopeefood.vn/ho-chi-minh/the-gioi-an-vat-hamburger-sandwich-hotdog-banh-mi,,,,,,https://shope.ee/6q151FTU8r,
https://shopeefood.vn/ho-chi-minh/mr-ben-hamburger-ga-banh-ga-duong-so-2,,,,,,https://shope.ee/70KVDYSqnu,
https://shopeefood.vn/ho-chi-minh/com-gao-lut-healthy-healthy-food-for-gymer-do-an-healthy-sandwich-nuoc-ep-duong-so-1-phuong-thao-dien.2llcgy,,,,,,https://shope.ee/7AdvPrSDSx,
https://shopeefood.vn/ho-chi-minh/tiem-hy-sandwich-vinhomes-grand-park,,,,,,https://shope.ee/60Ry1iWepk,
https://shopeefood.vn/ho-chi-minh/a-hon-banh-mi-sandwich-an-vat,,,,,,https://shope.ee/6AlOE1W1Un,
https://shopeefood.vn/ho-chi-minh/minifood-ca-phe-sandwich-matcha-duong-so-1,,,,,,https://shope.ee/6L4oQKVO9q,
https://shopeefood.vn/ho-chi-minh/banh-mi-sandwich-huong-duong,,,,,,https://shope.ee/6VOEcdUkot,
https://shopeefood.vn/ho-chi-minh/our-table-poke-salad-sandwich,,,,,,https://shope.ee/5LCHEUZCBg,
https://shopeefood.vn/ho-chi-minh/howanloi-sandwich-dimsum-tea-au-co,,,,,,https://shope.ee/5VVhQnYYqj,
https://shopeefood.vn/ho-chi-minh/sandj-sandwich-juice,,,,,,https://shope.ee/5fp7d6XvVm,
https://shopeefood.vn/ho-chi-minh/the-gioi-an-vat-hamburger-sandwich-hotdog-banh-mi-le-thuc-hoach,,,,,,https://shope.ee/5q8XpPXIAp,
https://shopeefood.vn/ho-chi-minh/bread-butter-hcm-sourdough-breads-deli-sandwiches,,,,,,https://shope.ee/9zy6n4HQie,
https://shopeefood.vn/ho-chi-minh/kep-s-sandwiches-hoang-hoa-tham,,,,,,https://shope.ee/AAHWzNGnNh,
https://shopeefood.vn/ho-chi-minh/hamburger-sandwich-di-hong-hamburger-lac-long-quan,,,,,,https://shope.ee/AKaxBgGA2k,
https://shopeefood.vn/ho-chi-minh/sen-bagel-banh-mi-sandwich-den-nguyen-cam-29a-tran-quoc-toan,,,,,,https://shope.ee/AUuNNzFWhn,
https://shopeefood.vn/ho-chi-minh/french-style-sandwich-banh-mi-viet-kieu-phap,,,,,,https://shope.ee/9KiPzqJy4a,
https://shopeefood.vn/ho-chi-minh/sandwiches-do-90-s-nguyen-trung-ngan,,,,,,https://shope.ee/9V1qC9JKjd,
https://shopeefood.vn/ho-chi-minh/tous-les-jours-estella,,,,,,https://shope.ee/9fLGOSIhOg,
https://shopeefood.vn/ho-chi-minh/sugar-town-banh-ngot-tra-khanh-hoi,,,,,,https://shope.ee/9pegalI43j,
https://shopeefood.vn/ho-chi-minh/nosh-cold-sandwiches-salads-eggdrops,,,,,,https://shope.ee/8fSjCcMVQW,
https://shopeefood.vn/ho-chi-minh/lala-salad-healthy-food-online,,,,,,https://shope.ee/8pm9OvLs5Z,
https://shopeefood.vn/ho-chi-minh/sandwich-cafe-matcha-hanhan,,,,,,https://shope.ee/905ZbELEkc,
https://shopeefood.vn/ho-chi-minh/breadcode-sandwich-drink-minh-phung.i3heow,,,,,,https://shope.ee/9AOznXKbPf,
https://shopeefood.vn/ho-chi-minh/banh-mi-sandwich-hamburger-aloha-246,,,,,,https://shope.ee/80D2POP2mS,
https://shopeefood.vn/ho-chi-minh/tous-les-jours-phan-van-tri,,,,,,https://shope.ee/8AWSbhOPRV,
https://shopeefood.vn/ho-chi-minh/anh-bung-breakfast-fastfood-sandwich-ga-nuong-da-gion-nguyen-quang-bich,,,,,,https://shope.ee/8Kpso0Nm6Y,
https://shopeefood.vn/ho-chi-minh/2conmeo-khoai-tay-phu-cheese-burger-ga-gion-sandwich-ga-gion-chung-cu-hiep-binh-chanh,,,,,,https://shope.ee/8V9J0JN8lb,
https://shopeefood.vn/ho-chi-minh/xi-kut-hamburger-sandwich,,,,,,https://shope.ee/20vpGMlsxM,
https://shopeefood.vn/ho-chi-minh/tiem-nay-chill-sandwich-coffee-tea-duong-so-7,,,,,,https://shope.ee/2BFFSflFcP,
https://shopeefood.vn/ho-chi-minh/big-boss-bistro-sandwich-banh-mi-kep,,,,,,https://shope.ee/2LYfeykcHS,
https://shopeefood.vn/ho-chi-minh/healthy-food-am-salad-sandwich-drink-duong-so-9,,,,,,https://shope.ee/2Vs5rHjywV,
https://shopeefood.vn/ho-chi-minh/tous-les-jours-nguyen-thi-thap,,,,,,https://shope.ee/1Lg8T8oQJI,
https://shopeefood.vn/ho-chi-minh/oli-sandwich-co-bac,,,,,,https://shope.ee/1VzYfRnmyL,
https://shopeefood.vn/ho-chi-minh/lac-sandwich-766-cmt8,,,,,,https://shope.ee/1gIyrkn9dO,
https://shopeefood.vn/ho-chi-minh/giang-s-sandwiches-hotdogs,,,,,,https://shope.ee/1qcP43mWIR,
https://shopeefood.vn/ha-noi/quynh-anh-banh-mi-donner-kebab-tra-sua,,,,,,https://shope.ee/8V9J0JNHGg,
https://shopeefood.vn/ha-noi/viet-anh-banh-mi-doner-kebab,,,,,,https://shope.ee/8Kpso0Nubf,
https://shopeefood.vn/ha-noi/duc-dung-banh-mi-doner-kebab-thai-thinh,,,,,,https://shope.ee/AAHWzNGvt2,
https://shopeefood.vn/ha-noi/banh-my-thit-nuong-hung-thinh-doner-kebab,,,,,,https://shope.ee/9zy6n4HZE1,
https://shopeefood.vn/ha-noi/tuan-vu-banh-my-doner-kebab-cuc-ngon-ha-noi-do-duc-duc,,,,,,https://shope.ee/AUuNNzFfD8,
https://shopeefood.vn/ha-noi/banh-my-doner-kebab-banh-my-vu-an-vat-ha-dinh,,,,,,https://shope.ee/AKaxBgGIY7,
https://shopeefood.vn/ha-noi/banh-my-doner-kebab-banh-my-vu-an-vat-bac-linh-dam,,,,,,https://shope.ee/9V1qC9JTEy,
https://shopeefood.vn/ha-noi/banh-mi-tam-giac-banh-my-donner-kebab-cu-loc,,,,,,https://shope.ee/9KiPzqK6Zx,
https://shopeefood.vn/ha-noi/banh-my-doner-kebab-banh-my-vu-an-vat-165-pho-hong-mai,,,,,,https://shope.ee/9pegalICZ4,
https://shopeefood.vn/ha-noi/banh-my-sumo-doner-kebab-kim-hoa,,,,,,https://shope.ee/9fLGOSIpu3,
https://shopeefood.vn/ha-noi/banh-my-donner-kebab-banh-my-vu-an-vat-nguyen-thi-dinh,,,,,,https://shope.ee/6AlOE1WA0O,
https://shopeefood.vn/ha-noi/banh-my-donner-kebab-banh-my-vu-an-vat-khuong-thuong,,,,,,https://shope.ee/60Ry1iWnLN,
https://shopeefood.vn/ha-noi/banh-mi-linh-doner-kebab-khoai-tay-chien-kebab,,,,,,https://shope.ee/6VOEcdUtKU,
https://shopeefood.vn/ha-noi/banh-my-donner-kebab-banh-my-vu-an-vat-phu-my,,,,,,https://shope.ee/6L4oQKVWfT,
https://shopeefood.vn/ha-noi/banh-mi-doner-kebab-39-hoang-hoa-tham,,,,,,https://shope.ee/5VVhQnYhMK,
https://shopeefood.vn/ha-noi/banh-my-doner-kebab-quan-huong.rquyca,,,,,,https://shope.ee/5LCHEUZKhJ,
https://shopeefood.vn/ha-noi/banh-my-doner-kebab-banh-my-vu-an-vat-tran-nhan-tong,,,,,,https://shope.ee/5q8XpPXQgQ,
https://shopeefood.vn/ha-noi/banh-mi-doner-kebab-phu-my,,,,,,https://shope.ee/5fp7d6Y41P,
https://shopeefood.vn/ha-noi/hakan-kebab-banh-mi-tho-nhi-ky,,,,,,https://shope.ee/7VGloTR5Im,
https://shopeefood.vn/ha-noi/nana-s-doner-kebab-banh-mi-quang-trung,,,,,,https://shope.ee/7KxLcARidl,
https://shopeefood.vn/ha-noi/tiem-banh-mi-doner-kebab,,,,,,https://shope.ee/7ptcD5Pocs,
https://shopeefood.vn/ha-noi/by-bi-banh-mi-doner-kebab-107-ton-duc-thang,,,,,,https://shope.ee/7faC0mQRxr,
https://shopeefood.vn/ha-noi/banh-mi-doner-kebab-banh-mi-kem-tran-dang-ninh,,,,,,https://shope.ee/6q151FTcei,
https://shopeefood.vn/ha-noi/banh-my-doner-kebab-banh-my-van-107-ngo-nui-truc,,,,,,https://shope.ee/6fheowUFzh,
https://shopeefood.vn/ha-noi/banh-my-doner-kebab-banh-my-vu-an-vat-hong-mai,,,,,,https://shope.ee/7AdvPrSLyo,
https://shopeefood.vn/ha-noi/hai-map-banh-mi-doner-kebab,,,,,,https://shope.ee/70KVDYSzJn,
https://shopeefood.vn/ha-noi/banh-mi-doner-kebab-tien-dat-299-doi-can,,,,,,https://shope.ee/3Vkd37gJQ8,
https://shopeefood.vn/ha-noi/banh-my-doner-kebab-lan-anh-thuong-thanh,,,,,,https://shope.ee/3LRCqogwl7,
https://shopeefood.vn/ha-noi/banh-mi-doner-kebab-co-ba-minh-chau,,,,,,https://shope.ee/3qNTRjf2kE,
https://shopeefood.vn/ha-noi/banh-my-doner-kebab-me-chip,,,,,,https://shope.ee/3g43FQfg5D,
https://shopeefood.vn/ha-noi/banh-mi-vu-banh-mi-doner-kebab-banh-mi-muoi-ot-mi-tron-ga-cay,,,,,,https://shope.ee/2qUwFtiqm4,
https://shopeefood.vn/ha-noi/linh-food-banh-mi-bo-muoi-ot-banh-mi-doner-kebab-phomai-439-bach-mai,,,,,,https://shope.ee/2gBW3ajU73,
https://shopeefood.vn/ha-noi/banh-my-doner-kebab-banh-my-xuan-bac-2a-tho-nhuom,,,,,,https://shope.ee/3B7meVha6A,
https://shopeefood.vn/ha-noi/bao-an-banh-mi-doner-kebab-ai-mo,,,,,,https://shope.ee/30oMSCiDR9,
https://shopeefood.vn/ha-noi/voi-kebab-banh-mi-23-ngoc-lam.tv9ycm,,,,,,https://shope.ee/4qG0dZbEiW,
https://shopeefood.vn/ha-noi/banh-mi-doner-kebab-59-nui-truc,,,,,,https://shope.ee/4fwaRGbs3V,
https://shopeefood.vn/ha-noi/qc-banh-my-doner-kebab-169-nguyen-luong-bang.ydgymo,,,,,,https://shope.ee/5Asr2BZy2c,
https://shopeefood.vn/ha-noi/banh-my-doner-kebab-chao-dinh-duong-230-ngoc-thuy,,,,,,https://shope.ee/50ZQpsabNb,
https://shopeefood.vn/ha-noi/banh-my-doner-kebab-banh-my-anh-quan-kdt-bac-linh-dam,,,,,,https://shope.ee/4B0JqLdm4S,
https://shopeefood.vn/ha-noi/banh-mi-doner-kebab-ngon-ngon,,,,,,https://shope.ee/40gte2ePPR,
https://shopeefood.vn/ha-noi/banh-mi-tam-giac-viet-dai-doner-kebab-2-hoa-ma.hjv2ck,,,,,,https://shope.ee/4VdAExcVOY,
https://shopeefood.vn/ha-noi/banh-mi-doner-kebab-van-long,,,,,,https://shope.ee/4LJk2ed8jX,
https://shopeefood.vn/ha-noi/banh-my-tam-vu-banh-my-doner-kebab-linh-nam,,,,,,https://shope.ee/qjrsDqSps,
https://shopeefood.vn/ha-noi/tuan-hoa-banh-mi-doner-kebab,,,,,,https://shope.ee/gQRfur6Ar,
https://shopeefood.vn/ha-noi/hue-tuyen-banh-mi-kebab-y-lan,,,,,,https://shope.ee/1BMiGppC9y,
https://shopeefood.vn/ha-noi/bao-an-banh-mi-doner-kebab-hoang-dao-thanh,,,,,,https://shope.ee/113I4WppUx,
https://shopeefood.vn/ha-noi/banh-my-doner-kebab-phuong-anh,,,,,,https://shope.ee/BUB4zt0Bo,
https://shopeefood.vn/ha-noi/banh-my-doner-kebab-anh-tung,,,,,,https://shope.ee/1AksgtdWn,
https://shopeefood.vn/ha-noi/chi-map-doner-kebab-banh-mi-doner-cafe-muoi-1037b-giai-phong,,,,,,https://shope.ee/W71TbrjVu,
https://shopeefood.vn/ha-noi/banh-mi-tam-giac-banh-mi-doner-kebab-duy-tan,,,,,,https://shope.ee/LnbHIsMqt,
https://shopeefood.vn/ha-noi/banh-mi-trang-an-doner-kebab,,,,,,https://shope.ee/2BFFSflO8G,
https://shopeefood.vn/ha-noi/banh-mi-fire-wolf-kebab-dang-thai-mai,,,,,,https://shope.ee/20vpGMm1TF,
https://shopeefood.vn/ha-noi/bamix-banh-mi-doner-kebab,,,,,,https://shope.ee/2Vs5rHk7SM,
https://shopeefood.vn/ha-noi/banh-my-doner-kebab-bep-nha-gao,,,,,,https://shope.ee/2LYfeykknL,
https://shopeefood.vn/ha-noi/lam-quynh-quan-bun-dau-banh-mi-doner-kebab,,,,,,https://shope.ee/1VzYfRnvUC,
https://shopeefood.vn/ha-noi/doner-kebab-ly-gia-banh-mi-tho-nhi-ky,,,,,,https://shope.ee/1Lg8T8oYpB,
https://shopeefood.vn/ha-noi/zen-banh-mi-doner-kebab-de-la-thanh-nho,,,,,,https://shope.ee/1qcP43meoI,
https://shopeefood.vn/ha-noi/bao-an-banh-mi-doner-kebab-da-sy,,,,,,https://shope.ee/1gIyrknI9H,
https://shopeefood.vn/ha-noi/banh-mi-doner-kebab-thien-trang,,,,,,https://shope.ee/8fSjCcMdwe,
https://shopeefood.vn/ha-noi/banh-mi-doner-kebab-phuong-tam-giac-dai-275-pho-co-nhue,,,,,,https://shope.ee/8pm9OvM0bh,
https://shopeefood.vn/ha-noi/banh-mi-sunrise-kebab-shop-online,,,,,,https://shope.ee/905ZbELNGk,
https://shopeefood.vn/ha-noi/banh-mi-linh-doner-kebab-khoai-tay-chien-kebab-hoang-hoa-tham,,,,,,https://shope.ee/9AOznXKjvn,
https://shopeefood.vn/ha-noi/banh-my-doner-kebab-banh-my-anh-thu,,,,,,https://shope.ee/80D2POPBIa,
https://shopeefood.vn/ha-noi/doner-kebab-banh-my-hoang-cong-chat.s2sslm,,,,,,https://shope.ee/8AWSbhOXxd,
https://shopeefood.vn/ha-noi/banh-mi-doner-kebab-hao-van-banh-mi-va-nuoc-ep-18-nhan-hoa.ontohk,,,,,,https://shope.ee/8Kpso0Nucg,
https://shopeefood.vn/ha-noi/bao-anh-banh-mi-doner-kebab,,,,,,https://shope.ee/8V9J0JNHHj,
https://shopeefood.vn/ha-noi/banh-mi-doner-kebab-anh-beo-pho-co-12-hang-cot,,,,,,https://shope.ee/9zy6n4HZF2,
https://shopeefood.vn/ha-noi/ha-phuc-banh-mi-doner-kebab,,,,,,https://shope.ee/AAHWzNGvu5,
https://shopeefood.vn/ha-noi/banh-mi-doner-kebab-nuoc-ep-hoa-qua-dung-dung-xuan-la-do-an-xuan-la.vns857,,,,,,https://shope.ee/AKaxBgGIZ8,
https://shopeefood.vn/ha-noi/banh-mi-viet-banh-mi-doner-kebab-thit-xien-nuong-ton-that-tung,,,,,,https://shope.ee/AUuNNzFfEB,
https://shopeefood.vn/ha-noi/nguyen-hien-banh-mi-doner-kebab-banh-bao-hoang-van-thai,,,,,,https://shope.ee/9KiPzqK6ay,
https://shopeefood.vn/ha-noi/banh-my-phuong-anh-thanh-xuan-bac,,,,,,https://shope.ee/9V1qC9JTG1,
https://shopeefood.vn/ha-noi/banh-my-chuc-an-doner-kebab-chuc-an,,,,,,https://shope.ee/9fLGOSIpv4,
https://shopeefood.vn/ha-noi/teen-s-food-banh-mi-doner-kebab-cac-mon-an-vat-17-vong-thi,,,,,,https://shope.ee/9pegalICa7,
https://shopeefood.vn/ha-noi/banh-mi-donekebap-doi-can,,,,,,https://shope.ee/60Ry1iWnMO,
https://shopeefood.vn/ha-noi/banh-mi-kebab-torki-dai-la,,,,,,https://shope.ee/6AlOE1WA1R,
https://shopeefood.vn/ha-noi/banh-mi-chy-doner-kebab-tra-cac-loai,,,,,,https://shope.ee/6L4oQKVWgU,
https://shopeefood.vn/ha-noi/tiem-banh-nam-hai-nguyen-an-ninh,,,,,,https://shope.ee/6VOEcdUtLX,
https://shopeefood.vn/ha-noi/banh-my-doner-kebab-thanh-quy-ngo-5-lang-ha,,,,,,https://shope.ee/5LCHEUZKiK,
https://shopeefood.vn/ha-noi/the-doner-mi-tron-indomie-banh-mi-doner-kebab,,,,,,https://shope.ee/5VVhQnYhNN,
https://shopeefood.vn/ha-noi/chu-luong-banh-my-doner-kebab-pizza-mi-tron-indomie,,,,,,https://shope.ee/5fp7d6Y42Q,
https://shopeefood.vn/ha-noi/banh-mi-doner-kebab-1995-cu-loc,,,,,,https://shope.ee/5q8XpPXQhT,
https://shopeefood.vn/ha-noi/banh-mi-thuc-an-banh-mi-xoi-doner-kebab,,,,,,https://shope.ee/7KxLcARiem,
https://shopeefood.vn/ha-noi/minh-minh-tau-banh-mi-doner-kebab,,,,,,https://shope.ee/7VGloTR5Jp,
https://shopeefood.vn/ha-noi/banh-mi-doner-kebab-ly-quoc-banh-mi-tam-giac-bach-mai,,,,,,https://shope.ee/7faC0mQRys,
https://shopeefood.vn/ha-noi/thai-binh-banh-mi-doner-kebab,,,,,,https://shope.ee/7ptcD5Podv,
https://shopeefood.vn/ha-noi/chau-an-food-banh-mi-doner-kebab-thanh-lan,,,,,,https://shope.ee/6fheowUG0i,
https://shopeefood.vn/ha-noi/banh-my-donner-kebab-trang-an-22-ham-tu-quan,,,,,,https://shope.ee/6q151FTcfl,
https://shopeefood.vn/ha-noi/doner-kebab-bong-banh-mi-hoang-the-thien.51ljwh,,,,,,https://shope.ee/70KVDYSzKo,
https://shopeefood.vn/ha-noi/ha-anh-banh-mi-doner-kebab,,,,,,https://shope.ee/7AdvPrSLzr,
https://shopeefood.vn/da-nang/shushi-kebab-banh-mi-tho-nhi-ky-trung-nhi,,,,,,https://shope.ee/3LRCqogwm8,
https://shopeefood.vn/da-nang/the-last-corner,,,,,,https://shope.ee/3Vkd37gJRB,
https://shopeefood.vn/da-nang/family1-kebab-burger-banh-mi-le-van-hien,,,,,,https://shope.ee/3g43FQfg6E,
https://shopeefood.vn/da-nang/banh-mi-kebab-nova-nguyen-xuan-nhi,,,,,,https://shope.ee/3qNTRjf2lH,
https://shopeefood.vn/da-nang/lo-banh-mi-quoc-toan-kebab-banh-mi-muoi-ot-banh-mi-thit-nuong,,,,,,https://shope.ee/2gBW3ajU84,
https://shopeefood.vn/da-nang/doner-kebab-banh-mi-kebab-kem-nuop-ep,,,,,,https://shope.ee/2qUwFtiqn7,
https://shopeefood.vn/da-nang/morning-kebab-banh-mi-thit-nuong-250-do-ba,,,,,,https://shope.ee/30oMSCiDSA,
https://shopeefood.vn/da-nang/banh-mi-kebab-nova-tieu-la,,,,,,https://shope.ee/3B7meVha7D,
https://shopeefood.vn/da-nang/kebab-nova-banh-my-thit-nuong-to-hieu,,,,,,https://shope.ee/4fwaRGbs4W,
https://shopeefood.vn/da-nang/banh-mi-kebab-sunrise,,,,,,https://shope.ee/4qG0dZbEjZ,
https://shopeefood.vn/da-nang/banh-my-kebab-nova-to-hien-thanh,,,,,,https://shope.ee/5Asr2BZy3f,
https://shopeefood.vn/da-nang/banh-mi-kebab-nova-tran-binh-trong,,,,,,https://shope.ee/40gte2ePQS,
https://shopeefood.vn/da-nang/banh-mi-kim-phat-doner-kebab-ca-phe-299-nguyen-hien-le.zrujr4,,,,,,https://shope.ee/4B0JqLdm5V,
https://shopeefood.vn/da-nang/gieng-cafe-banh-mi-kebab,,,,,,https://shope.ee/4LJk2ed8kY,
https://shopeefood.vn/da-nang/my-quang-banh-mi-kebab-tuan-anh,,,,,,https://shope.ee/4VdAExcVPb,
https://shopeefood.vn/da-nang/torki-food-banh-my-kebab-tran-cao-van,,,,,,https://shope.ee/gQRfur6Bs,
https://shopeefood.vn/da-nang/shushi-kebab-banh-mi-tho-nhi-ky-xo-viet-nghe-tinh,,,,,,https://shope.ee/qjrsDqSqv,
https://shopeefood.vn/da-nang/banh-mi-kebab-a-min-3-nguyen-huy-tuong,,,,,,https://shope.ee/113I4WppVy,
https://shopeefood.vn/da-nang/thy-thy-banh-mi-kebab-thuc-uong-phan-thanh,,,,,,https://shope.ee/1BMiGppCB1,
https://shopeefood.vn/da-nang/kim-anh-food-banh-my-kebab-coffee-nuoc-ep,,,,,,https://shope.ee/1AksgtdXo,
https://shopeefood.vn/da-nang/banh-mi-kebab-3p,,,,,,https://shope.ee/BUB4zt0Cr,
https://shopeefood.vn/da-nang/family1-kebab-burger-banh-mi-le-hong-phong,,,,,,https://shope.ee/LnbHIsMru,
https://shopeefood.vn/da-nang/banh-mi-xoi-kebab-ba-noi,,,,,,https://shope.ee/W71TbrjWx,
https://shopeefood.vn/da-nang/banh-mi-thit-nuong-doner-kebab,,,,,,https://shope.ee/20vpGMm1UG,
https://shopeefood.vn/ha-noi/gia-bao-banh-cuon-nong-my-ga-tan-ga-tan-thuoc-bac-thai-thinh,,,,,,https://shope.ee/2BFFSflO9J,
https://shopeefood.vn/ha-noi/hoan-huong-banh-cuon-nong-ga-tan,,,,,,https://shope.ee/2LYfeykkoM,
https://shopeefood.vn/ha-noi/nem-nuong-nha-trang-banh-cuon-my-ga-tan-103-chinh-kinh,,,,,,https://shope.ee/2Vs5rHk7TP,
https://shopeefood.vn/ha-noi/thinh-phuong-banh-cuon-nong-bun-cha-ga-ac-tan,,,,,,https://shope.ee/1Lg8T8oYqC,
https://shopeefood.vn/ha-noi/koen-banh-trang-sot-dac-biet-le-duc-tho.cklkqe,,,,,,https://shope.ee/1VzYfRnvVF,
https://shopeefood.vn/ha-noi/banh-cuon-nong-bun-cha-ga-tan-xuan-phuong,,,,,,https://shope.ee/1gIyrknIAI,
https://shopeefood.vn/ha-noi/man-thuy-ga-tan-banh-cuon-nong,,,,,,https://shope.ee/1qcP43mepL,
https://shopeefood.vn/ha-noi/chi-phuong-banh-cuon-nong-bun-cha-ga-tan,,,,,,https://shope.ee/9AOznXKjwm,
https://shopeefood.vn/ha-noi/banh-cuon-ga-tan-yen-xinh,,,,,,https://shope.ee/905ZbELNHl,
https://shopeefood.vn/ha-noi/banh-cuon-ga-ac-tan-dang-tien-dong,,,,,,https://shope.ee/8pm9OvM0ck,
https://shopeefood.vn/ha-noi/ga-tan-banh-cuon-nong-bun-cha-17-van-phuc,,,,,,https://shope.ee/8fSjCcMdxj,
https://shopeefood.vn/ha-noi/quan-banh-cuon-nong-mi-ga-tan-minh-khai,,,,,,https://shope.ee/8V9J0JNHIi,
https://shopeefood.vn/ha-noi/banh-cuon-nong-ga-ac-tan-nguyen-an-ninh,,,,,,https://shope.ee/8Kpso0Nudh,
https://shopeefood.vn/ha-noi/banh-cuon-ga-tan-nguyen-khang,,,,,,https://shope.ee/8AWSbhOXyg,
https://shopeefood.vn/ha-noi/banh-cuon-ga-tan-com-rang-pham-ngoc-thach,,,,,,https://shope.ee/80D2POPBJf,
https://shopeefood.vn/ha-noi/banh-cuon-bong-lua-gao-trang-tay,,,,,,https://shope.ee/AUuNNzFfFA,
https://shopeefood.vn/ha-noi/be-meo-vien-chien-sot-banh-trang-cuon-mi,,,,,,https://shope.ee/AKaxBgGIa9,
https://shopeefood.vn/ha-noi/ga-tan-banh-cuon-le-duan,,,,,,https://shope.ee/AAHWzNGvv8,
https://shopeefood.vn/ha-noi/banh-cuon-nong-ga-tan-bach-khoa,,,,,,https://shope.ee/9zy6n4HZG7,
https://shopeefood.vn/ha-noi/banh-nha-bap-banh-trang-tron-banh-trang-cuon-banh-crep-sau-rieng-banh-bo-thot-not-gia-lam,,,,,,https://shope.ee/9pegalICb6,
https://shopeefood.vn/ha-noi/ga-tan-banh-cuon-nong-bun-cha-cau-am,,,,,,https://shope.ee/9fLGOSIpw5,
https://shopeefood.vn/ha-noi/banh-cuon-bun-cha-ga-tan-vu-gia,,,,,,https://shope.ee/9V1qC9JTH4,
https://shopeefood.vn/ha-noi/te-te-chicken-ga-ran-ga-u-muoi-com-cuon,,,,,,https://shope.ee/9KiPzqK6c3,
https://shopeefood.vn/ha-noi/banh-cuon-ga-tan-bun-cha-18-kieu-mai,,,,,,https://shope.ee/6VOEcdUtMW,
https://shopeefood.vn/ha-noi/banh-cuon-nong-ga-tan-huy-vu,,,,,,https://shope.ee/6L4oQKVWhV,
https://shopeefood.vn/ha-noi/banh-cuon-nong-ga-tan-tran-binh,,,,,,https://shope.ee/6AlOE1WA2U,
https://shopeefood.vn/ha-noi/ga-tan-banh-cuon-nong-76-dai-tu,,,,,,https://shope.ee/60Ry1iWnNT,
https://shopeefood.vn/ha-noi/ga-tan-banh-cuon-nong-dong-tuoi,,,,,,https://shope.ee/5q8XpPXQiS,
https://shopeefood.vn/ha-noi/banh-cuon-nong-ga-tan-mi-ga-tan-ha-my,,,,,,https://shope.ee/5fp7d6Y43R,
https://shopeefood.vn/ha-noi/banh-cuon-nong-ga-tan-trung-vit-lon-240-phuc-tan,,,,,,https://shope.ee/5VVhQnYhOQ,
https://shopeefood.vn/ha-noi/banh-cuon-bun-cha-ga-tan-khuong-trung,,,,,,https://shope.ee/5LCHEUZKjP,
https://shopeefood.vn/ha-noi/banh-trang-cuon-tron-ngo-trai-gang,,,,,,https://shope.ee/7ptcD5Poeu,
https://shopeefood.vn/ha-noi/ga-tan-banh-cuon-nong-nguyen-chau-108a1-thanh-cong,,,,,,https://shope.ee/7faC0mQRzt,
https://shopeefood.vn/ha-noi/ga-tan-banh-cuon-nong-bun-cha-thuy-linh,,,,,,https://shope.ee/7VGloTR5Ks,
https://shopeefood.vn/ha-noi/banh-trang-cuon-thit-heo-com-ga-xoi-mo-kdt-thanh-ha,,,,,,https://shope.ee/7KxLcARifr,
https://shopeefood.vn/ha-noi/quan-chi-thuy-banh-cuon-bun-cha-ga-tan-cau-giay,,,,,,https://shope.ee/7AdvPrSM0q,
https://shopeefood.vn/ha-noi/bui-xuyen-banh-cuon-nong-ga-tan,,,,,,https://shope.ee/70KVDYSzLp,
https://shopeefood.vn/ha-noi/banh-cuon-nong-ga-tan-gia-truyen-ly-huyen-tu-nam-1999-76-nguyen-khanh-toan,,,,,,https://shope.ee/6q151FTcgo,
https://shopeefood.vn/ha-noi/mim-roll-cake-banh-cuon-bong-lan-ngoc-khanh,,,,,,https://shope.ee/6fheowUG1n,
https://shopeefood.vn/ha-noi/ga-tan-banh-cuon-nong-bach-khoa,,,,,,https://shope.ee/3qNTRjf2mG,
https://shopeefood.vn/ha-noi/he-na-quan-banh-cuon-bun-cha-ga-tan-ngo-nui-truc,,,,,,https://shope.ee/3g43FQfg7F,
https://shopeefood.vn/ha-noi/bep-nha-map-bun-cha-banh-trang-cuon-do-an-vat-thuy-khue.z7vrxp,,,,,,https://shope.ee/3Vkd37gJSE,
https://shopeefood.vn/ha-noi/banh-cuon-nong-ga-tan-32-lac-trung,,,,,,https://shope.ee/3LRCqogwnD,
https://shopeefood.vn/ha-noi/anh-khai-banh-cuon-bun-cha-ga-tan,,,,,,https://shope.ee/3B7meVha8C,
https://shopeefood.vn/ha-noi/banh-cuon-nong-bun-cha-ga-tan-co-nhue-2.j7vumr,,,,,,https://shope.ee/30oMSCiDTB,
https://shopeefood.vn/ha-noi/ngoc-han-banh-cuon-bun-cha-my-ga-tan,,,,,,https://shope.ee/2qUwFtiqoA,
https://shopeefood.vn/ha-noi/thanh-thuy-banh-cuon-nong-xoi-ga-tan,,,,,,https://shope.ee/2gBW3ajU99,
https://shopeefood.vn/ha-noi/banh-cuon-nong-bun-cha-ga-tan-48-ngo-58-tran-binh,,,,,,https://shope.ee/5Asr2BZy4e,
https://shopeefood.vn/ha-noi/manh-cuong-gamuda-lau-bo-pho-bo-banh-trang-cuon-thit-heo-duong-2-5-kdt-gamuda-gardens,,,,,,https://shope.ee/50ZQpsabPd,
https://shopeefood.vn/ha-noi/banh-cuon-nong-bun-cha-ga-tan-mai-dich,,,,,,https://shope.ee/4qG0dZbEkc,
https://shopeefood.vn/ha-noi/banh-cuon-nong-bun-cha-ga-tan-bao-chi-le-duc-tho,,,,,,https://shope.ee/4fwaRGbs5b,
https://shopeefood.vn/ha-noi/banh-cuon-nong-my-ga-tan-co-thom-le-quang-dao,,,,,,https://shope.ee/4VdAExcVQa,
https://shopeefood.vn/ha-noi/banh-cuon-nong-my-ga-tan-bun-cha-dai-mo,,,,,,https://shope.ee/4LJk2ed8lZ,
https://shopeefood.vn/ha-noi/banh-cuon-nong-ga-tan-120a6-tran-huy-lieu,,,,,,https://shope.ee/4B0JqLdm6Y,
https://shopeefood.vn/ha-noi/banh-cuon-nong-bun-cha-ga-tan-nguyen-van-giap,,,,,,https://shope.ee/40gte2ePRX,
https://shopeefood.vn/ha-noi/banh-cuon-nong-bun-cha-ga-tan-9-duong-quang-ham.nbtjdr,,,,,,https://shope.ee/1BMiGppCC0,
https://shopeefood.vn/ha-noi/banh-cuon-nong-gia-truyen-ga-tan-tu-mo,,,,,,https://shope.ee/113I4WppWz,
https://shopeefood.vn/ha-noi/ha-tran-quan-banh-trang-cuon-thit-heo-chan-ga-sa-ot,,,,,,https://shope.ee/qjrsDqSry,
https://shopeefood.vn/ha-noi/ga-tan-banh-cuon-nong-bun-cha-nghia-tan,,,,,,https://shope.ee/gQRfur6Cx,
https://shopeefood.vn/ha-noi/banh-my-muoi-ot-banh-trang-cuon-do-an-vat-cac-loai-trieu-khuc,,,,,,https://shope.ee/W71TbrjXw,
https://shopeefood.vn/ha-noi/quan-ga-ac-tan-banh-cuon-nong-bun-cha-khuong-ha,,,,,,https://shope.ee/LnbHIsMsv,
https://shopeefood.vn/ha-noi/bui-nam-banh-cuon-nong-bun-cha-ga-tan-110-ngo-32-pho-do-duc-duc,,,,,,https://shope.ee/BUB4zt0Du,
https://shopeefood.vn/ha-noi/tram-quang-banh-cuon-nong-bun-cha-mi-ga-tan-to-hieu,,,,,,https://shope.ee/1AksgtdYt,
https://shopeefood.vn/ha-noi/banh-cuon-gao-gio-xuan,,,,,,https://shope.ee/2Vs5rHk7UO,
https://shopeefood.vn/ha-noi/banh-trang-min-nuong-cuon-tron-416-nguyen-khoai,,,,,,https://shope.ee/2LYfeykkpN,
https://shopeefood.vn/ha-noi/hoa-bit-ga-tan-banh-cuon-nong-tay-son,,,,,,https://shope.ee/2BFFSflOAM,
https://shopeefood.vn/ha-noi/banh-trang-nhom-nhem-nhem-banh-trang-tron-banh-trang-cuon-banh-trang-phoi-suong-dinh-cong-thuong,,,,,,https://shope.ee/20vpGMm1VL,
https://shopeefood.vn/ha-noi/quan-loi-banh-cuon-bun-cha-ga-tan,,,,,,https://shope.ee/1qcP43meqK,
https://shopeefood.vn/ha-noi/banh-cuon-cao-bang-khu-biet-thu-vinhome-gadenia,,,,,,https://shope.ee/1gIyrknIBJ,
https://shopeefood.vn/ha-noi/banh-cuon-nong-ga-tan-bun-cha,,,,,,https://shope.ee/1VzYfRnvWI,
https://shopeefood.vn/ha-noi/banh-cuon-bun-cha-ga-tan-den-lu-2,,,,,,https://shope.ee/1Lg8T8oYrH,
https://shopeefood.vn/ha-noi/banh-cuon-bun-cha-ga-tan-12-dang-tien-dong,,,,,,https://shope.ee/905ZbELNIm,
https://shopeefood.vn/ha-noi/lau-khe-gau-bo-bun-banh-cuon-thang-nhay,,,,,,https://shope.ee/9AOznXKjxp,
https://shopeefood.vn/ha-noi/banh-cuon-nong-mi-ga-tan-gia-truyen,,,,,,https://shope.ee/8fSjCcMdyk,
https://shopeefood.vn/ha-noi/banh-cuon-bun-cha-ga-tan-hang-an-154-nguyen-viet-xuan.7yjjfq,,,,,,https://shope.ee/8pm9OvM0dn,
https://shopeefood.vn/ha-noi/ha-trang-banh-cuon-nong-bun-cha-my-ga-tan-giai-phong,,,,,,https://shope.ee/8Kpso0Nuei,
https://shopeefood.vn/ha-noi/nhu-y-banh-cuon-bun-cha-ga-ac-tan-33-ngo-50-me-tri-thuong,,,,,,https://shope.ee/8V9J0JNHJl,
https://shopeefood.vn/ha-noi/banh-cuon-ga-tan-chi-anh-381-doi-can,,,,,,https://shope.ee/80D2POPBKg,
https://shopeefood.vn/ha-noi/hoc-thom-banh-cuon-nong-bun-cha-ga-tan,,,,,,https://shope.ee/8AWSbhOXzj,
https://shopeefood.vn/ha-noi/banh-cuon-nong-gia-truyen-hoang-long-bun-cha-nuong-ga-ac-tan-ngoc-khanh,,,,,,https://shope.ee/AKaxBgGIbA,
https://shopeefood.vn/da-nang/banh-cuon-chao-cha-gan-coffee,,,,,,https://shope.ee/AUuNNzFfGD,
https://shopeefood.vn/da-nang/o-ly-banh-cuon-nong-gao-trang-gao-lut,,,,,,https://shope.ee/9zy6n4HZH8,
https://shopeefood.vn/da-nang/an-vat-ziizii-banh-trang-cuon-bo,,,,,,https://shope.ee/AAHWzNGvwB,
https://shopeefood.vn/da-nang/gao-house-thit-heo-ngam-mam-banh-trang-cuon-thit-heo,,,,,,https://shope.ee/9fLGOSIpx6,
https://shopeefood.vn/da-nang/com-tam-banh-trang-cuon-thit-heo-chao-ga-108-dung-si-thanh-khe,,,,,,https://shope.ee/9pegalICc9,
https://shopeefood.vn/da-nang/banh-trang-tron-banh-trang-cuon-cham-140-nguyen-duy-hieu,,,,,,https://shope.ee/9KiPzqK6d4,
https://shopeefood.vn/da-nang/banh-mi-mi-cay-com-cuon-143-do-doc-lan,,,,,,https://shope.ee/1AksgsoMv,
https://shopeefood.vn/da-nang/be-vy-quan-my-quang-ga-da-bun-mam-thit-heo-muoi-cuon-banh-trang,,,,,,https://shope.ee/W71TbquM2,
https://shopeefood.vn/da-nang/banh-cuon-tay-son-an-vat-chan-ga-ut-nau,,,,,,https://shope.ee/LnbHIrXh1,
https://shopeefood.vn/da-nang/banh-cuon-tay-son-binh-dinh-me-gao,,,,,,https://shope.ee/2BFFSfkYyO,
https://shopeefood.vn/da-nang/banh-cuon-nong-ba-gai,,,,,,https://shope.ee/20vpGMlCJN,
https://shopeefood.vn/da-nang/bape23-banh-cuon-gao-nuoc-xuong,,,,,,https://shope.ee/2Vs5rHjIIU,
https://shopeefood.vn/da-nang/cafe-thao-nguyen-banh-trang-cuon-banh-trang-tron-50-tan-phu-1.rwcgll,,,,,,https://shope.ee/2LYfeyjvdT,
https://shopeefood.vn/da-nang/banh-cuon-met-khanh-ga-u-thao-moc,,,,,,https://shope.ee/1VzYfRn6KK,
https://shopeefood.vn/da-nang/com-ga-banh-trang-cuon-thit-heo-quan-102,,,,,,https://shope.ee/1Lg8T8njfJ,
https://shopeefood.vn/da-nang/be-nho-quan-banh-trang-tron-banh-trang-cuon-bo,,,,,,https://shope.ee/1qcP43lpeQ,
https://shopeefood.vn/da-nang/banh-cuon-15k-phuoc-ga-ta-da-nang,,,,,,https://shope.ee/1gIyrkmSzP,
https://shopeefood.vn/ho-chi-minh/quan-banh-trang-tron-banh-trang-cuon-banh-trang-toi-co-ba,,,,,,https://shope.ee/3Vkd37fUGm,
https://shopeefood.vn/ho-chi-minh/chan-ga-xao-cay-chan-ga-tu-xuyen-banh-trang-cuon-thit-heo-an-vat-nha-ben-van-kiep,,,,,,https://shope.ee/3LRCqog7bl,
https://shopeefood.vn/ho-chi-minh/an-vat-co-9-ca-vien-chien-nuoc-mam-mi-xao-banh-trang-tron-cuon-cau-xay-2,,,,,,https://shope.ee/3qNTRjeDas,
https://shopeefood.vn/ho-chi-minh/banh-cuon-thit-nuong-banh-uot-long-ga-24-24-bay-hien,,,,,,https://shope.ee/3g43FQeqvr,
https://shopeefood.vn/ho-chi-minh/banh-uot-ga-xe-banh-cuon-cha-bo-de-nhat-bay-hien,,,,,,https://shope.ee/2qUwFti1ci,
https://shopeefood.vn/ho-chi-minh/banh-uot-ga-xe-banh-cuon-cha-bo-de-nhat-hoang-sa,,,,,,https://shope.ee/2gBW3aiexh,
https://shopeefood.vn/ho-chi-minh/banh-cuon-thit-nuong-banh-uot-long-ga-24-24-44-duong-bay-hien,,,,,,https://shope.ee/3B7meVgkwo,
https://shopeefood.vn/ho-chi-minh/anh-khoa-banh-trang-cuon-thoai-ngoc-hau.folipo,,,,,,https://shope.ee/30oMSChOHn,
https://shopeefood.vn/ho-chi-minh/banh-cuon-sau-rieng-kem-tuoi,,,,,,https://shope.ee/4qG0dZaPZA,
https://shopeefood.vn/ho-chi-minh/hai-chi-em-banh-cuon-com-ga,,,,,,https://shope.ee/4fwaRGb2u9,
https://shopeefood.vn/ho-chi-minh/rocket-fast-food-banh-cuon-burger-mi-y-truong-sa,,,,,,https://shope.ee/5Asr2BZ8tG,
https://shopeefood.vn/ho-chi-minh/ga-cuon-station,,,,,,https://shope.ee/50ZQpsZmEF,
https://shopeefood.vn/ho-chi-minh/oya-gyros-banh-mi-cuon,,,,,,https://shope.ee/4B0JqLcwv6,
https://shopeefood.vn/ho-chi-minh/banh-cuon-gao-lut-che-ngon,,,,,,https://shope.ee/40gte2daG5,
https://shopeefood.vn/ho-chi-minh/rocket-fast-food-banh-cuon-burger-mi-y,,,,,,https://shope.ee/4VdAExbgFC,
https://shopeefood.vn/ho-chi-minh/banh-cuon-hotdog-burger-tay-palo-pham-van-chieu,,,,,,https://shope.ee/4LJk2ecJaB,
https://shopeefood.vn/ho-chi-minh/rocket-fast-food-banh-cuon-hotdog-hamburger-nguyen-thuong-hien,,,,,,https://shope.ee/6AlOE1VKrY,
https://shopeefood.vn/ho-chi-minh/kebab-banh-mi-cuon-sieu-ngon-23-duong-d5,,,,,,https://shope.ee/60Ry1iVyCX,
https://shopeefood.vn/ho-chi-minh/dau-tay-healthy-banh-mi-nguyen-cam-com-gao-lut-goi-cuon,,,,,,https://shope.ee/6VOEcdU4Be,
https://shopeefood.vn/ho-chi-minh/wrap-it-banh-cuon-hoa-hue.tatc0t,,,,,,https://shope.ee/6L4oQKUhWd,
https://shopeefood.vn/ho-chi-minh/goc-an-vat-banh-trung-cut-nuong-banh-trang-cuon-cac-loai-do-chien-tran-van-giau,,,,,,https://shope.ee/5VVhQnXsDU,
https://shopeefood.vn/ho-chi-minh/banh-cuon-cha-lua-nhat-que-banh-uot-banh-day-gao-xay-coi-da-la-chuoi-goi-gio-135-hoang-dieu,,,,,,https://shope.ee/5LCHEUYVYT,
https://shopeefood.vn/ho-chi-minh/nau-quan-78-com-ga-xe-banh-cuon-xien-nuong-phu-yen,,,,,,https://shope.ee/5q8XpPWbXa,
https://shopeefood.vn/ho-chi-minh/h-h-food-crepe-banh-cuon-trung,,,,,,https://shope.ee/5fp7d6XEsZ,
https://shopeefood.vn/ho-chi-minh/bep-nha-hai-banh-trang-cuon-thit-heo-bun-mam-nem-banh-uot-ga-xe-huynh-van-nghe,,,,,,https://shope.ee/7VGloTQG9w,
https://shopeefood.vn/ho-chi-minh/banh-trang-cuon-an-vat-nha-gao-nguyen-cong-hoan,,,,,,https://shope.ee/7KxLcAQtUv,
https://shopeefood.vn/ho-chi-minh/sunny-banh-mi-banh-cuon-le-van-duyet,,,,,,https://shope.ee/7ptcD5OzU2,
https://shopeefood.vn/ho-chi-minh/banh-cuon-nong-banh-uot-long-ga-duy-linh,,,,,,https://shope.ee/7faC0mPcp1,
https://shopeefood.vn/ho-chi-minh/151-ha-noi-quan-pho-cuon-banh-tom-lau-ga-la-e,,,,,,https://shope.ee/6q151FSnVs,
https://shopeefood.vn/ho-chi-minh/xu-quang-mi-ga-mi-quang-phu-chiem-banh-trang-cuon-thit-heo,,,,,,https://shope.ee/6fheowTQqr,
https://shopeefood.vn/ho-chi-minh/leafy-eatery-salad-mi-nui-banh-cuon-shop-online,,,,,,https://shope.ee/7AdvPrRWpy,
https://shopeefood.vn/ho-chi-minh/bo-cuon-bo-mo-chai-cuon-sa-cuon-banh-trang-ly-chinh-thang,,,,,,https://shope.ee/70KVDYSAAx,
https://shopeefood.vn/ho-chi-minh/sunrises-kebab-banh-tam-giac-banh-cuon-tho-nhi-ky,,,,,,https://shope.ee/8pm9OvLBSK,
https://shopeefood.vn/ho-chi-minh/mo-banh-pita-cuon,,,,,,https://shope.ee/8fSjCcLonJ,
https://shopeefood.vn/ho-chi-minh/banh-cuon-ha-cao-hong-gam-20-nguyen-du,,,,,,https://shope.ee/9AOznXJumQ,
https://shopeefood.vn/ho-chi-minh/banh-phong-cuon-xoi-276-276-118-thong-nhat,,,,,,https://shope.ee/905ZbEKY7P,
https://shopeefood.vn/ho-chi-minh/an-vat-ong-hoang-banh-mi-kebab-banh-cuon,,,,,,https://shope.ee/8AWSbhNioG,
https://shopeefood.vn/ho-chi-minh/banh-trang-tron-cuon-chan-ga-chien-gion-hem-33-go-dau,,,,,,https://shope.ee/80D2POOM9F,
https://shopeefood.vn/ho-chi-minh/quan-mon-an-nhanh-banh-trang-cuon-ga-ran-40-hiep-binh,,,,,,https://shope.ee/8V9J0JMS8M,
https://shopeefood.vn/ho-chi-minh/sunny-banh-mi-banh-cuon-su-van-hanh,,,,,,https://shope.ee/8Kpso0N5TL,
https://shopeefood.vn/ho-chi-minh/phu-yen-xua-com-ga-xe-banh-cuon-bun-mam,,,,,,https://shope.ee/AAHWzNG6ki,
https://shopeefood.vn/ho-chi-minh/an-vat-co-dao-banh-trang-cuon-trung-long-dao-chan-ga-sot-thai,,,,,,https://shope.ee/9zy6n4Gk5h,
https://shopeefood.vn/ho-chi-minh/tiem-banh-uot-long-ga-thit-ga-xe-banh-cuon-nong-trang-may-le-van-tho,,,,,,https://shope.ee/AUuNNzEq4o,
https://shopeefood.vn/ho-chi-minh/hang-my-food-banh-trang-tron-banh-trang-cuon-long-dao,,,,,,https://shope.ee/AKaxBgFTPn,
https://shopeefood.vn/ho-chi-minh/banh-trang-nhi-banh-trang-cuon-banh-trang-tron,,,,,,https://shope.ee/9V1qC9Ie6e,
https://shopeefood.vn/ho-chi-minh/yummy-khoai-lang-lac-banh-trang-tron-va-cuon,,,,,,https://shope.ee/9KiPzqJHRd,
https://shopeefood.vn/ho-chi-minh/banh-mi-kebab-com-cuon-rong-bien-crispy-le-van-quoi,,,,,,https://shope.ee/9pegalHNQk,
https://shopeefood.vn/ho-chi-minh/tiem-cua-bong-banh-trang-tron-top-mo-banh-trang-cuon-tra-mang-cau-duong-so-4,,,,,,https://shope.ee/9fLGOSI0lj,
https://shopeefood.vn/ho-chi-minh/banh-trang-phoi-suong-cuon-tron-nha-thi-231-nguyen-binh,,,,,,https://shope.ee/gQRfuqH20,
https://shopeefood.vn/ho-chi-minh/an-vat-nha-gao-banh-trang-tron-cuon-trung-long-dao-nam-lan,,,,,,https://shope.ee/qjrsDpdh3,
https://shopeefood.vn/ho-chi-minh/banh-duc-nong-com-cuon-lazy-home-tan-son-nhi,,,,,,https://shope.ee/113I4Wp0M6,
https://shopeefood.vn/ho-chi-minh/co-thanh-banh-cuon-gao-lut-ca-phe,,,,,,https://shope.ee/1BMiGpoN19,
https://shopeefood.vn/ho-chi-minh/teokbing-bep-nguoi-han-mala-mi-te-com-cuon-va-banh-gao-cay,,,,,,https://shope.ee/1AksgsoNw,
https://shopeefood.vn/ho-chi-minh/banh-cuon-nong-banh-uot-long-ga-bui-huu-nghia,,,,,,https://shope.ee/BUB4zsB2z,
https://shopeefood.vn/ho-chi-minh/co-lai-banh-cuon-nong-long-ga,,,,,,https://shope.ee/LnbHIrXi2,
https://shopeefood.vn/ho-chi-minh/ghien-an-vat-chan-ga-banh-trang-cuon-trai-cay-cat-san,,,,,,https://shope.ee/W71TbquN5,
https://shopeefood.vn/ho-chi-minh/banh-cuon-fat-uncle-le-van-thinh,,,,,,https://shope.ee/20vpGMlCKO,
https://shopeefood.vn/ho-chi-minh/tiem-chan-ga-nup-hem-banh-trang-tron-banh-trang-cuon,,,,,,https://shope.ee/2BFFSfkYzR,
https://shopeefood.vn/ho-chi-minh/quan-a-chay-banh-uot-banh-cuon-bun-gao-xao-to-hieu.dqwomz,,,,,,https://shope.ee/2LYfeyjveU,
https://shopeefood.vn/ho-chi-minh/tiem-banh-trang-9x-tron-cuon-cham,,,,,,https://shope.ee/2Vs5rHjIJX,
https://shopeefood.vn/ho-chi-minh/banh-trang-tron-cuon-long-dao-truong-gia,,,,,,https://shope.ee/1Lg8T8njgK,
https://shopeefood.vn/ho-chi-minh/be-gao-banh-trang-tron-banh-trang-cuon-tra-tac-tinh-lo-10,,,,,,https://shope.ee/1VzYfRn6LN,
https://shopeefood.vn/ho-chi-minh/co-hue-banh-trang-nuong-cuon-tron-78-nguyen-phuc-nguyen,,,,,,https://shope.ee/1gIyrkmT0Q,
https://shopeefood.vn/ho-chi-minh/goi-cuon-chan-ga-sot-thai-banh-trang-lui-co-thien-dinh-bo-linh,,,,,,https://shope.ee/1qcP43lpfT,
https://shopeefood.vn/ho-chi-minh/lunchy-mi-ga-com-ga-com-cuon-dong-nai,,,,,,https://shope.ee/3LRCqog7cm,
https://shopeefood.vn/ho-chi-minh/bep-me-bon-chan-ga-sot-thai-banh-trang-cuon-duong-thi-muoi,,,,,,https://shope.ee/3Vkd37fUHp,
https://shopeefood.vn/ho-chi-minh/banh-moon-bong-lan-cuon-trung-muoi-pho-mai-banh-que-dang-van-ngu,,,,,,https://shope.ee/3g43FQeqws,
https://shopeefood.vn/ho-chi-minh/banh-cuon-gao-canh-vien,,,,,,https://shope.ee/3qNTRjeDbv,
https://shopeefood.vn/ho-chi-minh/banh-trang-nana-cham-cuon-tron,,,,,,https://shope.ee/2gBW3aieyi,
https://shopeefood.vn/ho-chi-minh/banh-my-sunrises-kebab-banh-tam-giac-va-banh-cuon-12a-tan-hoa-dong.vq6ae4,,,,,,https://shope.ee/2qUwFti1dl,
https://shopeefood.vn/ho-chi-minh/an-vat-quan-banh-trang-cuon-banh-trang-tron-trai-cay,,,,,,https://shope.ee/30oMSChOIo,
https://shopeefood.vn/ho-chi-minh/benzi-food-banh-trang-cuon-my-ga-pho-mai-duong-so-4,,,,,,https://shope.ee/3B7meVgkxr,
https://shopeefood.vn/ho-chi-minh/banh-mi-que-com-cuon-ca-phe-go-dua,,,,,,https://shope.ee/4fwaRGb2vA,
https://shopeefood.vn/ho-chi-minh/an-vat-hien-hoa-chan-ga-sot-thai-banh-trang-cuon-kdc-binh-hung,,,,,,https://shope.ee/4qG0dZaPaD,
https://shopeefood.vn/ho-chi-minh/banh-cuon-nong-com-ga-xoi-mo-gia-bao,,,,,,https://shope.ee/50ZQpsZmFG,
https://shopeefood.vn/ho-chi-minh/dac-san-trang-bang-at-banh-canh-banh-trang-phoi-suong-cuon-rau-rung-nguyen-trung-nguyet,,,,,,https://shope.ee/5Asr2BZ8uJ,
https://shopeefood.vn/ho-chi-minh/tiem-hai-chi-em-banh-cuon-nong-tom-thit-chan-ga-sot-thai-tra-trai-cay,,,,,,https://shope.ee/40gte2daH6,
https://shopeefood.vn/ho-chi-minh/unnie-kitchen-com-cuon-ga-ran-sot-han-cay-keo,,,,,,https://shope.ee/4B0JqLcww9,
https://shopeefood.vn/ho-chi-minh/chill-an-vat-banh-trang-cuon-huy-can,,,,,,https://shope.ee/4LJk2ecJbC,
https://shopeefood.vn/ho-chi-minh/co-gai-77-banh-cuon-binh-dinh-duong-79,,,,,,https://shope.ee/4VdAExbgGF,
https://shopeefood.vn/ho-chi-minh/banh-trang-cuon-thit-puaa-puaa-shop-online,,,,,,https://shope.ee/60Ry1iVyDY,
https://shopeefood.vn/ho-chi-minh/banh-cuon-banh-uot-nong-a-gau,,,,,,https://shope.ee/6AlOE1VKsb,
https://shopeefood.vn/ho-chi-minh/hien-phan-rang-com-ga-banh-canh-cha-cuon,,,,,,https://shope.ee/6L4oQKUhXe,
https://shopeefood.vn/ho-chi-minh/an-vat-nha-mi-goi-cuon-chan-ga-sot-thai-banh-trang-tron-top-mo-long-dao,,,,,,https://shope.ee/6VOEcdU4Ch,
https://shopeefood.vn/ho-chi-minh/banh-cuon-gao-an-banh-cuon-an-vat-67-truong-son,,,,,,https://shope.ee/5LCHEUYVZU,
https://shopeefood.vn/ho-chi-minh/banh-trang-tron-banh-trang-cuon-tra-sua-vesta-foodie,,,,,,https://shope.ee/5VVhQnXsEX,
https://shopeefood.vn/ho-chi-minh/mio-bakery-banh-mi-mio-banh-cuon,,,,,,https://shope.ee/5fp7d6XEta,
https://shopeefood.vn/ho-chi-minh/banh-trang-tron-banh-trang-cuon-an-vat-nha-gao,,,,,,https://shope.ee/5q8XpPWbYd,
https://shopeefood.vn/ho-chi-minh/bun-dau-cream-bun-dau-mam-tom-chan-ga-sot-thai-com-cuon-rong-bien-ha-huy-giap.xngdnb,,,,,,https://shope.ee/7KxLcAQtVw,
https://shopeefood.vn/ho-chi-minh/banh-trang-su-su-hot-ga-nuong-banh-trang-cuon,,,,,,https://shope.ee/1AksgswtZ,
https://shopeefood.vn/ho-chi-minh/phu-yen-quan-lau-ga-la-e-banh-cuon-nem-nuong-vo-van-hat,,,,,,https://shope.ee/W71Tbr2sg,
https://shopeefood.vn/ho-chi-minh/co-chieu-banh-canh-bot-gao-cha-ca-banh-cuon-binh-dinh,,,,,,https://shope.ee/LnbHIrgDf,
https://shopeefood.vn/ho-chi-minh/gao-food-banh-xeo-mien-tay-goi-cuon,,,,,,https://shope.ee/4qG0dZaY5Y,
https://shopeefood.vn/ho-chi-minh/com-ga-cuon-nam-co-yen,,,,,,https://shope.ee/4fwaRGbBQX,
https://shopeefood.vn/ha-noi/puku-cafe-sports-bar-food-and-drink-tong-duy-tan.deul8y,,,,,,https://shope.ee/5Asr2BZHPe,
https://shopeefood.vn/ha-noi/mama-doner-banh-mi-tho-nhi-ky-hang-giay,,,,,,https://shope.ee/50ZQpsZukd,
https://shopeefood.vn/ha-noi/banh-tacos-chip-do-uong-duong-van-be,,,,,,https://shope.ee/4B0JqLd5RU,
https://shopeefood.vn/ha-noi/mama-doner-banh-mi-tho-nhi-ky-6e1-ta-quang-buu.vohdvd,,,,,,https://shope.ee/40gte2dimT,
https://shopeefood.vn/ha-noi/taco-non-la-nhat-chieu,,,,,,https://shope.ee/4VdAExbola,
https://shopeefood.vn/ha-noi/bup-burger-van-quan,,,,,,https://shope.ee/4LJk2ecS6Z,
https://shopeefood.vn/ha-noi/taco-non-la-ngoc-khanh,,,,,,https://shope.ee/3Vkd37fcnQ,
https://shopeefood.vn/ha-noi/bup-burger-vu-pham-ham,,,,,,https://shope.ee/3LRCqogG8P,
https://shopeefood.vn/ha-noi/bup-burger-huong-vien,,,,,,https://shope.ee/3qNTRjeM7W,
https://shopeefood.vn/ha-noi/mexican-flavor-food-shop-online,,,,,,https://shope.ee/3g43FQezSV,
https://shopeefood.vn/ha-noi/bup-burger-ho-tung-mau,,,,,,https://shope.ee/2qUwFtiA9M,
https://shopeefood.vn/ha-noi/papa-doner-linh-dam,,,,,,https://shope.ee/2gBW3ainUL,
https://shopeefood.vn/ha-noi/mr-taco-pizza-spaghetti-tacos-burrito-ngon,,,,,,https://shope.ee/3B7meVgtTS,
https://shopeefood.vn/ha-noi/eatgo-42f-ly-thuong-kiet,,,,,,https://shope.ee/30oMSChWoR,
https://shopeefood.vn/ha-noi/the-tacos-pizza-my-spaghetti-taco-burrito-ngon,,,,,,https://shope.ee/7VGloTQOgK,
https://shopeefood.vn/ha-noi/maxi-burger-pizza-spaghetti-burger-tuoi-ngon,,,,,,https://shope.ee/7KxLcAR21J,
https://shopeefood.vn/ha-noi/gemfarm-real-fast-food-shop-online,,,,,,https://shope.ee/7ptcD5P80Q,
https://shopeefood.vn/ha-noi/taco-zone-taco-burrito-pizza-ngon-1-van-mieu,,,,,,https://shope.ee/7faC0mPlLP,
https://shopeefood.vn/ha-noi/rico-mexican-house,,,,,,https://shope.ee/6q151FSw2G,
https://shopeefood.vn/ha-noi/taco-mexico-pizza-my-y-spaghetti-burger-burrito-mexico-tuoi-ngon,,,,,,https://shope.ee/6fheowTZNF,
https://shopeefood.vn/ha-noi/bamitaco-banh-mi-sach-tran-khat-chan,,,,,,https://shope.ee/7AdvPrRfMM,
https://shopeefood.vn/ha-noi/taco-zone-pizza-spaghetti-burger-tuoi-ngon,,,,,,https://shope.ee/70KVDYSIhL,
https://shopeefood.vn/ha-noi/pizza-fresh-pizza-spaghetti-burger-tuoi-ngon,,,,,,https://shope.ee/6AlOE1VTOC,
https://shopeefood.vn/ha-noi/tiki-cafe-35a-cau-giay,,,,,,https://shope.ee/60Ry1iW6jB,
https://shopeefood.vn/ha-noi/samba-mexico-food-tacos-nghia-dung,,,,,,https://shope.ee/6VOEcdUCiI,
https://shopeefood.vn/ha-noi/the-stage-resto-bar-am-thuc-quoc-te,,,,,,https://shope.ee/6L4oQKUq3H,
https://shopeefood.vn/ha-noi/mr-buritto-am-thuc-mexico-van-mieu,,,,,,https://shope.ee/5VVhQnY0k8,
https://shopeefood.vn/ha-noi/taco-zone-pizza-my-spaghetti-burger-mexico,,,,,,https://shope.ee/5LCHEUYe57,
https://shopeefood.vn/ha-noi/taco-home-pizza-my-spaghetti-burger-mexico,,,,,,https://shope.ee/5q8XpPWk4E,
https://shopeefood.vn/ha-noi/mr-taco-mon-ngon-mexico,,,,,,https://shope.ee/5fp7d6XNPD,
https://shopeefood.vn/ha-noi/joma-bakery-cafe-coffee-tea-juice-the-manor-my-dinh.mdgtc6,,,,,,https://shope.ee/AAHWzNGFH6,
https://shopeefood.vn/ha-noi/mama-doner-cua-hang-banh-mi-doner-96-luong-the-vinh.vioemj,,,,,,https://shope.ee/9zy6n4Gsc5,
https://shopeefood.vn/ha-noi/bep-tren-may-cloud-cook-nguyen-thai-hoc,,,,,,https://shope.ee/AUuNNzEybC,
https://shopeefood.vn/ha-noi/bep-tren-may-cloud-cook-van-mieu,,,,,,https://shope.ee/AKaxBgFbwB,
https://shopeefood.vn/ha-noi/bep-tren-may-cloud-cook-dai-co-viet,,,,,,https://shope.ee/9V1qC9Imd2,
https://shopeefood.vn/ha-noi/teddy-s-american-grill-house,,,,,,https://shope.ee/9KiPzqJPy1,
https://shopeefood.vn/ha-noi/bep-tren-may-cloud-cook-le-dai-hanh,,,,,,https://shope.ee/9pegalHVx8,
https://shopeefood.vn/ha-noi/pizza-italia-ngon-chuan-y,,,,,,https://shope.ee/9fLGOSI9I7,
https://shopeefood.vn/ha-noi/the-ginger-mexican-46-52-to-ngoc-van,,,,,,https://shope.ee/8pm9OvLJyy,
https://shopeefood.vn/ha-noi/habakuk-fine-coffee-bistro,,,,,,https://shope.ee/8fSjCcLxJx,
https://shopeefood.vn/ha-noi/sol-latino-restaurant-bar-linh-lang.3owpvu,,,,,,https://shope.ee/9AOznXK3J4,
https://shopeefood.vn/ha-noi/hanoi-taco-bar-tu-hoa,,,,,,https://shope.ee/905ZbEKge3,
https://shopeefood.vn/ha-noi/oh-poke-restaurant,,,,,,https://shope.ee/8AWSbhNrKu,
https://shopeefood.vn/ha-noi/bamitaco-banh-mi-sach-doi-can,,,,,,https://shope.ee/80D2POOUft,
https://shopeefood.vn/ha-noi/hanoi-taco-bar-xuan-dieu,,,,,,https://shope.ee/8V9J0JMaf0,
https://shopeefood.vn/ha-noi/street-tacos-mai-hac-de,,,,,,https://shope.ee/8Kpso0NDzz,
https://shopeefood.vn/ha-noi/anita-s-cantina-mexican-restaurant,,,,,,https://shope.ee/20vpGMlKqm,
https://shopeefood.vn/ha-noi/pizza-da-roman-the-original-italian-taste-ngoai-giao-doan,,,,,,https://shope.ee/2BFFSfkhVp,
https://shopeefood.vn/ha-noi/chay-express-do-chay-thuc-duong,,,,,,https://shope.ee/2LYfeyk4As,
https://shopeefood.vn/ha-noi/mechillin-burrito-burger-nachos-pho-duong-lam,,,,,,https://shope.ee/2Vs5rHjQpv,
https://shopeefood.vn/ha-noi/7siuuuuu-burrito-nguyen-cong-hoan.vlcjw6,,,,,,https://shope.ee/1Lg8T8nsCi,
https://shopeefood.vn/da-nang/burrito-nha-h-o-dien-bien-phu,,,,,,https://shope.ee/1VzYfRnErl,
https://shopeefood.vn/da-nang/burrito-uncle-quyt,,,,,,https://shope.ee/1gIyrkmbWo,
https://shopeefood.vn/da-nang/burrito-trai-cay-tuoi-a-tong-50-dao-duy-anh,,,,,,https://shope.ee/1qcP43lyBr,
https://shopeefood.vn/da-nang/casa-loco-da-nang,,,,,,https://shope.ee/gQRfuqPYe,
https://shopeefood.vn/da-nang/bob-s-taco-tran-quoc-toan,,,,,,https://shope.ee/qjrsDpmDh,
https://shopeefood.vn/da-nang/burritos-nha-h-o-tacos-burritos-hamburger,,,,,,https://shope.ee/113I4Wp8sk,
https://shopeefood.vn/da-nang/nu-arrows-coffee-food,,,,,,https://shope.ee/1BMiGpoVXn,
https://shopeefood.vn/da-nang/six-on-six-cafe,,,,,,https://shope.ee/1Aksgswua,
https://shopeefood.vn/da-nang/puna-coffee-breakfast,,,,,,https://shope.ee/BUB4zsJZd,
https://shopeefood.vn/da-nang/mr-chicken-rice-fast-food,,,,,,https://shope.ee/LnbHIrgEg,
https://shopeefood.vn/da-nang/viet-burrito-29-tran-quoc-toan,,,,,,https://shope.ee/W71Tbr2tj,
https://shopeefood.vn/da-nang/hannah-pub-restaurant,,,,,,https://shope.ee/4fwaRGbBRY,
https://shopeefood.vn/da-nang/roots-plant-based-cafe-do-an-thuan-chay-26-27-tran-bach-dang,,,,,,https://shope.ee/4qG0dZaY6b,
https://shopeefood.vn/da-nang/kurumi-healthy-vegan-desserts-food,,,,,,https://shope.ee/50ZQpsZule,
https://shopeefood.vn/da-nang/adobo-mexican-grill-mexican-food-an-thuong-2.7nqqav,,,,,,https://shope.ee/5Asr2BZHQh,
https://shopeefood.vn/da-nang/nha-hang-chay-madam-thao-55-an-thuong-29,,,,,,https://shope.ee/40gte2dinU,
https://shopeefood.vn/da-nang/tacos-danang-shop-online,,,,,,https://shope.ee/4B0JqLd5SX,
https://shopeefood.vn/ho-chi-minh/mun-express-dao-tong-nguyen,,,,,,https://shope.ee/4LJk2ecS7a,
https://shopeefood.vn/ho-chi-minh/ola-tacos-ung-van-khiem,,,,,,https://shope.ee/4VdAExbomd,
https://shopeefood.vn/ho-chi-minh/tartine-saigon-ba-huyen-thanh-quan,,,,,,https://shope.ee/3LRCqogG9Q,
https://shopeefood.vn/ho-chi-minh/wok-n-roll-am-thuc-trung-hoa-my,,,,,,https://shope.ee/3Vkd37fcoT,
https://shopeefood.vn/ho-chi-minh/eat-n-fun-mi-y-burger-tacos-huynh-van-banh,,,,,,https://shope.ee/3g43FQezTW,
https://shopeefood.vn/ho-chi-minh/taco-magico,,,,,,https://shope.ee/3qNTRjeM8Z,
https://shopeefood.vn/ho-chi-minh/kebab-chicken-wraps-nguyen-dinh-chieu,,,,,,https://shope.ee/2gBW3ainVM,
https://shopeefood.vn/ho-chi-minh/the-burrito-chung-cu-nguyen-thien-thuat,,,,,,https://shope.ee/2qUwFtiAAP,
https://shopeefood.vn/ho-chi-minh/karma-mexican-food-xuan-thuy,,,,,,https://shope.ee/30oMSChWpS,
https://shopeefood.vn/ho-chi-minh/avenue-saigon-tran-ngoc-dien,,,,,,https://shope.ee/3B7meVgtUV,
https://shopeefood.vn/ho-chi-minh/saigon-burrito-bar-am-thuc-mexico-le-van-sy.kn2fzz,,,,,,https://shope.ee/7KxLcAR22K,
https://shopeefood.vn/ho-chi-minh/plv-chicken-ga-ran-luy-ban-bich,,,,,,https://shope.ee/7VGloTQOhN,
https://shopeefood.vn/ho-chi-minh/nam-nam-burritos-tacos,,,,,,https://shope.ee/7faC0mPlMQ,
https://shopeefood.vn/ho-chi-minh/tiem-buto-burrito-tacos-phap-vo-van-ngan,,,,,,https://shope.ee/7ptcD5P81T,
https://shopeefood.vn/ho-chi-minh/tbros-burrito-banh-mi-mexico-nguyen-van-bao,,,,,,https://shope.ee/6fheowTZOG,
https://shopeefood.vn/ho-chi-minh/eddie-s-new-york-deli-diner-pham-thai-buong,,,,,,https://shope.ee/6q151FSw3J,
https://shopeefood.vn/ho-chi-minh/lufina-la-kitchen-cafe-hung-vuong,,,,,,https://shope.ee/70KVDYSIiM,
https://shopeefood.vn/ho-chi-minh/tacos-chieu,,,,,,https://shope.ee/7AdvPrRfNP,
https://shopeefood.vn/ho-chi-minh/eddie-s-new-york-deli-diner-thao-dien,,,,,,https://shope.ee/60Ry1iW6kC,
https://shopeefood.vn/ho-chi-minh/lufina-la-kitchen-cafe-nguyen-thi-minh-khai,,,,,,https://shope.ee/6AlOE1VTPF,
https://shopeefood.vn/ho-chi-minh/ong-burger-burger-kebab-ga-ran-duong-51-an-phu,,,,,,https://shope.ee/6L4oQKUq4I,
https://shopeefood.vn/ho-chi-minh/oak-smokehouse-nguyen-cu-trinh,,,,,,https://shope.ee/6VOEcdUCjL,
https://shopeefood.vn/ho-chi-minh/plv-chicken-ga-ran-au-co,,,,,,https://shope.ee/5LCHEUYe68,
https://shopeefood.vn/ho-chi-minh/bulldog-bites-banh-mi-burrito-dang-van-ngu,,,,,,https://shope.ee/5VVhQnY0lB,
https://shopeefood.vn/ho-chi-minh/quan-an-vat-co-hoa-tacos-burrito-mi-ga-ran,,,,,,https://shope.ee/5fp7d6XNQE,
https://shopeefood.vn/ho-chi-minh/taco-bich-homemade-mexican-food,,,,,,https://shope.ee/5q8XpPWk5H,
https://shopeefood.vn/ho-chi-minh/soko-cake-bake-brunch-bake-house-xuan-thuy,,,,,,https://shope.ee/9zy6n4Gsd6,
https://shopeefood.vn/ho-chi-minh/soko-cake-bake-brunch-nha-hang-au-ho-tung-mau,,,,,,https://shope.ee/4fwaRGbjY8,
https://shopeefood.vn/ho-chi-minh/smokestack-sandwiches-and-burgers,,,,,,https://shope.ee/4qG0dZb6DB,
https://shopeefood.vn/ho-chi-minh/tacoleo-am-thuc-mexico-do-quang-dau,,,,,,https://shope.ee/50ZQpsaSsE,
https://shopeefood.vn/ho-chi-minh/soko-cake-bake-brunch-nha-hang-au-pasteur,,,,,,https://shope.ee/5Asr2BZpXH,
https://shopeefood.vn/ho-chi-minh/soko-cake-bake-brunch-nha-hang-au-nguyen-trung-truc,,,,,,https://shope.ee/40gte2eGu4,
https://shopeefood.vn/ho-chi-minh/tacoleo-mexican-food-beer-tran-hung-dao,,,,,,https://shope.ee/4B0JqLddZ7,
https://shopeefood.vn/ho-chi-minh/plv-chicken-ga-ran-le-van-duyet,,,,,,https://shope.ee/4LJk2ed0EA,
https://shopeefood.vn/ho-chi-minh/indian-bbq-hut-mon-quoc-te-vinhomes-grand-park.fl4icr,,,,,,https://shope.ee/4VdAExcMtD,
https://shopeefood.vn/ho-chi-minh/plv-chicken-ga-ran-picity-high-park,,,,,,https://shope.ee/3LRCqogoG0,
https://shopeefood.vn/ho-chi-minh/yum-by-california-mai-van-vinh,,,,,,https://shope.ee/3Vkd37gAv3,
https://shopeefood.vn/ho-chi-minh/lufina-la-kitchen-thao-dien,,,,,,https://shope.ee/3g43FQfXa6,
https://shopeefood.vn/ho-chi-minh/freshfoodvn-thuc-an-thuc-uong-tot-cho-suc-khoe,,,,,,https://shope.ee/3qNTRjeuF9,
https://shopeefood.vn/ho-chi-minh/la-fiesta-mexican-restaurant,,,,,,https://shope.ee/2gBW3ajLbw,
https://shopeefood.vn/ho-chi-minh/burger-viet-ho-ba-phan,,,,,,https://shope.ee/2qUwFtiiGz,
https://shopeefood.vn/ho-chi-minh/eat-cleandy-chung-cu-duc-khai,,,,,,https://shope.ee/30oMSCi4w2,
https://shopeefood.vn/ho-chi-minh/troika-cafe-vo-van-kiet,,,,,,https://shope.ee/3B7meVhRb5,
https://shopeefood.vn/ho-chi-minh/la-fiesta-phu-my-hung-mexican-restaurant,,,,,,https://shope.ee/7ptcD5Pg80,
https://shopeefood.vn/ho-chi-minh/deli-food-banh-trang-cuon-tron-cham-le-duc-tho,,,,,,https://shope.ee/7faC0mQJSz,
https://shopeefood.vn/ho-chi-minh/tiem-buto-burrito-tacos-phap-duong-13,,,,,,https://shope.ee/7VGloTQwny,
https://shopeefood.vn/ho-chi-minh/detox-fruit-dns-qat-burrito-tacos-do-an-eatclean,,,,,,https://shope.ee/7KxLcARa8x,
https://shopeefood.vn/ho-chi-minh/eddie-s-new-york-deli-diner-pasteur,,,,,,https://shope.ee/7AdvPrSDTw,
https://shopeefood.vn/ho-chi-minh/breakroom-salad-rice-more,,,,,,https://shope.ee/70KVDYSqov,
https://shopeefood.vn/ho-chi-minh/rico-taco-mexican-restaurant,,,,,,https://shope.ee/6q151FTU9u,
https://shopeefood.vn/ho-chi-minh/gringo-tacos-y-cantina-homemade-mexican-restaurant,,,,,,https://shope.ee/6fheowU7Ut,
https://shopeefood.vn/ho-chi-minh/burrito-burrito,,,,,,https://shope.ee/6VOEcdUkps,
https://shopeefood.vn/ho-chi-minh/tippy-s-mexican-food-99-duong-so-45,,,,,,https://shope.ee/6L4oQKVOAr,
https://shopeefood.vn/ho-chi-minh/lufina-la-kitchen-cafe-dien-bien-phu,,,,,,https://shope.ee/6AlOE1W1Vq,
https://shopeefood.vn/ho-chi-minh/en-s-kitchen-vo-duy-ninh,,,,,,https://shope.ee/60Ry1iWeqp,
https://shopeefood.vn/ho-chi-minh/banh-tacos-mr-dee-pham-viet-chanh,,,,,,https://shope.ee/5q8XpPXIBo,
https://shopeefood.vn/ho-chi-minh/taco-place-do-quang-dau,,,,,,https://shope.ee/5fp7d6XvWn,
https://shopeefood.vn/ho-chi-minh/joma-bakery-cafe-le-van-mien,,,,,,https://shope.ee/5VVhQnYYrm,
https://shopeefood.vn/ho-chi-minh/be-besto-mi-y-burrito-tra-dinh-nghi-xuan,,,,,,https://shope.ee/5LCHEUZCCl,
https://shopeefood.vn/ho-chi-minh/taco-del-sol-ly-tu-trong,,,,,,https://shope.ee/AUuNNzFWim,
https://shopeefood.vn/ho-chi-minh/mi-y-spanoo-take-away,,,,,,https://shope.ee/AKaxBgGA3l,
https://shopeefood.vn/ho-chi-minh/banh-bao-healthy-an-vat-trinh-violet-le-van-thinh,,,,,,https://shope.ee/AAHWzNGnOk,
https://shopeefood.vn/ho-chi-minh/tartine-saigon-pmh-my-khang-q7,,,,,,https://shope.ee/9zy6n4HQjj,
https://shopeefood.vn/ho-chi-minh/mien-xao-pho-tron-baba-bo-diep-minh-chau,,,,,,https://shope.ee/9pegalI44i,
https://shopeefood.vn/ho-chi-minh/feuro-international-food-duong-so-47,,,,,,https://shope.ee/9fLGOSIhPh,
https://shopeefood.vn/ho-chi-minh/chido-mexican-am-thuc-mexico-tran-ngoc-dien,,,,,,https://shope.ee/9V1qC9JKkg,
https://shopeefood.vn/ho-chi-minh/umami-bam-sushi-dam-xot,,,,,,https://shope.ee/9KiPzqJy5f,
https://shopeefood.vn/ho-chi-minh/delicioso-taco,,,,,,https://shope.ee/9AOznXKbQe,
https://shopeefood.vn/ho-chi-minh/kamalas-vegan-restaurant-lounge,,,,,,https://shope.ee/905ZbELEld,
https://shopeefood.vn/ho-chi-minh/blu-bar-grill-riverside-luxury,,,,,,https://shope.ee/8pm9OvLs6c,
https://shopeefood.vn/ho-chi-minh/tra-sua-tuibao-100a-go-dau,,,,,,https://shope.ee/8fSjCcMVRb,
https://shopeefood.vn/ho-chi-minh/the-pit-smoker-thit-xong-khoi-texas,,,,,,https://shope.ee/8V9J0JN8ma,
https://shopeefood.vn/ho-chi-minh/ben-style-food-healthy-food-co-bac.q7jxxm,,,,,,https://shope.ee/8Kpso0Nm7Z,
https://shopeefood.vn/ho-chi-minh/mia-coffee-burrito,,,,,,https://shope.ee/8AWSbhOPSY,
https://shopeefood.vn/ho-chi-minh/be-ten-pasta-my-y-hamburger-an-vat-duong-ba-trac,,,,,,https://shope.ee/80D2POP2nX,
https://shopeefood.vn/ho-chi-minh/tartine-saigon-lumiere-an-phu,,,,,,https://shope.ee/2Vs5rHjyxU,
https://shopeefood.vn/ho-chi-minh/tartine-saigon-thao-dien,,,,,,https://shope.ee/2LYfeykcIT,
https://shopeefood.vn/ho-chi-minh/t-a-kitchen-and-bar-healthy-food-brunch-xuan-thuy,,,,,,https://shope.ee/2BFFSflFdS,
https://shopeefood.vn/ho-chi-minh/tiem-banh-ngon-t-bros,,,,,,https://shope.ee/20vpGMlsyR,
https://shopeefood.vn/ho-chi-minh/la-table-de-saigon-am-thuc-a-au-chay,,,,,,https://shope.ee/1qcP43mWJQ,
https://shopeefood.vn/ho-chi-minh/xanh-vegan-vegetarian-do-an-thuan-chay,,,,,,https://shope.ee/1gIyrkn9eP,
https://shopeefood.vn/ho-chi-minh/g-superfoods-healthy-food-chung-cu-ha-do,,,,,,https://shope.ee/1VzYfRnmzO,
https://shopeefood.vn/ho-chi-minh/nha-hang-huong-viet-am-thuc-viet,,,,,,https://shope.ee/1Lg8T8oQKN,
https://shopeefood.vn/ho-chi-minh/the-snap-cafe-ca-phe-nha-hang-32-tran-ngoc-dien,,,,,,https://shope.ee/1BMiGpp3fM,
https://shopeefood.vn/ho-chi-minh/tbros-burrito-banh-mi-mexico,,,,,,https://shope.ee/113I4Wph0L,
https://shopeefood.vn/ho-chi-minh/what-eat-burrito-banh-mi-mi-y-nguyen-dinh-chieu,,,,,,https://shope.ee/qjrsDqKLK,
https://shopeefood.vn/ho-chi-minh/banh-mi-bo-beo-bo-com,,,,,,https://shope.ee/gQRfuqxgJ,
https://shopeefood.vn/ha-noi/banh-tacos-phap-tacos-huki-219-nguyen-ngoc-vu.hhlnm8,,,,,,https://shope.ee/W71Tbrb1I,
https://shopeefood.vn/ha-noi/banh-tacos-phap-tacos-huki-1044-duong-lang.o0cocv,,,,,,https://shope.ee/LnbHIsEMH,
https://shopeefood.vn/ha-noi/banh-tacos-phap-tacos-huki-83-cau-dien.tbtysk,,,,,,https://shope.ee/BUB4zsrhG,
https://shopeefood.vn/ha-noi/tacos-hello-cs1,,,,,,https://shope.ee/1AksgtV2F,
https://shopeefood.vn/ha-noi/banmex-banh-mi-tacos-189-hoang-hoa-tham,,,,,,https://shope.ee/5Asr2BZpYG,
https://shopeefood.vn/ha-noi/tacos-phap-frais-thanh-cong,,,,,,https://shope.ee/50ZQpsaStF,
https://shopeefood.vn/ha-noi/tacos-phap-frais-hong-mai,,,,,,https://shope.ee/4qG0dZb6EE,
https://shopeefood.vn/ha-noi/hola-tacos-trieu-khuc,,,,,,https://shope.ee/4fwaRGbjZD,
https://shopeefood.vn/ha-noi/laco-tacos-nguyen-xa,,,,,,https://shope.ee/4VdAExcMuC,
https://shopeefood.vn/ha-noi/hey-pelo-original-french-tacos-32-xuan-dieu,,,,,,https://shope.ee/4LJk2ed0FB,
https://shopeefood.vn/ha-noi/hola-tacos-ao-sen,,,,,,https://shope.ee/4B0JqLddaA,
https://shopeefood.vn/ha-noi/s86-express-taco-burger-pizza-khoai-tay-va-nuoc-trai-cay,,,,,,https://shope.ee/40gte2eGv9,
https://shopeefood.vn/ha-noi/laco-tacos-75-le-van-hien,,,,,,https://shope.ee/3qNTRjeuG8,
https://shopeefood.vn/ha-noi/laco-tacos-93-phu-dien,,,,,,https://shope.ee/3g43FQfXb7,
https://shopeefood.vn/ha-noi/hola-tacos-xuan-la,,,,,,https://shope.ee/3Vkd37gAw6,
https://shopeefood.vn/ha-noi/leo-tacos-xuan-dinh,,,,,,https://shope.ee/3LRCqogoH5,
https://shopeefood.vn/ha-noi/hola-tacos-hoang-van-thai,,,,,,https://shope.ee/3B7meVhRc4,
https://shopeefood.vn/ha-noi/laco-tacos-phu-thuong,,,,,,https://shope.ee/30oMSCi4x3,
https://shopeefood.vn/ha-noi/hola-tacos-my-dinh,,,,,,https://shope.ee/2qUwFtiiI2,
https://shopeefood.vn/ha-noi/hola-tacos-ho-dac-di,,,,,,https://shope.ee/2gBW3ajLd1,
https://shopeefood.vn/ha-noi/tacos-ocean-h3-masteri-oceanpark-1,,,,,,https://shope.ee/7faC0mQJU0,
https://shopeefood.vn/ha-noi/hola-tacos-nguyen-hong,,,,,,https://shope.ee/7ptcD5Pg93,
https://shopeefood.vn/ha-noi/abeille-tacos-banh-tacos-phap-125-nam-dong,,,,,,https://shope.ee/7KxLcARa9y,
https://shopeefood.vn/ha-noi/hola-tacos-luong-the-vinh,,,,,,https://shope.ee/7VGloTQwp1,
https://shopeefood.vn/ha-noi/c-tacos-an-khanh-banh-tacos-ga-ran-khoai-tay-chien-duong-72,,,,,,https://shope.ee/70KVDYSqpw,
https://shopeefood.vn/ha-noi/hola-tacos-38-xuan-la,,,,,,https://shope.ee/7AdvPrSDUz,
https://shopeefood.vn/ha-noi/tacoga-le-trong-tan,,,,,,https://shope.ee/6fheowU7Vu,
https://shopeefood.vn/ha-noi/laco-tacos-phan-van-truong,,,,,,https://shope.ee/6q151FTUAx,
https://shopeefood.vn/ha-noi/tacos-phap-thuy-moc-yen-hoa,,,,,,https://shope.ee/6L4oQKVOBs,
https://shopeefood.vn/ha-noi/hola-tacos-chua-lang,,,,,,https://shope.ee/6VOEcdUkqv,
https://shopeefood.vn/ha-noi/hey-pelo-original-french-tacos-phan-ke-binh,,,,,,https://shope.ee/60Ry1iWerq,
https://shopeefood.vn/ha-noi/tacos-phap-frais-nguyen-xien,,,,,,https://shope.ee/6AlOE1W1Wt,
https://shopeefood.vn/ha-noi/a-kafe-shaurma-burger-coffee-105-an-duong,,,,,,https://shope.ee/5fp7d6XvXo,
https://shopeefood.vn/ha-noi/taco-loco-banh-tacos-ca-phe-matcha-494-pho-bach-mai.wlgh1k,,,,,,https://shope.ee/5q8XpPXICr,
https://shopeefood.vn/ha-noi/tiem-banh-nha-bong-banh-tacos-69-hoang-tang-bi,,,,,,https://shope.ee/5LCHEUZCDm,
https://shopeefood.vn/ha-noi/taetna-homemade-french-tacos-hamburgers-to-hieu,,,,,,https://shope.ee/5VVhQnYYsp,
https://shopeefood.vn/ha-noi/okitaco-com-taco-okinawa,,,,,,https://shope.ee/AKaxBgGA4m,
https://shopeefood.vn/ha-noi/abeille-tacos-banh-tacos-phap-11-tran-binh-mai-dich-cau-giay-ha-noi.qaa64z,,,,,,https://shope.ee/AUuNNzFWjp,
https://shopeefood.vn/ha-noi/taetna-homemade-french-tacos-hamburgers-tran-dien,,,,,,https://shope.ee/9zy6n4HQkk,
https://shopeefood.vn/ha-noi/taetna-homemade-french-tacos-hamburgers-dang-van-ngu,,,,,,https://shope.ee/AAHWzNGnPn,
https://shopeefood.vn/ha-noi/banh-tacos-phap-25k-sai-dong,,,,,,https://shope.ee/5LCHEUcDho,
https://shopeefood.vn/ha-noi/abeille-tacos-banh-tacos-phap-nguyen-trai,,,,,,https://shope.ee/5VVhQnbaMr,
https://shopeefood.vn/ha-noi/walkingtaco-hanoi-do-an-duong-pho.cxlfvo,,,,,,https://shope.ee/5fp7d6ax1u,
https://shopeefood.vn/ha-noi/minh-khoi-food-chan-ga-sot-thai-tre-tron-hue-tacos-phap-ngoc-lam,,,,,,https://shope.ee/5q8XpPaJgx,
https://shopeefood.vn/ha-noi/tacomo-com-taco-banh-tacos-vinhomes-smartcity,,,,,,https://shope.ee/60Ry1iZgM0,
https://shopeefood.vn/ha-noi/tacos-mam-banh-tacos-27-chua-lang,,,,,,https://shope.ee/6AlOE1Z313,
https://shopeefood.vn/ha-noi/khan-baba-indian-restaurant-coffee-shop-5-yen-thai,,,,,,https://shope.ee/6L4oQKYPg6,
https://shopeefood.vn/ha-noi/taetna-homemade-french-tacos-hamburgers-ao-sen,,,,,,https://shope.ee/6VOEcdXmL9,
https://shopeefood.vn/ha-noi/tacos-mam-banh-tacos-181-tran-dai-nghia,,,,,,https://shope.ee/6fheowX90C,
https://shopeefood.vn/ha-noi/sushi-maki-pop-25-lo-su,,,,,,https://shope.ee/6q151FWVfF,
https://shopeefood.vn/ha-noi/c-tacos-banh-tacos-ga-ran-khoai-tay-chien-152a-to-hieu,,,,,,https://shope.ee/70KVDYVsKI,
https://shopeefood.vn/ha-noi/angry-monkey-western-food-ma-may.qhqlje,,,,,,https://shope.ee/7AdvPrVEzL,
https://shopeefood.vn/ha-noi/mezzico-tea-and-coffee-tra-cafe-ham-long.jkuopt,,,,,,https://shope.ee/7KxLcAUbeO,
https://shopeefood.vn/ha-noi/banh-tacos-abubu-177-cau-dien,,,,,,https://shope.ee/7VGloTTyJR,
https://shopeefood.vn/ha-noi/quan-co-chung-xoi-banh-mi-tra-trai-cay-kham-thien,,,,,,https://shope.ee/7faC0mTKyU,
https://shopeefood.vn/ha-noi/d-art-bistro-vinhomes-skylake,,,,,,https://shope.ee/7ptcD5ShdX,
https://shopeefood.vn/ha-noi/cake-ca-ke,,,,,,https://shope.ee/80D2POS4Ia,
https://shopeefood.vn/ha-noi/avos-and-mango-dang-thai-mai,,,,,,https://shope.ee/8AWSbhRQxd,
https://shopeefood.vn/ha-noi/chickita-ga-nuong-lua-hong-lotte-westlake,,,,,,https://shope.ee/8Kpso0Qncg,
https://shopeefood.vn/ha-noi/brother-tuna-dinh-thon,,,,,,https://shope.ee/8V9J0JQAHj,
https://shopeefood.vn/da-nang/tiem-banh-mi-mexico-tacos-hamburger-va-an-vat-k113-hoang-van-thai,,,,,,https://shope.ee/8fSjCcPWwm,
https://shopeefood.vn/da-nang/tacos-danang-107-nguyen-chi-thanh,,,,,,https://shope.ee/8pm9OvOtbp,
https://shopeefood.vn/da-nang/taco-ngon-homemade-tortillas-fresh-sauces,,,,,,https://shope.ee/905ZbEOGGs,
https://shopeefood.vn/da-nang/taco-ngon-son-tra-night-market,,,,,,https://shope.ee/9AOznXNcvv,
https://shopeefood.vn/da-nang/tee-food-pizza-my-y,,,,,,https://shope.ee/9KiPzqMzay,
https://shopeefood.vn/da-nang/sweet-bowl-daily-salad-healthy-meals-binh-hoa-15.v5isbn,,,,,,https://shope.ee/9V1qC9MMG1,
https://shopeefood.vn/da-nang/tasty-new-york-restaurant-sushi-milktea,,,,,,https://shope.ee/9fLGOSLiv4,
https://shopeefood.vn/da-nang/let-s-taco-da-nang,,,,,,https://shope.ee/9pegalL5a7,
https://shopeefood.vn/da-nang/juice-salad-heylife-75-thai-phien,,,,,,https://shope.ee/9zy6n4KSFA,
https://shopeefood.vn/da-nang/mon-chay-khong-vegan-kitchen,,,,,,https://shope.ee/AAHWzNJouD,
https://shopeefood.vn/da-nang/onda-lounge,,,,,,https://shope.ee/AKaxBgJBZG,
https://shopeefood.vn/da-nang/che-thai-xoi-xoai-banh-thai-lamoon,,,,,,https://shope.ee/AUuNNzIYEJ,
https://shopeefood.vn/ho-chi-minh/tiem-banh-tieu-bao-tacos-quang-trung,,,,,,https://shope.ee/1AksgwWXI,
https://shopeefood.vn/ho-chi-minh/sushi-taco-le-thi-ha,,,,,,https://shope.ee/BUB4zvtCL,
https://shopeefood.vn/ho-chi-minh/sushi-taco-nguyen-tri-phuong,,,,,,https://shope.ee/LnbHIvFrO,
https://shopeefood.vn/ho-chi-minh/sushi-taco-dong-den,,,,,,https://shope.ee/W71TbucWR,
https://shopeefood.vn/ho-chi-minh/sushi-taco-su-van-hanh,,,,,,https://shope.ee/gQRfutzBU,
https://shopeefood.vn/ho-chi-minh/sushi-taco-phan-xich-long,,,,,,https://shope.ee/qjrsDtLqX,
https://shopeefood.vn/ho-chi-minh/sushi-taco-ung-van-khiem,,,,,,https://shope.ee/113I4WsiVa,
https://shopeefood.vn/ho-chi-minh/sushi-taco-phan-huy-ich,,,,,,https://shope.ee/1BMiGps5Ad,
https://shopeefood.vn/ho-chi-minh/sushi-taco-le-van-viet,,,,,,https://shope.ee/1Lg8T8rRpg,
https://shopeefood.vn/ho-chi-minh/sushi-taco-duong-ba-trac,,,,,,https://shope.ee/1VzYfRqoUj,
https://shopeefood.vn/ho-chi-minh/sushi-taco-tran-binh-trong,,,,,,https://shope.ee/1gIyrkqB9m,
https://shopeefood.vn/ho-chi-minh/sushi-taco-cach-mang-thang-8,,,,,,https://shope.ee/1qcP43pXop,
https://shopeefood.vn/ho-chi-minh/sushi-taco-mac-dinh-chi,,,,,,https://shope.ee/20vpGMouTs,
https://shopeefood.vn/ho-chi-minh/tacos-hamburger-24-7,,,,,,https://shope.ee/2BFFSfoH8v,
https://shopeefood.vn/ho-chi-minh/mexi-taco-taco-cua-me-dong-hung-thuan-06,,,,,,https://shope.ee/2LYfeyndny,
https://shopeefood.vn/ho-chi-minh/banh-tacos-hoang-gia-hao,,,,,,https://shope.ee/2Vs5rHn0T1,
https://shopeefood.vn/ho-chi-minh/banh-mi-kebab-tacos-ong-map-duong-so-1,,,,,,https://shope.ee/2gBW3amN84,
https://shopeefood.vn/ho-chi-minh/banh-tacos-mr-dee-au-duong-lan,,,,,,https://shope.ee/2qUwFtljn7,
https://shopeefood.vn/ho-chi-minh/hey-pelo-original-french-tacos-tran-khac-chan,,,,,,https://shope.ee/30oMSCl6SA,
https://shopeefood.vn/ho-chi-minh/tacos-suki-tacos-kebab-burger-man-thien,,,,,,https://shope.ee/3B7meVkT7D,
https://shopeefood.vn/ho-chi-minh/tiem-banh-tacos-kebab-hana-duong-so-6,,,,,,https://shope.ee/3LRCqojpmG,
https://shopeefood.vn/ho-chi-minh/banh-tacos-phap-newday-tran-dai-nghia,,,,,,https://shope.ee/3Vkd37jCRJ,
https://shopeefood.vn/ho-chi-minh/inch-ka,,,,,,https://shope.ee/3g43FQiZ6M,
https://shopeefood.vn/ho-chi-minh/ga-ran-special,,,,,,https://shope.ee/3qNTRjhvlP,
https://shopeefood.vn/ho-chi-minh/tacos-deli-tacos-chuan-vi-tran-nguyen-dan,,,,,,https://shope.ee/40gte2hIQS,
https://shopeefood.vn/ho-chi-minh/tooba-tacos-and-burger,,,,,,https://shope.ee/4B0JqLgf5V,
https://shopeefood.vn/ho-chi-minh/tacos-25-minh-phung,,,,,,https://shope.ee/4LJk2eg1kY,
https://shopeefood.vn/ho-chi-minh/cay-s-wings-potatoes,,,,,,https://shope.ee/4VdAExfOPb,
https://shopeefood.vn/ho-chi-minh/potatas-mon-an-duong-pho-chau-au-pham-ngu-lao,,,,,,https://shope.ee/4fwaRGel4e,
https://shopeefood.vn/ho-chi-minh/taco-cuon-ne-ny-duong-so-3,,,,,,https://shope.ee/4qG0dZe7jh,
https://shopeefood.vn/ho-chi-minh/taco-bistro,,,,,,https://shope.ee/50ZQpsdUOk,
https://shopeefood.vn/ho-chi-minh/hey-pelo-original-french-tacos-su-van-hanh,,,,,,https://shope.ee/5Asr2Bcr3n,
https://shopeefood.vn/ho-chi-minh/tiem-banh-le-tacos-saigon-duong-quang-ham,,,,,,https://shope.ee/5VVhQnbaNs,
https://shopeefood.vn/ho-chi-minh/tacos-deli-tacos-chuan-vi-luy-ban-bich,,,,,,https://shope.ee/5LCHEUcDir,
https://shopeefood.vn/ho-chi-minh/tacos-mi-mexican-food-than-van-nhiep,,,,,,https://shope.ee/5q8XpPaJhy,
https://shopeefood.vn/ho-chi-minh/tacos-toro-cong-quynh,,,,,,https://shope.ee/5fp7d6ax2x,
https://shopeefood.vn/ho-chi-minh/banh-tacos-nha-labubu-cn-phan-van-hon,,,,,,https://shope.ee/6AlOE1Z324,
https://shopeefood.vn/ho-chi-minh/sushi-taco-tran-ngoc-dien,,,,,,https://shope.ee/60Ry1iZgN3,
https://shopeefood.vn/ho-chi-minh/le-tacos-saigon-nguyen-quang-bich,,,,,,https://shope.ee/6VOEcdXmMA,
https://shopeefood.vn/ho-chi-minh/taco-loco-pham-ngu-lao,,,,,,https://shope.ee/6L4oQKYPh9,
https://shopeefood.vn/ho-chi-minh/tacos-toro-nha-be,,,,,,https://shope.ee/6q151FWVgG,
https://shopeefood.vn/ho-chi-minh/tacos-ty-teo-nguyen-thi-minh-khai,,,,,,https://shope.ee/6fheowX91F,
https://shopeefood.vn/ho-chi-minh/new-taco-shop-saigon,,,,,,https://shope.ee/7AdvPrVF0M,
https://shopeefood.vn/ho-chi-minh/ca-vien-chien-chu-tu-banh-tacos-62-phu-chau-tam-phu,,,,,,https://shope.ee/70KVDYVsLL,
https://shopeefood.vn/ho-chi-minh/sombrero-mexican-food,,,,,,https://shope.ee/7VGloTTyKS,
https://shopeefood.vn/ho-chi-minh/tacos-huynh-de-le-van-tho,,,,,,https://shope.ee/7KxLcAUbfR,
https://shopeefood.vn/ho-chi-minh/cobas-tacos-bui-van-ba,,,,,,https://shope.ee/7ptcD5SheY,
https://shopeefood.vn/ho-chi-minh/the-taco-stand-bui-vien,,,,,,https://shope.ee/7faC0mTKzX,
https://shopeefood.vn/ho-chi-minh/kat-tacos-sua-bo-tuoi-1223-phan-van-tri,,,,,,https://shope.ee/8AWSbhRQye,
https://shopeefood.vn/ho-chi-minh/gau-bo-tacos-an-vat-thanh-my,,,,,,https://shope.ee/80D2POS4Jd,
https://shopeefood.vn/ho-chi-minh/4b-food-kebab-tacos-235-bui-thi-xuan,,,,,,https://shope.ee/8V9J0JQAIk,
https://shopeefood.vn/ho-chi-minh/tiem-banh-mi-mexico-tacos-mi-y-an-vat,,,,,,https://shope.ee/8Kpso0Qndj,
https://shopeefood.vn/ho-chi-minh/banh-tacos-mr-dee-van-kiep,,,,,,https://shope.ee/8pm9OvOtcq,
https://shopeefood.vn/ho-chi-minh/tacos-2-go-luy-ban-bich,,,,,,https://shope.ee/8fSjCcPWxp,
https://shopeefood.vn/ho-chi-minh/bao-no-quan-phu-my,,,,,,https://shope.ee/9AOznXNcww,
https://shopeefood.vn/ho-chi-minh/da-am-thuc-mi-tron-tacos-ga-vit-nuong-com-lam,,,,,,https://shope.ee/905ZbEOGHv,
https://shopeefood.vn/ho-chi-minh/tacos-zone-le-duc-tho,,,,,,https://shope.ee/9V1qC9MMH2,
https://shopeefood.vn/ho-chi-minh/tacos-phap-quesadilla-supper-fried-ola-come,,,,,,https://shope.ee/9KiPzqMzc1,
https://shopeefood.vn/ho-chi-minh/banh-tacos-mr-dee-nguyen-minh-hoang,,,,,,https://shope.ee/9pegalL5b8,
https://shopeefood.vn/ho-chi-minh/monito-s-taqueria-mexican-street-tacos-do-quang-dau.x9qaia,,,,,,https://shope.ee/9fLGOSLiw7,
https://shopeefood.vn/ho-chi-minh/tacos-toro-3-2,,,,,,https://shope.ee/AAHWzNJovE,
https://shopeefood.vn/ho-chi-minh/hey-pelo-original-french-tacos-vo-oanh,,,,,,https://shope.ee/9zy6n4KSGD,
https://shopeefood.vn/ho-chi-minh/tacos-toro-chung-cu-nguyen-thien-thuat,,,,,,https://shope.ee/AUuNNzIYFK,
https://shopeefood.vn/ho-chi-minh/mami-s-tacos-gimbap-hoc-mon,,,,,,https://shope.ee/AKaxBgJBaJ,
https://shopeefood.vn/ho-chi-minh/tacos-toro-ba-huyen-thanh-quan,,,,,,https://shope.ee/BUB4zvtDM,
https://shopeefood.vn/ho-chi-minh/banh-tacos-nha-labubu-chi-nhanh-bay-hien,,,,,,https://shope.ee/1AksgwWYL,
https://shopeefood.vn/ho-chi-minh/tiem-banh-mi-mexico-2-tacos-hamburger-va-an-vat-nguyen-van-khoi,,,,,,https://shope.ee/W71TbucXS,
https://shopeefood.vn/ho-chi-minh/tiem-banh-tacos-doc-la-thu-duc,,,,,,https://shope.ee/LnbHIvFsR,
https://shopeefood.vn/ho-chi-minh/ca-vien-chien-banh-tacos-62-phu-chau,,,,,,https://shope.ee/qjrsDtyCH,
https://shopeefood.vn/ho-chi-minh/ola-tacos-tacos-hamburger-nguyen-do-cung,,,,,,https://shope.ee/113I4WtKrK,
https://shopeefood.vn/ho-chi-minh/tacos-ga-chien-labubu,,,,,,https://shope.ee/1BMiGpshWN,
https://shopeefood.vn/ho-chi-minh/snap-bite-burger-pasta-tacos,,,,,,https://shope.ee/1Aksgx8tA,
https://shopeefood.vn/ho-chi-minh/mamacita-saigon-tacos-quesadillas-taco-bowls,,,,,,https://shope.ee/BUB4zwVYD,
https://shopeefood.vn/ho-chi-minh/chay-tacos-tacos-an-vat-tran-thi-dieu,,,,,,https://shope.ee/LnbHIvsDG,
https://shopeefood.vn/ho-chi-minh/tacos-toro-lam-van-ben,,,,,,https://shope.ee/W71TbvEsJ,
https://shopeefood.vn/ho-chi-minh/tacos-nha-labubu-28-van-kiep,,,,,,https://shope.ee/20vpGMpWpc,
https://shopeefood.vn/ho-chi-minh/tiem-banh-24h-tacos-456-nguyen-van-qua,,,,,,https://shope.ee/2BFFSfotUf,
https://shopeefood.vn/ho-chi-minh/tacos-toro-tan-son-nhi,,,,,,https://shope.ee/2LYfeyoG9i,
https://shopeefood.vn/ho-chi-minh/mr-nam-tacos-pasta-drinks,,,,,,https://shope.ee/2Vs5rHncol,
https://shopeefood.vn/ha-noi/hey-bro-burger-pizza-spaghetti-base-3,,,,,,https://shope.ee/1Lg8T8s4BY,
https://shopeefood.vn/ha-noi/hey-bro-buger-pizza-spaghetti-fast-food,,,,,,https://shope.ee/1VzYfRrQqb,
https://shopeefood.vn/ha-noi/aussie-burger-tayho-pizza-fast-food,,,,,,https://shope.ee/1gIyrkqnVe,
https://shopeefood.vn/ha-noi/mama-burger-tu-lien,,,,,,https://shope.ee/1qcP43qAAh,
https://shopeefood.vn/ha-noi/nha-hang-alsultan-ha-noi-do-an-xuan-dieu.orfnaj,,,,,,https://shope.ee/3LRCqokS80,
https://shopeefood.vn/ha-noi/tranquil-books-coffee-tran-hung-dao,,,,,,https://shope.ee/3Vkd37jon3,
https://shopeefood.vn/ha-noi/tranquil-books-coffee-nguyen-bieu,,,,,,https://shope.ee/3g43FQjBS6,
https://shopeefood.vn/ha-noi/tranquil-books-coffee-cao-ba-quat,,,,,,https://shope.ee/3qNTRjiY79,
https://shopeefood.vn/ha-noi/tranquil-books-coffee-nguyen-quang-bich,,,,,,https://shope.ee/2gBW3amzTw,
https://shopeefood.vn/da-nang/pizza-tacos-hermanos,,,,,,https://shope.ee/2qUwFtmM8z,
https://shopeefood.vn/da-nang/flame-rooster-hoang-sa,,,,,,https://shope.ee/30oMSClio2,
https://shopeefood.vn/ho-chi-minh/flying-pig-bbq-saigon,,,,,,https://shope.ee/3B7meVl5T5,
https://shopeefood.vn/ho-chi-minh/hoa-tacos-mexicorean-fast-food,,,,,,https://shope.ee/4fwaRGfNQO,
https://shopeefood.vn/ho-chi-minh/byblos-crepe-and-juice-ly-tu-trong,,,,,,https://shope.ee/4qG0dZek5R,
https://shopeefood.vn/ho-chi-minh/craft-beer,,,,,,https://shope.ee/50ZQpse6kU,
https://shopeefood.vn/ho-chi-minh/district-bkk-mon-thai-fusion-ky-dong,,,,,,https://shope.ee/5Asr2BdTPX,
https://shopeefood.vn/ho-chi-minh/hoppy-chicken-spaghetti,,,,,,https://shope.ee/40gte2humK,
https://shopeefood.vn/ho-chi-minh/tiem-co-hang-xom-cafe-tra-do-an-vat-13c-4-ky-dong-phuong-9-quan-3-tp-ho-chi-minh.t3m19v,,,,,,https://shope.ee/4B0JqLhHRN,
https://shopeefood.vn/ho-chi-minh/malt-saigon-nha-hang-quan-bar-mac-thi-buoi,,,,,,https://shope.ee/4LJk2ege6Q,
https://shopeefood.vn/ho-chi-minh/downtown-steakhouse-nguyen-thi-minh-khai,,,,,,https://shope.ee/4VdAExg0lT,
https://shopeefood.vn/ho-chi-minh/downtown-steakhouse-nguyen-hue,,,,,,https://shope.ee/60Ry1iaIim,
https://shopeefood.vn/ho-chi-minh/downtown-steakhouse-hoa-mai,,,,,,https://shope.ee/6AlOE1ZfNp,
https://shopeefood.vn/ho-chi-minh/downtown-steakhouse-nguyen-tri-phuong,,,,,,https://shope.ee/6L4oQKZ22s,
https://shopeefood.vn/ho-chi-minh/chickita-ga-nuong-lua-hong-sky-garden,,,,,,https://shope.ee/6VOEcdYOhv,
https://shopeefood.vn/ho-chi-minh/the-green-box-le-van-mien,,,,,,https://shope.ee/5LCHEUcq4i,
https://shopeefood.vn/ho-chi-minh/green-box-healthy-salad-bowl,,,,,,https://shope.ee/5VVhQncCjl,
https://shopeefood.vn/ho-chi-minh/salad-stop-pham-thai-buong,,,,,,https://shope.ee/5fp7d6bZOo,
https://shopeefood.vn/ho-chi-minh/chickita-ga-nuong-lua-hong-crescent-mall,,,,,,https://shope.ee/5q8XpPaw3r,
https://shopeefood.vn/ho-chi-minh/kingscross-phu-my-hung,,,,,,https://shope.ee/7KxLcAVE1A,
https://shopeefood.vn/ho-chi-minh/chickita-ga-nuong-lua-hong-ho-tung-mau,,,,,,https://shope.ee/7VGloTUagD,
https://shopeefood.vn/ho-chi-minh/chicken-flavors-and-more-hung-gia-2,,,,,,https://shope.ee/7faC0mTxLG,
https://shopeefood.vn/ho-chi-minh/dani-cajun-hai-san-sot-cajun-le-van-thiem.shlcy3,,,,,,https://shope.ee/7ptcD5TK0J,
https://shopeefood.vn/ho-chi-minh/saladstop-vietnam,,,,,,https://shope.ee/6fheowXlN6,
https://shopeefood.vn/ho-chi-minh/chickita-ga-nuong-lua-hong-nguyen-van-huong,,,,,,https://shope.ee/6q151FX829,
https://shopeefood.vn/ha-noi/burger-haus-hotdog-fish-chips-pham-hong-thai,,,,,,https://shope.ee/70KVDYWUhC,
https://shopeefood.vn/ha-noi/brat-haus-vn-hotdog-pizza-pham-hong-thai,,,,,,https://shope.ee/7AdvPrVrMF,
https://shopeefood.vn/ha-noi/crust-pizzaria,,,,,,https://shope.ee/8fSjCcQ9JY,
https://shopeefood.vn/ha-noi/great-fish-n-chips-burger-tay-ho,,,,,,https://shope.ee/8pm9OvPVyb,
https://shopeefood.vn/ha-noi/burger-shop-online,,,,,,https://shope.ee/905ZbEOsde,
https://shopeefood.vn/ha-noi/burger-real-burger-hoan-kiem,,,,,,https://shope.ee/9AOznXOFIh,
https://shopeefood.vn/ha-noi/burger-vo-chi-cong-shop-online,,,,,,https://shope.ee/80D2POSgfU,
https://shopeefood.vn/ha-noi/brat-haus-vn-hotdogs-pizza,,,,,,https://shope.ee/8AWSbhS3KX,
https://shopeefood.vn/ha-noi/36a-tran-s-restaurant,,,,,,https://shope.ee/8Kpso0RPza,
https://shopeefood.vn/ha-noi/red-box-pizza-steak-and-bbq,,,,,,https://shope.ee/8V9J0JQmed,
https://shopeefood.vn/ha-noi/nha-hang-au-fabrik-tran-vu,,,,,,https://shope.ee/9zy6n4L4bw,
https://shopeefood.vn/ha-noi/burgeryyy-downtown-burger-pasta-fried-n-side,,,,,,https://shope.ee/AAHWzNKRGz,
https://shopeefood.vn/ha-noi/nha-hang-the-republic-quang-an,,,,,,https://shope.ee/AKaxBgJnw2,
https://shopeefood.vn/ha-noi/bubble-house-west-lake-drink-foods-quang-ba,,,,,,https://shope.ee/AUuNNzJAb5,
https://shopeefood.vn/ha-noi/colette-s-32-wine-bar-bistro,,,,,,https://shope.ee/9KiPzqNbxs,
https://shopeefood.vn/ha-noi/cousins-restaurant-am-thuc-au,,,,,,https://shope.ee/9V1qC9Mycv,
https://shopeefood.vn/ha-noi/burgeryyy-ba-dinh-burger-pasta-fried-n-side,,,,,,https://shope.ee/9fLGOSMLHy,
https://shopeefood.vn/da-nang/yamia-halal-bistro-indian-cusine-my-da-dong-8.rhphqr,,,,,,https://shope.ee/9pegalLhx1,
https://shopeefood.vn/da-nang/dau-s-kitchen-food-drink,,,,,,https://shope.ee/qjrsDtyDI,
https://shopeefood.vn/da-nang/mia-food-drink-breakfast-pizza-burger,,,,,,https://shope.ee/gQRfuubYH,
https://shopeefood.vn/da-nang/pizza-house-le-quang-dao,,,,,,https://shope.ee/1BMiGpshXO,
https://shopeefood.vn/da-nang/onion-s-pizza,,,,,,https://shope.ee/113I4WtKsN,
https://shopeefood.vn/da-nang/santori-food-drinks-tran-bach-dang,,,,,,https://shope.ee/BUB4zwVZE,
https://shopeefood.vn/da-nang/namunamu-coffee-bakery,,,,,,https://shope.ee/1Aksgx8uD,
https://shopeefood.vn/da-nang/poomba-s-smokehouse-restaurant,,,,,,https://shope.ee/W71TbvEtK,
https://shopeefood.vn/da-nang/7bridges-beer-club,,,,,,https://shope.ee/LnbHIvsEJ,
https://shopeefood.vn/da-nang/brunch-and-coffee-chillhub,,,,,,https://shope.ee/2BFFSfotVg,
https://shopeefood.vn/da-nang/cookshop-da-nang-bistro-bar,,,,,,https://shope.ee/20vpGMpWqf,
https://shopeefood.vn/da-nang/hb-sky-burger-an-thuong-32,,,,,,https://shope.ee/2Vs5rHncpm,
https://shopeefood.vn/ho-chi-minh/red-tomato,,,,,,https://shope.ee/2LYfeyoGAl,
https://shopeefood.vn/ho-chi-minh/chicken-hot-space-ga-ran-khong-lo-dai-loan-nguyen-thuong-hien,,,,,,https://shope.ee/1VzYfRrQrc,
https://shopeefood.vn/ho-chi-minh/halal-al-sham-saigon-vo-van-kiet,,,,,,https://shope.ee/1Lg8T8s4Cb,
https://shopeefood.vn/ho-chi-minh/el-baron-bistro-and-drinks-hung-phuoc-4,,,,,,https://shope.ee/1qcP43qABi,
https://shopeefood.vn/ho-chi-minh/lucas-diner-cali-banh-mi-burger,,,,,,https://shope.ee/1gIyrkqnWh,
https://shopeefood.vn/ho-chi-minh/indian-restaurant-agra-mahal-quan-7,,,,,,https://shope.ee/3Vkd37joo4,
https://shopeefood.vn/ho-chi-minh/paper-i-cafe-coffee-tea-nam-ky-khoi-nghia,,,,,,https://shope.ee/3LRCqokS93,
https://shopeefood.vn/ho-chi-minh/la-transat-258-nguyen-van-huong,,,,,,https://shope.ee/3qNTRjiY8A,
https://shopeefood.vn/ho-chi-minh/hem-pasta-pizza,,,,,,https://shope.ee/3g43FQjBT9,
https://shopeefood.vn/ho-chi-minh/nha-hang-the-tavern-phan-khiem-ich,,,,,,https://shope.ee/2qUwFtmMA0,
https://shopeefood.vn/ho-chi-minh/sai-gon-wings-bar-grill,,,,,,https://shope.ee/2gBW3amzUz,
https://shopeefood.vn/ho-chi-minh/coolabah-saigon-happy-valley,,,,,,https://shope.ee/3B7meVl5U6,
https://shopeefood.vn/ho-chi-minh/vigo-eatery-western-fusion-chinese-food,,,,,,https://shope.ee/30oMSClip5,
https://shopeefood.vn/ho-chi-minh/food-in-box-fast-food,,,,,,https://shope.ee/4qG0dZek6S,
https://shopeefood.vn/ho-chi-minh/let-s-drunk-fastfood-thao-dien,,,,,,https://shope.ee/4fwaRGfNRR,
https://shopeefood.vn/ho-chi-minh/chez-gilbert-saigon-nha-hang-17-tran-hung-dao,,,,,,https://shope.ee/5Asr2BdTQY,
https://shopeefood.vn/ho-chi-minh/vua-quan-wings-va-do-nham-nguyen-thi-minh-khai,,,,,,https://shope.ee/50ZQpse6lX,
https://shopeefood.vn/ho-chi-minh/cafe-zoom,,,,,,https://shope.ee/4B0JqLhHSO,
https://shopeefood.vn/ho-chi-minh/heart-of-darkness-nha-hang-bia,,,,,,https://shope.ee/40gte2hunN,
https://shopeefood.vn/ho-chi-minh/cocorico-coffee-bistro-83-le-quoc-hung,,,,,,https://shope.ee/4VdAExg0mU,
https://shopeefood.vn/ho-chi-minh/nha-hang-kanghouse-china-restaurant,,,,,,https://shope.ee/4LJk2ege7T,
https://shopeefood.vn/ho-chi-minh/shake-the-bun-burger-huynh-van-banh,,,,,,https://shope.ee/6AlOE1ZfOq,
https://shopeefood.vn/ho-chi-minh/the-hideout-food-drinks-com-burger,,,,,,https://shope.ee/60Ry1iaIjp,
https://shopeefood.vn/ho-chi-minh/xolo-community-bar-nguyen-ba-huan,,,,,,https://shope.ee/6VOEcdYOiw,
https://shopeefood.vn/ho-chi-minh/bistro-song-vie-nguyen-van-huong,,,,,,https://shope.ee/6L4oQKZ23v,
https://shopeefood.vn/ho-chi-minh/tuc-mach-steak-pasta-co-giang,,,,,,https://shope.ee/5VVhQncCkm,
https://shopeefood.vn/ho-chi-minh/godmother-le-loi,,,,,,https://shope.ee/4qG0dZeKVV,
https://shopeefood.vn/ho-chi-minh/pasha,,,,,,https://shope.ee/50ZQpsdhAY,
https://shopeefood.vn/ho-chi-minh/dtwo-am-thuc-tay-au,,,,,,https://shope.ee/5Asr2Bd3pb,
https://shopeefood.vn/ho-chi-minh/bready-banh-mi-tuoi-burger-dia-bay-nguyen-thi-minh-khai,,,,,,https://shope.ee/40gte2hVCO,
https://shopeefood.vn/ho-chi-minh/bready-banh-mi-tuoi-burger-dia-bay-duong-so-9a,,,,,,https://shope.ee/4B0JqLgrrR,
https://shopeefood.vn/ho-chi-minh/bready-banh-mi-tuoi-burger-dia-bay-tran-mai-ninh,,,,,,https://shope.ee/4LJk2egEWU,
https://shopeefood.vn/ho-chi-minh/bready-banh-mi-tuoi-burger-dia-bay-tran-quoc-toan,,,,,,https://shope.ee/4VdAExfbBX,
https://shopeefood.vn/ho-chi-minh/bready-banh-mi-tuoi-ba-huyen-thanh-quan,,,,,,https://shope.ee/3LRCqok2YK,
https://shopeefood.vn/ho-chi-minh/bready-banh-mi-tuoi-ky-dong,,,,,,https://shope.ee/3Vkd37jPDN,
https://shopeefood.vn/ha-noi/ga-den-tay-bac-ga-nuong-muoi-ot-le-trong-tan,,,,,,https://shope.ee/3g43FQilsQ,
https://shopeefood.vn/ha-noi/ga-ran-khoai-lac-doi-sun-nuong-shop-online,,,,,,https://shope.ee/3qNTRji8XT,
https://shopeefood.vn/ha-noi/thit-xien-nuong-ga-nuong-tay-bac-xoi-ngon-dinh-hoan,,,,,,https://shope.ee/2gBW3amZuG,
https://shopeefood.vn/ha-noi/thien-ke-quan-ga-met-ga-nuong-tay-bac-mieu-dam,,,,,,https://shope.ee/2qUwFtlwZJ,
https://shopeefood.vn/ha-noi/ga-nuong-muoi-ot-ga-nuong-tay-bac-hyhy,,,,,,https://shope.ee/30oMSClJEM,
https://shopeefood.vn/ha-noi/quan-nuong-hoang-de-ga-nuong-tay-bac-le-van-thiem.vokxrr,,,,,,https://shope.ee/3B7meVkftP,
https://shopeefood.vn/ha-noi/ga-met-ga-nuong-ong-tre-tay-bac,,,,,,https://shope.ee/20vpGMp7GC,
https://shopeefood.vn/ha-noi/thien-ke-quan-ga-met-ga-nuong-tay-bac-van-phuc,,,,,,https://shope.ee/2BFFSfoTvF,
https://shopeefood.vn/ha-noi/minh-quan-ga-ran-pizza-khoai-tay-chien,,,,,,https://shope.ee/2LYfeynqaI,
https://shopeefood.vn/ha-noi/hansari-canh-xuong-khoai-tay-xuong-nuong-tu-liem,,,,,,https://shope.ee/2Vs5rHnDFL,
https://shopeefood.vn/ha-noi/ga-quan-ga-ran-banh-ga-khoai-tay-chien-le-van-huu,,,,,,https://shope.ee/1Lg8T8rec8,
https://shopeefood.vn/ha-noi/thien-ke-quan-ga-met-ga-nuong-tay-bac-dai-mo,,,,,,https://shope.ee/1VzYfRr1HB,
https://shopeefood.vn/ha-noi/ga-ran-mr-nam-ga-ran-khoai-lac-tay-mo,,,,,,https://shope.ee/1gIyrkqNwE,
https://shopeefood.vn/ha-noi/quan-ga-nuong-mac-khen-tay-bac-bui-xuong-trach,,,,,,https://shope.ee/1qcP43pkbH,
https://shopeefood.vn/ha-noi/ca-nuong-tay-bac-ga-nuong-ngon-co-dieu,,,,,,https://shope.ee/gQRfuuBy4,
https://shopeefood.vn/ha-noi/ga-nuong-mat-ong-ca-nuong-tay-bac-ke-ve,,,,,,https://shope.ee/qjrsDtYd7,
https://shopeefood.vn/ha-noi/lan-huong-ca-nuong-tay-bac-ga-quay-lu-hoang-van-thai,,,,,,https://shope.ee/113I4WsvIA,
https://shopeefood.vn/ha-noi/chan-ga-canh-ga-nuong-tay-bac-truhoa-dac-san-chan-ga-nuong-va-canh-ga-nuong-so-8-ngach-41-27-ngo-41-duong-lai-xa.gukixa,,,,,,https://shope.ee/1BMiGpsHxD,
https://shopeefood.vn/ha-noi/ga-ngon-tay-bac-ga-nuong-ong-tre-ga-nuong-dat-set,,,,,,https://shope.ee/1AksgwjK0,
https://shopeefood.vn/ha-noi/c-tacos-tram-troi-banh-tacos-ga-ran-khoai-tay-chien-van-xuan,,,,,,https://shope.ee/BUB4zw5z3,
https://shopeefood.vn/ha-noi/220-lac-long-quan-banh-bao-com-xoi-mi-tron-ga-ran-khoai-tay,,,,,,https://shope.ee/LnbHIvSe6,
https://shopeefood.vn/ha-noi/ga-khoai-nem-nuong-nha-trang-do-an-vat-cho-nam-dong,,,,,,https://shope.ee/W71TbupJ9,
https://shopeefood.vn/ha-noi/bep-nha-kem-nem-nuong-mien-tay-duong-buoi.pdmujj,,,,,,https://shope.ee/9zy6n4Kf20,
https://shopeefood.vn/ha-noi/ga-ran-mon-phe-mac-cheese-khoai-tay-chien-ngo-an-trach-2,,,,,,https://shope.ee/AAHWzNK1h3,
https://shopeefood.vn/ha-noi/ga-ran-khoai-tay-chien-anh-huy,,,,,,https://shope.ee/AKaxBgJOM6,
https://shopeefood.vn/ha-noi/savory-bistro-canh-ga-giua-ga-popcorn-khoai-tay-chien,,,,,,https://shope.ee/AUuNNzIl19,
https://shopeefood.vn/ha-noi/dac-san-lau-ngon-lau-duoi-bo-tay-bac-ga-nuong-xoi-chim-van-cao,,,,,,https://shope.ee/9KiPzqNCNw,
https://shopeefood.vn/ha-noi/chicken-igo-ga-ran-com-ga-khoai-tay-chien-nghia-tan,,,,,,https://shope.ee/9V1qC9MZ2z,
https://shopeefood.vn/ha-noi/gf-healthy-ga-ran-my-y-khoai-tay-healthy-food-khuong-dinh,,,,,,https://shope.ee/9fLGOSLvi2,
https://shopeefood.vn/ha-noi/hong-sam-xoi-tim-ga-nuong-tay-bac-kdt-trung-hoa,,,,,,https://shope.ee/9pegalLIN5,
https://shopeefood.vn/ha-noi/quan-huong-vi-viet-mien-bac-ga-ran-khoai-tay-chien-81-yen-xa,,,,,,https://shope.ee/8fSjCcPjjs,
https://shopeefood.vn/ha-noi/xinyi-com-vit-quay-ga-nuong-che-kem-dai-loan-dai-hoc-ha-noi,,,,,,https://shope.ee/8pm9OvP6Ov,
https://shopeefood.vn/ha-noi/xinyi-com-vit-quay-ga-nuong-che-kem-dai-loan-pham-ngoc-thach,,,,,,https://shope.ee/905ZbEOT3y,
https://shopeefood.vn/ha-noi/tuli-banh-mi-bo-ga-nuong-pho-mai,,,,,,https://shope.ee/9AOznXNpj1,
https://shopeefood.vn/ha-noi/xinyi-com-vit-quay-ga-nuong-che-kem-dai-loan-khuat-duy-tien,,,,,,https://shope.ee/80D2POSH5o,
https://shopeefood.vn/ha-noi/xin-yi-taiwan-com-vit-quay-kem-che-dai-loan-huynh-thuc-khang,,,,,,https://shope.ee/8AWSbhRdkr,
https://shopeefood.vn/ha-noi/xinyi-com-vit-quay-ga-nuong-che-kem-dai-loan-chua-lang,,,,,,https://shope.ee/8Kpso0R0Pu,
https://shopeefood.vn/ha-noi/xinyi-com-vit-quay-ga-nuong-che-kem-dai-loan-to-hien-thanh,,,,,,https://shope.ee/8V9J0JQN4x,
https://shopeefood.vn/ho-chi-minh/baby-chicken-ga-ran-khoai-tay-chien-khoai-lang-lac-shop-online,,,,,,https://shope.ee/7KxLcAUoRk,
https://shopeefood.vn/ho-chi-minh/vinh-tin-quan-com-ga-nuong-sa-tay-ninh,,,,,,https://shope.ee/7VGloTUB6n,
https://shopeefood.vn/ho-chi-minh/an-vat-co-sam-ga-lac-khoai-tay-loc-xoay-tran-mai-ninh,,,,,,https://shope.ee/7faC0mTXlq,
https://shopeefood.vn/ho-chi-minh/ga-nuong-com-lam-tay-nguyen-xanh-nguyen-thi-tu,,,,,,https://shope.ee/7ptcD5SuQt,
https://shopeefood.vn/ho-chi-minh/ga-nuong-mam-nhi-dai-phat-tay-thanh,,,,,,https://shope.ee/6fheowXLng,
https://shopeefood.vn/ho-chi-minh/ga-nuong-com-lam-tay-nguyen-xanh-tan-phu-tan-ky-tan-quy,,,,,,https://shope.ee/6q151FWiSj,
https://shopeefood.vn/ho-chi-minh/ga-nuong-com-lam-tay-nguyen-xanh-vinh-loc-a,,,,,,https://shope.ee/70KVDYW57m,
https://shopeefood.vn/ho-chi-minh/ga-nuong-com-lam-tay-nguyen-xanh-tran-dai-nghia,,,,,,https://shope.ee/7AdvPrVRmp,
https://shopeefood.vn/ho-chi-minh/lap-xuong-nuong-da-tra-chanh-gia-tay-khoai-chien-tham-food,,,,,,https://shope.ee/60Ry1iZt9c,
https://shopeefood.vn/ho-chi-minh/mashup-mi-y-ga-ran-khoai-tay-chien-tan-hoa-dong.lmunwg,,,,,,https://shope.ee/6AlOE1ZFof,
https://shopeefood.vn/ho-chi-minh/paopao-food-khoai-tay-chien-xoan-ga-ran-khanh-hoi.mtsc3b,,,,,,https://shope.ee/6L4oQKYcTi,
https://shopeefood.vn/ho-chi-minh/ga-u-muoi-doi-sun-nuong-tay-bac-an-vat.itxpnd,,,,,,https://shope.ee/6VOEcdXz8l,
https://shopeefood.vn/ho-chi-minh/ga-ban-don-ga-nuong-sa-lua-ga-nuong-com-lam-tay-nguyen-quan-3,,,,,,https://shope.ee/5LCHEUcQVY,
https://shopeefood.vn/ho-chi-minh/bap-xao-hot-vit-lon-hot-ga-nuong-thao-tay,,,,,,https://shope.ee/5VVhQnbnAb,
https://shopeefood.vn/ho-chi-minh/ga-nuong-com-lam-tay-nguyen-xanh-267-duong-1a,,,,,,https://shope.ee/5fp7d6b9pe,
https://shopeefood.vn/ho-chi-minh/bap-nuong-banh-trang-khoai-tay-nuong-242,,,,,,https://shope.ee/5q8XpPaWUh,
https://shopeefood.vn/ho-chi-minh/tre-tre-ga-nuong-ong-tre-tay-bac-quan-3,,,,,,https://shope.ee/4qG0dZeKWW,
https://shopeefood.vn/ho-chi-minh/vit-nuong-mien-tay-tu-phuong-ga-quay-com-lam-banh-bao,,,,,,https://shope.ee/4fwaRGexrV,
https://shopeefood.vn/ho-chi-minh/ga-ran-khoai-tay-lac-khoai-lang-lac-chiptop-vuon-lai,,,,,,https://shope.ee/5Asr2Bd3qc,
https://shopeefood.vn/ho-chi-minh/nam-map-ga-nuong-vit-nuong-com-lam-tay-nguyen,,,,,,https://shope.ee/50ZQpsdhBb,
https://shopeefood.vn/ho-chi-minh/a-xiu-ga-nuong-com-lam-tay-bac-trinh-dinh-thao,,,,,,https://shope.ee/4B0JqLgrsS,
https://shopeefood.vn/ho-chi-minh/chao-suon-ga-xien-nuong-vi-tay-bac-chaopao,,,,,,https://shope.ee/40gte2hVDR,
https://shopeefood.vn/ho-chi-minh/chicken-68-ga-ran-khoai-tay-lac,,,,,,https://shope.ee/4VdAExfbCY,
https://shopeefood.vn/ho-chi-minh/ga-nuong-com-lam-tay-nguyen-chi-nhanh-2,,,,,,https://shope.ee/4LJk2egEXX,
https://shopeefood.vn/ho-chi-minh/ga-nuong-com-lam-tay-nguyen-xanh-vinh-loc,,,,,,https://shope.ee/3Vkd37jPEO,
https://shopeefood.vn/ho-chi-minh/chan-ga-nuong-an-vat-ngoc-nu-28-27-11b-phan-tay-ho.c7qd15,,,,,,https://shope.ee/3LRCqok2ZN,
https://shopeefood.vn/ho-chi-minh/ga-vit-nuong-goi-ca-ha-tay-thoai-ngoc-hau,,,,,,https://shope.ee/3qNTRji8YU,
https://shopeefood.vn/ho-chi-minh/ga-nuong-mien-tay-ga-nuong-tay-thanh,,,,,,https://shope.ee/3g43FQiltT,
https://shopeefood.vn/ho-chi-minh/mr-thinh-khoai-tay-lac-ga-ran-nguyen-xi,,,,,,https://shope.ee/2qUwFtlwaK,
https://shopeefood.vn/ho-chi-minh/ga-nuong-ba-phi-mien-tay-tinh-lo-10,,,,,,https://shope.ee/2gBW3amZvJ,
https://shopeefood.vn/ho-chi-minh/khoai-tay-loc-xoay-ga-ran-mi-tron-co-xam,,,,,,https://shope.ee/3B7meVkfuQ,
https://shopeefood.vn/ho-chi-minh/ga-nuong-ba-hau-food-tay-thanh,,,,,,https://shope.ee/30oMSClJFP,
https://shopeefood.vn/ho-chi-minh/ga-ta-nuong-com-lam-tay-nguyen,,,,,,https://shope.ee/2BFFSfoTwG,
https://shopeefood.vn/ho-chi-minh/ga-nuong-ong-tre-tay-bac-vinh-khanh,,,,,,https://shope.ee/20vpGMp7HF,
https://shopeefood.vn/ho-chi-minh/ngoc-quyen-vit-ga-nuong-tay-bac,,,,,,https://shope.ee/2Vs5rHnDGM,
https://shopeefood.vn/ho-chi-minh/ga-nuong-ong-tre-tay-bac-dien-bien-phu,,,,,,https://shope.ee/2LYfeynqbL,
https://shopeefood.vn/ho-chi-minh/mon-ngon-mien-tay-1988-chuoi-nep-nuong-che-khoai-mi-vien,,,,,,https://shope.ee/1VzYfRr1IC,
https://shopeefood.vn/ho-chi-minh/ga-nuong-ong-tre-tay-bac-bui-huu-nghia,,,,,,https://shope.ee/1Lg8T8redB,
https://shopeefood.vn/ho-chi-minh/miki-ga-ran-khoai-tay-lac-dang-thuc-vinh,,,,,,https://shope.ee/1qcP43pkcI,
https://shopeefood.vn/ho-chi-minh/ga-nuong-ong-tre-tay-bac-phan-dinh-phung,,,,,,https://shope.ee/1gIyrkqNxH,
https://shopeefood.vn/ho-chi-minh/ga-gan-khoai-tay-lac-huong-vi-viet,,,,,,https://shope.ee/qjrsDtYe8,
https://shopeefood.vn/ho-chi-minh/ga-ran-66-ga-ran-khoai-tay-lac-tra-sua-ha-huy-giap,,,,,,https://shope.ee/gQRfuuBz7,
https://shopeefood.vn/ho-chi-minh/loc-xoay-quan-ga-ran-xien-que-khoai-tay-loc-xoay,,,,,,https://shope.ee/1BMiGpsHyE,
https://shopeefood.vn/ho-chi-minh/an-vat-co-hoa-ga-ran-khoai-tay-lac,,,,,,https://shope.ee/113I4WsvJD,
https://shopeefood.vn/ho-chi-minh/huong-vi-viet-ga-ran-khoai-tay-lac,,,,,,https://shope.ee/BUB4zw604,
https://shopeefood.vn/ho-chi-minh/thuy-kieu-ga-nuong-com-lam-tay-nguyen-158b-kenh-tan-hoa,,,,,,https://shope.ee/1AksgwjL3,
https://shopeefood.vn/ho-chi-minh/ga-nuong-banh-bao-com-lam-duc-ky-mien-tay-huynh-van-banh,,,,,,https://shope.ee/W71TbupKA,
https://shopeefood.vn/ho-chi-minh/com-ga-nuong-co-ba-mien-tay-tran-binh-trong,,,,,,https://shope.ee/LnbHIvSf9,
https://shopeefood.vn/ho-chi-minh/ga-ran-sot-khoai-tay-sot-peek-a-boo,,,,,,https://shope.ee/AAHWzNK1i4,
https://shopeefood.vn/ho-chi-minh/bear-khoai-khoai-tay-chien-ga-chien-sot-nhieu-vi-tran-khac-chan,,,,,,https://shope.ee/9zy6n4Kf33,
https://shopeefood.vn/ho-chi-minh/cuu-nhi-quan-mi-y-ga-ran-khoai-tay-binh-thanh.ozxz1j,,,,,,https://shope.ee/AUuNNzIl2A,
https://shopeefood.vn/ho-chi-minh/ca-nuong-ga-nuong-tay-bac,,,,,,https://shope.ee/AKaxBgJON9,
https://shopeefood.vn/ho-chi-minh/com-ga-nuong-co-ba-mien-tay-10-pho-quang,,,,,,https://shope.ee/9V1qC9MZ40,
https://shopeefood.vn/ha-noi/sime-mi-y-cua-matcha-tokbokki-duong-buoi,,,,,,https://shope.ee/1qcP43q5uN,
https://shopeefood.vn/ha-noi/burger-68,,,,,,https://shope.ee/20vpGMpSZQ,
https://shopeefood.vn/ha-noi/sumemi-mi-y-cua-udon-tokbokki-kim-ma,,,,,,https://shope.ee/2BFFSfopET,
https://shopeefood.vn/ha-noi/c-est-bon-pasta-khu-do-thi-viet-hung.fivx5k,,,,,,https://shope.ee/2LYfeyoBtW,
https://shopeefood.vn/ha-noi/sime-mi-y-cua-matcha-tokbokki-quan-su,,,,,,https://shope.ee/2Vs5rHnYYZ,
https://shopeefood.vn/ha-noi/burger-haus-vn-burgers-pizza-nguyen-dinh-thi,,,,,,https://shope.ee/2gBW3amvDc,
https://shopeefood.vn/ha-noi/fresh2go-do-an-nhanh-ngo-622-minh-khai,,,,,,https://shope.ee/2qUwFtmHsf,
https://shopeefood.vn/ha-noi/chops-hops-wheat-meat,,,,,,https://shope.ee/30oMSCleXi,
https://shopeefood.vn/ha-noi/chops-hops-wheat-meat-pham-huy-thong,,,,,,https://shope.ee/3B7meVl1Cl,
https://shopeefood.vn/ha-noi/chops-hops-wheat-meat-trieu-viet-vuong,,,,,,https://shope.ee/3LRCqokNro,
https://shopeefood.vn/ha-noi/lo-mo-an-vat,,,,,,https://shope.ee/3Vkd37jkWr,
https://shopeefood.vn/ha-noi/lifted-coffee-brunch,,,,,,https://shope.ee/3g43FQj7Bu,
https://shopeefood.vn/ha-noi/family-burger-shop-online,,,,,,https://shope.ee/3qNTRjiTqx,
https://shopeefood.vn/ha-noi/wicked-bbq-kieu-my,,,,,,https://shope.ee/40gte2hqW0,
https://shopeefood.vn/ha-noi/valhalla-grill-fast-food-drink-xuan-dieu,,,,,,https://shope.ee/4B0JqLhDB3,
https://shopeefood.vn/ha-noi/bun-suon-khoi-khoi-com-bun-trieu-viet-vuong.qfxnvp,,,,,,https://shope.ee/4LJk2egZq6,
https://shopeefood.vn/ha-noi/puzzle-brunch-healthy-salads-cafe-nguyen-thai-hoc,,,,,,https://shope.ee/4VdAExfwV9,
https://shopeefood.vn/ha-noi/valhalla-grill-fast-food-drink-trinh-cong-son,,,,,,https://shope.ee/4fwaRGfJAC,
https://shopeefood.vn/da-nang/braai-pit-south-african-american-bbq-restaurant-an-thuong-10,,,,,,https://shope.ee/4qG0dZefpF,
https://shopeefood.vn/da-nang/am2pm-burger,,,,,,https://shope.ee/50ZQpse2UI,
https://shopeefood.vn/da-nang/himalaya-indian-restaurant-an-thuong-4,,,,,,https://shope.ee/5Asr2BdP9L,
https://shopeefood.vn/da-nang/mami-mini-my-y-my-y-steak-le-hong-phong.qwpgnv,,,,,,https://shope.ee/5LCHEUcloO,
https://shopeefood.vn/ho-chi-minh/hotdog-xuc-xich-duc-wurster-dang-van-ngu,,,,,,https://shope.ee/5VVhQnc8TR,
https://shopeefood.vn/ho-chi-minh/mi-y-30k-sv-pasta-au-co,,,,,,https://shope.ee/5fp7d6bV8U,
https://shopeefood.vn/ho-chi-minh/hotdog-xuc-xich-duc-wurster-hoa-hao,,,,,,https://shope.ee/5q8XpParnX,
https://shopeefood.vn/ho-chi-minh/hotdog-xuc-xich-duc-wurster-chu-van-an,,,,,,https://shope.ee/60Ry1iaESa,
https://shopeefood.vn/ho-chi-minh/hotdog-xuc-xich-duc-wurster-nguyen-hong-dao,,,,,,https://shope.ee/6AlOE1Zb7d,
https://shopeefood.vn/ho-chi-minh/hotdog-xuc-xich-duc-wurster-nguyen-thai-hoc,,,,,,https://shope.ee/6L4oQKYxmg,
https://shopeefood.vn/ho-chi-minh/jerk-and-chill-ga-nuong-jamaica-tran-ngoc-dien,,,,,,https://shope.ee/6VOEcdYKRj,
https://shopeefood.vn/ho-chi-minh/15th-june-khoai-tay-sot-bo-tan-hoa-dong,,,,,,https://shope.ee/6fheowXh6m,
https://shopeefood.vn/ho-chi-minh/al-fresco-s-xuan-thuy,,,,,,https://shope.ee/6q151FX3lp,
https://shopeefood.vn/ho-chi-minh/al-fresco-s-pizza-my-y-suon-steak-bo-bit-tet-nguyen-duc-canh,,,,,,https://shope.ee/70KVDYWQQs,
https://shopeefood.vn/ho-chi-minh/fries-vietnam-khoai-tay-chien-mi-y-steak-to-ngoc-van,,,,,,https://shope.ee/7AdvPrVn5v,
https://shopeefood.vn/ho-chi-minh/pi-sai-gon-nguyen-duy,,,,,,https://shope.ee/7KxLcAV9ky,
https://shopeefood.vn/ho-chi-minh/mi-y-nha-pasta-spaghetti-pham-thi-tanh,,,,,,https://shope.ee/7VGloTUWQ1,
https://shopeefood.vn/ho-chi-minh/wrap-run-mi-y-pasta-banh-tortilla-banh-mi-kep,,,,,,https://shope.ee/7faC0mTt54,
https://shopeefood.vn/ho-chi-minh/leo-express-burger-spaghetti-greatfood,,,,,,https://shope.ee/7ptcD5TFk7,
https://shopeefood.vn/ho-chi-minh/al-fresco-s-phan-xich-long,,,,,,https://shope.ee/80D2POScPA,
https://shopeefood.vn/ho-chi-minh/chef-and-shin-bach-dang,,,,,,https://shope.ee/8AWSbhRz4D,
https://shopeefood.vn/ho-chi-minh/mi-y-nha-pasta-spaghetti,,,,,,https://shope.ee/8Kpso0RLjG,
https://shopeefood.vn/ho-chi-minh/marcel-gourmet-burger-hai-ba-trung.wbhvns,,,,,,https://shope.ee/8V9J0JQiOJ,
https://shopeefood.vn/ho-chi-minh/al-fresco-s-pizza-my-y-suon-steak-bo-bit-tet-aeon-mall-binh-tan,,,,,,https://shope.ee/8fSjCcQ53M,
https://shopeefood.vn/ho-chi-minh/al-fresco-s-van-hanh-mall,,,,,,https://shope.ee/8pm9OvPRiP,
https://shopeefood.vn/ho-chi-minh/fries-vietnam-khoai-tay-chien-mi-y-steak-rach-bung-binh,,,,,,https://shope.ee/905ZbEOoNS,
https://shopeefood.vn/ho-chi-minh/kawaiikid-cafe-food-duong-so-1,,,,,,https://shope.ee/9AOznXOB2V,
https://shopeefood.vn/ho-chi-minh/red-bison-bistro-pho-duc-chinh,,,,,,https://shope.ee/9KiPzqNXhY,
https://shopeefood.vn/ho-chi-minh/marcel-burger-ngo-quang-huy.bbkgzd,,,,,,https://shope.ee/9V1qC9MuMb,
https://shopeefood.vn/ho-chi-minh/the-wagon-wheel-american-comfort-cuisine-le-thanh-ton,,,,,,https://shope.ee/9fLGOSMH1e,
https://shopeefood.vn/ho-chi-minh/capone-s-chicago-deep-dish-pizza-street-food,,,,,,https://shope.ee/9pegalLdgh,
https://shopeefood.vn/ho-chi-minh/an-teahouse-lau-to-topping-va-sun-ga-chien,,,,,,https://shope.ee/9zy6n4L0Lk,
https://shopeefood.vn/ho-chi-minh/p-ti-saigon-restaurant,,,,,,https://shope.ee/AAHWzNKN0n,
https://shopeefood.vn/ho-chi-minh/van-food-drink,,,,,,https://shope.ee/AKaxBgJjfq,
https://shopeefood.vn/ho-chi-minh/elsol-meat-wine-nguyen-sieu,,,,,,https://shope.ee/AUuNNzJ6Kt,
https://shopeefood.vn/ho-chi-minh/two-guys-belgian-fries-belgian-street-food-le-huu-kieu.6il03e,,,,,,https://shope.ee/BUB4zwRIu,
https://shopeefood.vn/ho-chi-minh/boc-homemade-bbq,,,,,,https://shope.ee/1Aksgx4dt,
https://shopeefood.vn/ho-chi-minh/el-sol-meat-wine-vo-thi-sau,,,,,,https://shope.ee/W71TbvAd0,
https://shopeefood.vn/ho-chi-minh/truffle-co-phu-my-hung,,,,,,https://shope.ee/LnbHIvnxz,
https://shopeefood.vn/ho-chi-minh/summer-crab-xuan-thuy,,,,,,https://shope.ee/qjrsDttx6,
https://shopeefood.vn/ho-chi-minh/marcel-gourmet-burger-calmette,,,,,,https://shope.ee/gQRfuuXI5,
https://shopeefood.vn/ho-chi-minh/red-alpes-wines-bistro,,,,,,https://shope.ee/1BMiGpsdHC,
https://shopeefood.vn/ho-chi-minh/jake-s-bbq,,,,,,https://shope.ee/113I4WtGcB,
https://shopeefood.vn/ho-chi-minh/saigon-smokehouse-thit-bo-xong-khoi-nguyen-van-huong,,,,,,https://shope.ee/1VzYfRrMbI,
https://shopeefood.vn/ho-chi-minh/cafe-marcel-x-marcel-gourmet-burger-pham-thai-buong,,,,,,https://shope.ee/1Lg8T8rzwH,
https://shopeefood.vn/ho-chi-minh/guac-s-derro-quan-3-banh-tacos-kieu-phap-chuan-vi,,,,,,https://shope.ee/1qcP43q5vO,
https://shopeefood.vn/ho-chi-minh/tiem-banh-tacos-b,,,,,,https://shope.ee/1gIyrkqjGN,
https://shopeefood.vn/ho-chi-minh/banh-mi-kebab-bao-hiep-nguyen-thi-tu,,,,,,https://shope.ee/2BFFSfopFU,
https://shopeefood.vn/ha-noi/chi-mo-mi-y-pizza-an-vat-ao-sen,,,,,,https://shope.ee/20vpGMpSaT,
https://shopeefood.vn/ha-noi/chi-mo-mi-y-pizza-an-vat-khu-tap-the-kim-lien,,,,,,https://shope.ee/2Vs5rHnYZa,
https://shopeefood.vn/ha-noi/danny-food-mi-cay-mi-y,,,,,,https://shope.ee/2LYfeyoBuZ,
https://shopeefood.vn/ha-noi/map-quan-do-an-vat-my-y-my-tron-nhan-hoa,,,,,,https://shope.ee/2qUwFtmHtg,
https://shopeefood.vn/ha-noi/ga-ran-mi-y-ngoc-khanh,,,,,,https://shope.ee/2gBW3amvEf,
https://shopeefood.vn/ha-noi/xoi-banh-my-nhu-y-xoi-banh-my-189-tay-son,,,,,,https://shope.ee/3B7meVl1Dm,
https://shopeefood.vn/ha-noi/funny-pizza-pizza-mi-y-online-nghi-tam,,,,,,https://shope.ee/30oMSCleYl,
https://shopeefood.vn/ha-noi/funny-pizza-pizza-mi-y-online-hong-ha,,,,,,https://shope.ee/3Vkd37jkXs,
https://shopeefood.vn/ha-noi/lafus-com-rang-my-y-vo-chi-cong,,,,,,https://shope.ee/3LRCqokNsr,
https://shopeefood.vn/ha-noi/paolo-chi-pizza-mi-y,,,,,,https://shope.ee/3qNTRjiTry,
https://shopeefood.vn/ha-noi/pizza-kim-pizza-my-y-mai-phuc,,,,,,https://shope.ee/3g43FQj7Cx,
https://shopeefood.vn/ha-noi/le-parc-cafe-mi-y-pizza-dong-ngac.aapi18,,,,,,https://shope.ee/4B0JqLhDC4,
https://shopeefood.vn/ha-noi/italo-corner-pizza-mi-y,,,,,,https://shope.ee/40gte2hqX3,
https://shopeefood.vn/ha-noi/chi-mo-mi-y-pizza-matcha-tran-quoc-hoan,,,,,,https://shope.ee/4VdAExfwWA,
https://shopeefood.vn/ha-noi/mr-spaghetti-pizza-my-y-ngon-pho-hue,,,,,,https://shope.ee/4LJk2egZr9,
https://shopeefood.vn/ha-noi/alopizza-my-y-pizza-tuoi-100-phu-luong,,,,,,https://shope.ee/4qG0dZefqG,
https://shopeefood.vn/ha-noi/aha-food-banh-my-chao-pizza-my-y-nguyen-quy-duc,,,,,,https://shope.ee/4fwaRGfJBF,
https://shopeefood.vn/ha-noi/mr-spaghetti-my-y-ngon-ba-trieu,,,,,,https://shope.ee/5Asr2BdPAM,
https://shopeefood.vn/ha-noi/mr-spaghetti-my-y-ngon-van-mieu,,,,,,https://shope.ee/50ZQpse2VL,
https://shopeefood.vn/ha-noi/polvo-pizza-my-y-vincom-tran-duy-hung,,,,,,https://shope.ee/5VVhQnc8US,
https://shopeefood.vn/ha-noi/mr-spaghetti-my-y-ngon-dai-co-viet,,,,,,https://shope.ee/5LCHEUclpR,
https://shopeefood.vn/ha-noi/mr-spaghetti-pizza-my-y-ngon-cao-dat,,,,,,https://shope.ee/5q8XpParoY,
https://shopeefood.vn/ha-noi/ga-ran-va-mi-y-jollibee-co-linh,,,,,,https://shope.ee/5fp7d6bV9X,
https://shopeefood.vn/ha-noi/long-s-pizza,,,,,,https://shope.ee/6AlOE1Zb8e,
https://shopeefood.vn/ha-noi/pizza-tuoi-my-y-alopizza-pho-xom,,,,,,https://shope.ee/60Ry1iaETd,
https://shopeefood.vn/ha-noi/mi-y-com-rang-mi-tron-indomie-dai-linh,,,,,,https://shope.ee/6VOEcdYKSk,
https://shopeefood.vn/ha-noi/tram-no-ne-banh-mi-mi-y-pizza-phuc-loi.il57jz,,,,,,https://shope.ee/6L4oQKYxnj,
https://shopeefood.vn/ha-noi/my-tron-my-cay-my-y-tram-troi,,,,,,https://shope.ee/6q151FX3mq,
https://shopeefood.vn/ha-noi/ga-ran-va-mi-y-jollibee-to-hieu,,,,,,https://shope.ee/6fheowXh7p,
https://shopeefood.vn/ha-noi/dai-vuong-pizza-my-y-khuong-trung,,,,,,https://shope.ee/7AdvPrVn6w,
https://shopeefood.vn/ha-noi/let-s-pizza-pizza-mi-y-ngo-thi-nham,,,,,,https://shope.ee/70KVDYWQRv,
https://shopeefood.vn/ha-noi/ga-ran-va-mi-y-jollibee-nguyen-trai,,,,,,https://shope.ee/7VGloTUWR2,
https://shopeefood.vn/ha-noi/pizza-to-go-pizza-my-y-ngon-tuoi-kieu-y,,,,,,https://shope.ee/7KxLcAV9m1,
https://shopeefood.vn/ha-noi/let-s-pizza-pizza-mi-y-kim-giang,,,,,,https://shope.ee/7ptcD5TFl8,
https://shopeefood.vn/ha-noi/ga-ran-va-mi-y-jollibee-pham-ngoc-thach,,,,,,https://shope.ee/1gIyrkqBAp,
https://shopeefood.vn/ha-noi/banh-mi-nhu-y-nuoc-phan-lan,,,,,,https://shope.ee/2BFFSfoH9w,
https://shopeefood.vn/ha-noi/funny-pizza-pizza-mi-y-online-tho-lao,,,,,,https://shope.ee/20vpGMouUv,
https://shopeefood.vn/ha-noi/happy-chicken-com-ga-ga-ran-mi-y-ho-tung-mau,,,,,,https://shope.ee/2Vs5rHn0U2,
https://shopeefood.vn/ha-noi/mi-y-madam-hoa-s-shop-online-dich-vong-hau,,,,,,https://shope.ee/2LYfeyndp1,
https://shopeefood.vn/ha-noi/banh-mi-nhu-y-truong-dinh,,,,,,https://shope.ee/2qUwFtljo8,
https://shopeefood.vn/ha-noi/let-s-pizza-pizza-mi-y-van-quan,,,,,,https://shope.ee/2gBW3amN97,
https://shopeefood.vn/ha-noi/banh-mi-nhu-y-giai-phong,,,,,,https://shope.ee/3B7meVkT8E,
https://shopeefood.vn/ha-noi/let-s-pizza-pizza-mi-y-luong-khanh-thien,,,,,,https://shope.ee/30oMSCl6TD,
https://shopeefood.vn/ha-noi/banh-mi-nhu-y-tran-dai-nghia-,,,,,,https://shope.ee/3Vkd37jCSK,
https://shopeefood.vn/ha-noi/let-s-pizza-pizza-mi-y-lang-ha,,,,,,https://shope.ee/3LRCqojpnJ,
https://shopeefood.vn/ha-noi/happy-chicken-com-ga-ga-ran-mi-y-cau-giay,,,,,,https://shope.ee/3qNTRjhvmQ,
https://shopeefood.vn/ha-noi/pasta-deli-mi-y-ga-ran-dang-van-ngu,,,,,,https://shope.ee/3g43FQiZ7P,
https://shopeefood.vn/ha-noi/happy-chicken-com-ga-ga-ran-mi-y-phung-khoang,,,,,,https://shope.ee/4B0JqLgf6W,
https://shopeefood.vn/ha-noi/banh-mi-nhu-y-dong-thien,,,,,,https://shope.ee/40gte2hIRV,
https://shopeefood.vn/ha-noi/banh-mi-nhu-y-ngoc-khanh,,,,,,https://shope.ee/4VdAExfOQc,
https://shopeefood.vn/ha-noi/banh-mi-nhu-y-luong-the-vinh,,,,,,https://shope.ee/4LJk2eg1lb,
https://shopeefood.vn/ha-noi/banh-mi-nhu-y-van-quan,,,,,,https://shope.ee/4qG0dZe7ki,
https://shopeefood.vn/da-nang/namsan-s-kitchen-com-my-y,,,,,,https://shope.ee/4fwaRGel5h,
https://shopeefood.vn/da-nang/ga-ran-va-mi-y-jollibee-tieu-la,,,,,,https://shope.ee/5Asr2Bcr4o,
https://shopeefood.vn/da-nang/vua-my-y-pizza-thanh-thuy,,,,,,https://shope.ee/50ZQpsdUPn,
https://shopeefood.vn/da-nang/ga-ran-va-mi-y-jollibee-ngo-quyen,,,,,,https://shope.ee/5fp7d6ax3w,
https://shopeefood.vn/da-nang/tiem-my-y-nha-gon,,,,,,https://shope.ee/5q8XpPaJiz,
https://shopeefood.vn/da-nang/mi-y-an-vat-bep-ry,,,,,,https://shope.ee/5LCHEUcDju,
https://shopeefood.vn/da-nang/my-y-ga-ran-homie,,,,,,https://shope.ee/5VVhQnbaOx,
https://shopeefood.vn/da-nang/sonsy-pizza-my-y-an-vat,,,,,,https://shope.ee/6L4oQKYPi8,
https://shopeefood.vn/da-nang/ga-ran-va-mi-y-jollibee-nguyen-duc-trung,,,,,,https://shope.ee/6VOEcdXmNB,
https://shopeefood.vn/da-nang/ga-ran-va-mi-y-jollibee-dong-da,,,,,,https://shope.ee/60Ry1iZgO6,
https://shopeefood.vn/da-nang/my-y-tasty-by-len-49-le-loi,,,,,,https://shope.ee/6AlOE1Z339,
https://shopeefood.vn/da-nang/citron-85-pizza-mi-y-ca-phe,,,,,,https://shope.ee/70KVDYVsMK,
https://shopeefood.vn/da-nang/n-food-my-tron-my-y-my-indomie-chu-manh-trinh,,,,,,https://shope.ee/7AdvPrVF1N,
https://shopeefood.vn/da-nang/haven-ga-ran-com-ga-my-y,,,,,,https://shope.ee/6fheowX92I,
https://shopeefood.vn/da-nang/mi-y-ba-noi-quan-hoang-van-thu,,,,,,https://shope.ee/6q151FWVhL,
https://shopeefood.vn/da-nang/my-y-my-tron-indomie-bao-ngoc,,,,,,https://shope.ee/7faC0mTL0W,
https://shopeefood.vn/da-nang/chy-matcha-mi-y,,,,,,https://shope.ee/7ptcD5ShfZ,
https://shopeefood.vn/da-nang/tasty-by-len,,,,,,https://shope.ee/7KxLcAUbgU,
https://shopeefood.vn/da-nang/chao-dinh-duong-sup-mi-y-thanh-nga,,,,,,https://shope.ee/7VGloTTyLX,
https://shopeefood.vn/ho-chi-minh/mi-y-1977-mi-y-coffee-tra,,,,,,https://shope.ee/8Kpso0Qnei,
https://shopeefood.vn/ho-chi-minh/pizza-mi-y-tokbokki-zapi,,,,,,https://shope.ee/8V9J0JQAJl,
https://shopeefood.vn/ho-chi-minh/pizza-cheese-24h-my-y-an-vat,,,,,,https://shope.ee/80D2POS4Kg,
https://shopeefood.vn/ho-chi-minh/pasta-d-chuyen-mi-y,,,,,,https://shope.ee/8AWSbhRQzj,
https://shopeefood.vn/ho-chi-minh/ga-ran-my-y-an-vat-madam-my,,,,,,https://shope.ee/905ZbEOGIu,
https://shopeefood.vn/ho-chi-minh/pizza-chicago-24h-my-y-an-vat,,,,,,https://shope.ee/9AOznXNcxx,
https://shopeefood.vn/ho-chi-minh/shy-mi-y-mi-tron-duong-so-3,,,,,,https://shope.ee/8fSjCcPWys,
https://shopeefood.vn/ho-chi-minh/ga-ran-ron-my-y-tra-sua-duong-17,,,,,,https://shope.ee/8pm9OvOtdv,
https://shopeefood.vn/ho-chi-minh/mi-y-an-la-ghien-shop-online-thong-nhat,,,,,,https://shope.ee/9fLGOSLix6,
https://shopeefood.vn/ho-chi-minh/mi-y-an-la-ghien-shop-online-duong-iii,,,,,,https://shope.ee/9pegalL5c9,
https://shopeefood.vn/ho-chi-minh/ghost-kitchen-bep-mi-y-nguyen-huu-canh,,,,,,https://shope.ee/9KiPzqMzd4,
https://shopeefood.vn/ho-chi-minh/target-pasta-mi-y-steak,,,,,,https://shope.ee/9V1qC9MMI7,
https://shopeefood.vn/ho-chi-minh/mi-y-cua-gravy-house-le-van-luong,,,,,,https://shope.ee/AKaxBgJBbI,
https://shopeefood.vn/ho-chi-minh/wakeup-mi-y-bo-my-166-ngo-tat-to.wtmf7j,,,,,,https://shope.ee/AUuNNzIYGL,
https://shopeefood.vn/ho-chi-minh/me-mi-mi-y-cua,,,,,,https://shope.ee/9zy6n4KSHG,
https://shopeefood.vn/ho-chi-minh/pho-spaghetti-mi-y-ga-ran-phan-huy-ich,,,,,,https://shope.ee/AAHWzNJowJ,
https://shopeefood.vn/ho-chi-minh/mi-y-be-fine-food,,,,,,https://shope.ee/LnbHIvFtQ,
https://shopeefood.vn/ho-chi-minh/mr-saigon-mi-y-salad-nguyen-gia-tri.vxjup8,,,,,,https://shope.ee/W71TbucYT,
https://shopeefood.vn/ho-chi-minh/song-xanh-mi-y-craft-soul-kombucha,,,,,,https://shope.ee/1AksgwWZO,
https://shopeefood.vn/ho-chi-minh/mi-tuoi-mi-y-mi-tron-ctg-food-thao-dien,,,,,,https://shope.ee/BUB4zvtER,
https://shopeefood.vn/ho-chi-minh/mi-y-burger-delicacy-nguyen-van-khoi,,,,,,https://shope.ee/113I4WsiXc,
https://shopeefood.vn/ho-chi-minh/cony-little-pasta-mi-y-homemade,,,,,,https://shope.ee/1BMiGps5Cf,
https://shopeefood.vn/ho-chi-minh/my-y-pizza-an-vat-sonic,,,,,,https://shope.ee/gQRfutzDa,
https://shopeefood.vn/ho-chi-minh/mi-tuoi-mi-y-mi-tron-ctg-food-pham-the-hien,,,,,,https://shope.ee/qjrsDtLsd,
https://shopeefood.vn/ho-chi-minh/delicacy-fastfood-pizza-mi-y-burger-phan-van-tri,,,,,,https://shope.ee/1gIyrkqBBo,
https://shopeefood.vn/ho-chi-minh/ga-ran-va-mi-y-jollibee-au-co,,,,,,https://shope.ee/1qcP43pXqr,
https://shopeefood.vn/ho-chi-minh/al-frescos-nguyen-thi-nghia,,,,,,https://shope.ee/1Lg8T8rRrm,
https://shopeefood.vn/ho-chi-minh/tiem-mi-y-luci-nguyen-van-thuong,,,,,,https://shope.ee/1VzYfRqoWp,
https://shopeefood.vn/ho-chi-minh/mi-y-taisot-dien-bien-phu,,,,,,https://shope.ee/2LYfeyndq0,
https://shopeefood.vn/ho-chi-minh/delica-mi-y-pizza-tan-chanh-hiep-26,,,,,,https://shope.ee/2Vs5rHn0V3,
https://shopeefood.vn/ho-chi-minh/cub-cub-mi-y-nui-cabonara-mi-xao-banh-au,,,,,,https://shope.ee/20vpGMouVy,
https://shopeefood.vn/ho-chi-minh/mr-saigon-mi-y-salad,,,,,,https://shope.ee/2BFFSfoHB1,
https://shopeefood.vn/ho-chi-minh/mr-saigon-mi-y-salad-le-lai,,,,,,https://shope.ee/30oMSCl6UC,
https://shopeefood.vn/ho-chi-minh/godfrey-s-kitchen-mi-y-spaghetti-ca-phe-specialty-lanh-binh-thang,,,,,,https://shope.ee/3B7meVkT9F,
https://shopeefood.vn/ho-chi-minh/ga-ran-va-mi-y-jollibee-pasteur,,,,,,https://shope.ee/2gBW3amNAA,
https://shopeefood.vn/ho-chi-minh/mi-tuoi-mi-y-mi-tron-ctg-food-nguyen-gia-tri,,,,,,https://shope.ee/2qUwFtljpD,
https://shopeefood.vn/ho-chi-minh/al-fresco-s-cong-hoa,,,,,,https://shope.ee/3g43FQiZ8O,
https://shopeefood.vn/ho-chi-minh/ga-ran-va-mi-y-jollibee-coop-mart-xa-lo-ha-noi,,,,,,https://shope.ee/3qNTRjhvnR,
https://shopeefood.vn/ho-chi-minh/mr-saigon-mi-y-salad-hoa-lan,,,,,,https://shope.ee/3LRCqojpoM,
https://shopeefood.vn/ho-chi-minh/bonie-bupie-pasta-my-y-shop-online,,,,,,https://shope.ee/3Vkd37jCTP,
https://shopeefood.vn/ho-chi-minh/bep-co-chang-pizza-mi-y-com-phan,,,,,,https://shope.ee/4LJk2eg1ma,
https://shopeefood.vn/ho-chi-minh/steakzone-my-y-beefsteak-binh-thoi,,,,,,https://shope.ee/4VdAExfORd,
https://shopeefood.vn/ho-chi-minh/ga-ran-va-mi-y-jollibee-truong-chinh,,,,,,https://shope.ee/40gte2hISY,
https://shopeefood.vn/ho-chi-minh/ming-ming-food-an-vat-online,,,,,,https://shope.ee/4B0JqLgf7b,
https://shopeefood.vn/ho-chi-minh/ga-ran-va-mi-y-jollibee-nguyen-thi-minh-khai,,,,,,https://shope.ee/50ZQpsdUQm,
https://shopeefood.vn/ho-chi-minh/p7-pizza-mi-y-mi-cay,,,,,,https://shope.ee/5Asr2Bcr5p,
https://shopeefood.vn/ho-chi-minh/ga-ran-va-mi-y-jollibee-cong-hoa,,,,,,https://shope.ee/4fwaRGel6k,
https://shopeefood.vn/ho-chi-minh/ca-phe-matcha-mi-y-truong-dang-que,,,,,,https://shope.ee/4qG0dZe7ln,
https://shopeefood.vn/ho-chi-minh/ga-ran-va-mi-y-jollibee-tran-hung-dao-hcm,,,,,,https://shope.ee/5q8XpPaJk0,
https://shopeefood.vn/ho-chi-minh/napoli-pizza-pizza-my-y-burger-han-thuyen,,,,,,https://shope.ee/5fp7d6ax4z,
https://shopeefood.vn/ho-chi-minh/mi-tuoi-mi-y-mi-tron-ctg-food-dang-van-ngu,,,,,,https://shope.ee/5VVhQnbaPy,
https://shopeefood.vn/ha-noi/saga-cafe-eatery-29-lieu-giai,,,,,,https://shope.ee/5LCHEUcDkx,
https://shopeefood.vn/ha-noi/nha-hang-amalfi,,,,,,https://shope.ee/6VOEcdXmOC,
https://shopeefood.vn/ha-noi/ozzie-s-bistro-am-thuc-a-au,,,,,,https://shope.ee/6L4oQKYPjB,
https://shopeefood.vn/ha-noi/luna-steak-pasta,,,,,,https://shope.ee/6AlOE1Z34A,
https://shopeefood.vn/ha-noi/goc-oi-quan-ca-phe-my-y-banh-ngot,,,,,,https://shope.ee/60Ry1iZgP9,
https://shopeefood.vn/da-nang/leman-spaghetti,,,,,,https://shope.ee/7AdvPrVF2O,
https://shopeefood.vn/da-nang/hi-restaurant-hamburger-pasta-duong-3-thang-2,,,,,,https://shope.ee/70KVDYVsNN,
https://shopeefood.vn/da-nang/salmon-house-restaurant-coffee,,,,,,https://shope.ee/6q151FWViM,
https://shopeefood.vn/da-nang/mona-trai-cay-ca-phe-my-y,,,,,,https://shope.ee/6fheowX93L,
https://shopeefood.vn/ho-chi-minh/hau-nhat-nuong-oyster-box-le-hong-phong-2,,,,,,https://shope.ee/7ptcD5Shga,
https://shopeefood.vn/ho-chi-minh/hau-nhat-nuong-oyster-box-phung-van-cung-2,,,,,,https://shope.ee/7faC0mTL1Z,
https://shopeefood.vn/ho-chi-minh/beefsteak-hanru-huynh-tan-phat,,,,,,https://shope.ee/7VGloTTyMY,
https://shopeefood.vn/ho-chi-minh/olive-tree-saigon-western-food,,,,,,https://shope.ee/6fheowXlO9,
https://shopeefood.vn/ho-chi-minh/3t-s-steak-le-van-sy,,,,,,https://shope.ee/7AdvPrVrNG,
https://shopeefood.vn/ho-chi-minh/6seven-restaurant-beef-chicken-salad-phu-my-hung,,,,,,https://shope.ee/70KVDYWUiF,
https://shopeefood.vn/ho-chi-minh/hau-nuong-so-diep-nuong-chao-hau-688,,,,,,https://shope.ee/8pm9OvPVzc,
https://shopeefood.vn/ho-chi-minh/bluebird-french-restaurant,,,,,,https://shope.ee/8fSjCcQ9Kb,
https://shopeefood.vn/ho-chi-minh/quan-an-vat-vui-ve-the-gioi-do-uong-thuc-an-nhanh-cach-mang-thang-8,,,,,,https://shope.ee/9AOznXOFJi,
https://shopeefood.vn/ho-chi-minh/barie-ngon-mi-y-com-ga,,,,,,https://shope.ee/905ZbEOseh,
https://shopeefood.vn/ho-chi-minh/bonjour-resto-beefsteak-nguyen-trai,,,,,,https://shope.ee/8AWSbhS3LY,
https://shopeefood.vn/ho-chi-minh/nosh-sandwiches-salads-eggdrop-phu-my-hung,,,,,,https://shope.ee/80D2POSggX,
https://shopeefood.vn/ho-chi-minh/the-gioi-steak-nguyen-gia-tri,,,,,,https://shope.ee/8V9J0JQmfe,
https://shopeefood.vn/ho-chi-minh/mr-bistek-beefsteak-tran-binh-trong,,,,,,https://shope.ee/8Kpso0RQ0d,
https://shopeefood.vn/ho-chi-minh/king-beef-mon-ngon-tu-bo-phan-van-tri,,,,,,https://shope.ee/AAHWzNKRI0,
https://shopeefood.vn/ho-chi-minh/soi-pizza-pasta-steak-ehomes-nam-sai-gon,,,,,,https://shope.ee/9zy6n4L4cz,
https://shopeefood.vn/ho-chi-minh/nha-hang-3t-s-steak-bau-cat.or1diu,,,,,,https://shope.ee/AUuNNzJAc6,
https://shopeefood.vn/ho-chi-minh/gummy-chicken-steak-ut-lanh,,,,,,https://shope.ee/AKaxBgJnx5,
https://shopeefood.vn/ho-chi-minh/pizza-pocket-2p-s-masteri-thao-dien-t1,,,,,,https://shope.ee/9V1qC9Mydw,
https://shopeefood.vn/ho-chi-minh/rocket-pub-bistro-nguyen-dinh-chieu,,,,,,https://shope.ee/9KiPzqNbyv,
https://shopeefood.vn/ho-chi-minh/funny-beef-spaghetti-beefsteak-duong-so-4,,,,,,https://shope.ee/9pegalLhy2,
https://shopeefood.vn/ho-chi-minh/paulie-s-pizza-pasta-le-van-sy,,,,,,https://shope.ee/9fLGOSMLJ1,
https://shopeefood.vn/ho-chi-minh/sup-cua-moc-2c-hoa-hung,,,,,,https://shope.ee/113I4WtKtM,
https://shopeefood.vn/ho-chi-minh/nomad-food-station-yen-the,,,,,,https://shope.ee/1BMiGpshYP,
https://shopeefood.vn/ho-chi-minh/com-healthy-steak-pizza-mr-t-bone-saigon-ton-that-dam,,,,,,https://shope.ee/gQRfuubZK,
https://shopeefood.vn/ho-chi-minh/o-bistro-thong-nhat-thu-duc-steakhouse-pasta-bar,,,,,,https://shope.ee/qjrsDtyEN,
https://shopeefood.vn/ho-chi-minh/funny-beef-spaghetti-beefsteak-ly-thuong-kiet,,,,,,https://shope.ee/LnbHIvsFI,
https://shopeefood.vn/ho-chi-minh/lai-steak-resto-lai-ky-chuyen-steak-bo-my-my-y-com-chien,,,,,,https://shope.ee/W71TbvEuL,
https://shopeefood.vn/ho-chi-minh/the-gioi-steak-tan-son-nhi,,,,,,https://shope.ee/1Aksgx8vG,
https://shopeefood.vn/ho-chi-minh/beefsteak-bluebird-french-restaurant-thoai-ngoc-hau,,,,,,https://shope.ee/BUB4zwVaJ,
https://shopeefood.vn/ho-chi-minh/queenstown-coffee-bistro,,,,,,https://shope.ee/2LYfeyoGBk,
https://shopeefood.vn/ho-chi-minh/v-pasta-mi-y-413-le-van-sy,,,,,,https://shope.ee/2Vs5rHncqn,
https://shopeefood.vn/ho-chi-minh/home-vegan-com-chay-do-an-chay-nguyen-huu-canh,,,,,,https://shope.ee/20vpGMpWri,
https://shopeefood.vn/ho-chi-minh/funny-beef-spaghetti-beefsteak-bau-cat-2,,,,,,https://shope.ee/2BFFSfotWl,
https://shopeefood.vn/ho-chi-minh/the-cook-pasta-panini-and-more-thao-dien-square,,,,,,https://shope.ee/1gIyrkqnXg,
https://shopeefood.vn/ho-chi-minh/gia-phuc-kitchen-s-xo-viet-nghe-tinh,,,,,,https://shope.ee/1qcP43qACj,
https://shopeefood.vn/ho-chi-minh/funny-beef-spaghetti-beefsteak-ba-le-chan,,,,,,https://shope.ee/1Lg8T8s4De,
https://shopeefood.vn/ho-chi-minh/bep-que-mi-y-55k-dinh-cong-trang,,,,,,https://shope.ee/1VzYfRrQsh,
https://shopeefood.vn/ho-chi-minh/the-gioi-steak-phan-van-tri,,,,,,https://shope.ee/3g43FQjBU8,
https://shopeefood.vn/ho-chi-minh/vivins-wine-club,,,,,,https://shope.ee/3qNTRjiY9B,
https://shopeefood.vn/ho-chi-minh/uncle-noodles,,,,,,https://shope.ee/3LRCqokSA6,
https://shopeefood.vn/ho-chi-minh/nhan-quan-24h-bun-bo-hue-pho-bo-bo-bit-tet,,,,,,https://shope.ee/3Vkd37jop9,
https://shopeefood.vn/ho-chi-minh/beanthere-cafe-com-van-phong-tra-trai-cay-hoang-sa,,,,,,https://shope.ee/30oMSCliq4,
https://shopeefood.vn/ho-chi-minh/48-bistro-beefsteak-mon-au-sc-vivocity,,,,,,https://shope.ee/3B7meVl5V7,
https://shopeefood.vn/ho-chi-minh/mr-saigon-mi-y-salad-le-van-sy,,,,,,https://shope.ee/2gBW3amzW2,
https://shopeefood.vn/ho-chi-minh/venezia-nha-hang-am-thuc-y-riverside-hotel-saigon,,,,,,https://shope.ee/2qUwFtmMB5,
https://shopeefood.vn/ho-chi-minh/le-petit-resto-beefsteak-pizza-pasta,,,,,,https://shope.ee/50ZQpse6mW,
https://shopeefood.vn/ho-chi-minh/quan-nuong-15l-hau-sua-pho-mai-chim-cut-chien-bo,,,,,,https://shope.ee/5Asr2BdTRZ,
https://shopeefood.vn/ho-chi-minh/48-bistro-beefsteak-mon-au-an-duong-vuong,,,,,,https://shope.ee/4fwaRGfNSU,
https://shopeefood.vn/ho-chi-minh/48-bistro-beefsteak-mon-au-crescent-mall,,,,,,https://shope.ee/4qG0dZek7X,
https://shopeefood.vn/ho-chi-minh/pizza-s-house-and-doris-coffee,,,,,,https://shope.ee/4LJk2ege8S,
https://shopeefood.vn/ho-chi-minh/quan-162-mi-y-sup-cua-bun-cha-ca,,,,,,https://shope.ee/4VdAExg0nV,
https://shopeefood.vn/ho-chi-minh/chamie-steak-bo-bit-tet-bac-hai,,,,,,https://shope.ee/40gte2huoQ,
https://shopeefood.vn/ho-chi-minh/cham-bistro-garden,,,,,,https://shope.ee/4B0JqLhHTT,
https://shopeefood.vn/ho-chi-minh/gummy-chicken-steak-cake-ice-cream-cao-thang,,,,,,https://shope.ee/6L4oQKZ24u,
https://shopeefood.vn/ho-chi-minh/banh-tam-cari-cay-banh-mi-xiu-mai-hoa-dao-ca-mau-khu-y-te-ky-thuat-cao,,,,,,https://shope.ee/6VOEcdYOjx,
https://shopeefood.vn/ho-chi-minh/the-first-steakhouse-cao-thang,,,,,,https://shope.ee/60Ry1iaIks,
https://shopeefood.vn/ho-chi-minh/nha-hang-eien-mon-an-nhat-viet,,,,,,https://shope.ee/6AlOE1ZfPv,
https://shopeefood.vn/ho-chi-minh/48-quan,,,,,,https://shope.ee/5fp7d6bZQq,
https://shopeefood.vn/ho-chi-minh/mi-y-an-vat-ca-vien-chien-hamburger-thoai-ngoc-hau,,,,,,https://shope.ee/5q8XpPaw5t,
https://shopeefood.vn/ho-chi-minh/90-s-cafe-food-mi-y-ca-phe-lac-long-quan,,,,,,https://shope.ee/5LCHEUcq6o,
https://shopeefood.vn/ho-chi-minh/an-vat-boi-long-mi-tron-mi-y-ca-vien-chien,,,,,,https://shope.ee/5VVhQncClr,
https://shopeefood.vn/ho-chi-minh/banh-mi-cha-ca-nhu-y-lo-gom,,,,,,https://shope.ee/7faC0mTxNI,
https://shopeefood.vn/ha-noi/pizza-4p-s-vincom-long-bien,,,,,,https://shope.ee/7ptcD5TK2L,
https://shopeefood.vn/ha-noi/pizza-4p-s-aeon-mall-ha-dong,,,,,,https://shope.ee/7KxLcAVE3G,
https://shopeefood.vn/ha-noi/pizza-4p-s-taisei-square,,,,,,https://shope.ee/7VGloTUaiJ,
https://shopeefood.vn/ha-noi/pizza-4p-s-tu-lien,,,,,,https://shope.ee/70KVDYWUjE,
https://shopeefood.vn/ha-noi/pizza-4p-s-trang-tien,,,,,,https://shope.ee/7AdvPrVrOH,
https://shopeefood.vn/ha-noi/pizza-4p-s-delivery-hub-ciputra,,,,,,https://shope.ee/6fheowXlPC,
https://shopeefood.vn/ha-noi/pizza-4p-s-phan-ke-binh,,,,,,https://shope.ee/6q151FX84F,
https://shopeefood.vn/da-nang/pizza-4p-s-hoang-van-thu,,,,,,https://shope.ee/905ZbEOsfg,
https://shopeefood.vn/da-nang/limoncello-pizza,,,,,,https://shope.ee/9AOznXOFKj,
https://shopeefood.vn/ho-chi-minh/poulet-ga-nuong-kieu-phap-saigon-centre,,,,,,https://shope.ee/8fSjCcQ9Le,
https://shopeefood.vn/ho-chi-minh/poulet-ga-nuong-kieu-phap-crescent-mall,,,,,,https://shope.ee/8pm9OvPW0h,
https://shopeefood.vn/ho-chi-minh/ovenista-authentic-european-cuisine-phu-my-hung,,,,,,https://shope.ee/8Kpso0RQ1c,
https://shopeefood.vn/ho-chi-minh/pizza-4p-s-cobi-tower-ii,,,,,,https://shope.ee/8V9J0JQmgf,
https://shopeefood.vn/ho-chi-minh/pizza-4p-s-vincom-grand-park,,,,,,https://shope.ee/80D2POSgha,
https://shopeefood.vn/ho-chi-minh/poulet-ga-nuong-kieu-phap-hung-vuong-plaza,,,,,,https://shope.ee/8AWSbhS3Md,
https://shopeefood.vn/ho-chi-minh/pizza-4p-s-sc-vivocity,,,,,,https://shope.ee/AKaxBgJny4,
https://shopeefood.vn/ho-chi-minh/pizza-4p-s-aeon-mall-tan-phu,,,,,,https://shope.ee/AUuNNzJAd7,
https://shopeefood.vn/ho-chi-minh/pizza-4p-s-nguyen-van-linh,,,,,,https://shope.ee/9zy6n4L4e2,
https://shopeefood.vn/ho-chi-minh/pizza-4p-s-delivery-hub-binh-tan,,,,,,https://shope.ee/AAHWzNKRJ5,
https://shopeefood.vn/ho-chi-minh/pizza-4p-s-le-thanh-ton,,,,,,https://shope.ee/9fLGOSMLK0,
https://shopeefood.vn/ho-chi-minh/pizza-4p-s-xuan-thuy,,,,,,https://shope.ee/9pegalLhz3,
https://shopeefood.vn/da-nang/pastality-beyond-kitchen-mi-y-my-da-dong-3,,,,,,https://shope.ee/9KiPzqNbzy,
https://shopeefood.vn/da-nang/bon-bocon-restaurant-164-chau-thi-vinh-te,,,,,,https://shope.ee/9V1qC9Myf1,
https://shopeefood.vn/da-nang/nam-de-cuisine-nha-hang-fusion-63-chuong-duong,,,,,,https://shope.ee/1BMiGpshZQ,
https://shopeefood.vn/da-nang/lang3-restaurant-lounge-an-thuong-3,,,,,,https://shope.ee/113I4WtKuP,
https://shopeefood.vn/ho-chi-minh/la-pasta-duong-so-65,,,,,,https://shope.ee/qjrsDtyFO,
https://shopeefood.vn/ho-chi-minh/italian-foodee-authentic-italian-food-nguyen-van-quy.evepk5,,,,,,https://shope.ee/gQRfuubaN,
https://shopeefood.vn/ho-chi-minh/pendogo-am-thuc-y,,,,,,https://shope.ee/W71TbvEvM,
https://shopeefood.vn/ho-chi-minh/pendolasco-thao-dien-nha-hang-y,,,,,,https://shope.ee/LnbHIvsGL,
https://shopeefood.vn/ho-chi-minh/vittorio-pizza-and-pasta,,,,,,https://shope.ee/BUB4zwVbK,
https://shopeefood.vn/ho-chi-minh/pasta-fresca-pasta-pizza-ta-hien,,,,,,https://shope.ee/1Aksgx8wJ,
https://shopeefood.vn/ho-chi-minh/laluna-cafe-brunch-nguyen-cao,,,,,,https://shope.ee/2Vs5rHncro,
https://shopeefood.vn/ho-chi-minh/the-gate-wine-dining,,,,,,https://shope.ee/2LYfeyoGCn,
https://shopeefood.vn/ho-chi-minh/nha-hang-y-don-cipriani-s-celesta-rise,,,,,,https://shope.ee/2BFFSfotXm,
https://shopeefood.vn/ho-chi-minh/radici-italian-restaurant-italian-food-me-linh.iuoa6x,,,,,,https://shope.ee/20vpGMpWsl,
https://shopeefood.vn/ho-chi-minh/moa-moa-pasta-club,,,,,,https://shope.ee/1qcP43qADk,
https://shopeefood.vn/ho-chi-minh/raum-brunch-cafe-27-duong-so-16,,,,,,https://shope.ee/1gIyrkqnYj,
https://shopeefood.vn/ho-chi-minh/la-pergola-nha-hang-2-nguyen-an.vphwr7,,,,,,https://shope.ee/1VzYfRrQti,
https://shopeefood.vn/ho-chi-minh/bella-italia-pizza-my-phu-2c,,,,,,https://shope.ee/1Lg8T8s4Eh,
https://shopeefood.vn/ho-chi-minh/mindfully-coffee-bakes-duong-so-11,,,,,,https://shope.ee/3qNTRjiYAC,
https://shopeefood.vn/ho-chi-minh/havamall-gourmet-112-bach-dang,,,,,,https://shope.ee/905ZbEOGJx,
https://shopeefood.vn/ho-chi-minh/ciao-bella-il-primo-italian-pasta-pizza-dong-du,,,,,,https://shope.ee/8pm9OvOtew,
https://shopeefood.vn/ho-chi-minh/mr-li-steak-pasta,,,,,,https://shope.ee/8fSjCcPWzv,
https://shopeefood.vn/ho-chi-minh/the-vintage-emporium-cafe-thao-dien,,,,,,https://shope.ee/9pegalL5dA,
https://shopeefood.vn/ho-chi-minh/hygge-eatery-pasta-thu-cong,,,,,,https://shope.ee/9fLGOSLiy9,
https://shopeefood.vn/ho-chi-minh/ngoc-quy-bot-chien-top-mo-nui-mi-xao-duong-so-1,,,,,,https://shope.ee/9V1qC9MMJ8,
https://shopeefood.vn/ho-chi-minh/com-ga-xoi-mo-nui-xao-bo-chu-chuot,,,,,,https://shope.ee/9KiPzqMze7,
https://shopeefood.vn/ho-chi-minh/quan-nha-thu-com-chien-mi-xao-nui-xao-bo,,,,,,https://shope.ee/AUuNNzIYHM,
https://shopeefood.vn/ho-chi-minh/bot-chien-top-mo-nui-mi-xao-an-vat-ngoc-quy,,,,,,https://shope.ee/AKaxBgJBcL,
https://shopeefood.vn/ho-chi-minh/co-nhung-mi-xao-bo-nui-xao-bo-banh-lot,,,,,,https://shope.ee/AAHWzNJoxK,
https://shopeefood.vn/ho-chi-minh/nui-mi-xao-bo-16i-lac-long-quan.w35l1n,,,,,,https://shope.ee/9zy6n4KSIJ,
https://shopeefood.vn/ho-chi-minh/co-thao-com-tam-nui-xao-bo-c2-pham-hung.q5btgw,,,,,,https://shope.ee/W71TbucZU,
https://shopeefood.vn/ho-chi-minh/kim-chi-nui-xao-bo,,,,,,https://shope.ee/LnbHIvFuT,
https://shopeefood.vn/ho-chi-minh/quan-bo-nguyen-mi-xao-bo-nui-xao-hai-san-bui-duong-lich.nxao9i,,,,,,https://shope.ee/BUB4zvtFS,
https://shopeefood.vn/ho-chi-minh/com-ga-xoi-mo-nui-mi-xao-bo,,,,,,https://shope.ee/1AksgwWaR,
https://shopeefood.vn/ho-chi-minh/chick-ken-house-ga-ran-sot-nui-xao-bo-tran-xuan-soan,,,,,,https://shope.ee/1BMiGps5Dg,
https://shopeefood.vn/ho-chi-minh/tiem-tuk-tiu-ba-hat,,,,,,https://shope.ee/113I4WsiYf,
https://shopeefood.vn/ho-chi-minh/nui-xao-bo-389-le-van-quoi,,,,,,https://shope.ee/qjrsDtLte,
https://shopeefood.vn/ho-chi-minh/nui-xao-bo-mi-xao-com-chien-46-van-than-shop-online,,,,,,https://shope.ee/gQRfutzEd,
https://shopeefood.vn/ho-chi-minh/bot-chien-nui-xao-bo-pham-hung,,,,,,https://shope.ee/1qcP43pXrs,
https://shopeefood.vn/ho-chi-minh/mi-tron-mi-xao-nui-xao-bo-su-ri,,,,,,https://shope.ee/1gIyrkqBCr,
https://shopeefood.vn/ho-chi-minh/quan-an-166-2-nui-xao-bo-com-xao-bo,,,,,,https://shope.ee/1VzYfRqoXq,
https://shopeefood.vn/ho-chi-minh/tron-quan-mi-nui-xao-bo-cho-gau,,,,,,https://shope.ee/1Lg8T8rRsp,
https://shopeefood.vn/ho-chi-minh/mama-meal-nui-xao-bo-com-hamburger,,,,,,https://shope.ee/2Vs5rHn0W4,
https://shopeefood.vn/ho-chi-minh/bo-kho-co-ba-nui-xao-bo-bun-nuoc-tuong-mi-tron-indomie,,,,,,https://shope.ee/2LYfeyndr3,
https://shopeefood.vn/ho-chi-minh/banh-flan-rau-cau-nui-xao-bo-co-kim,,,,,,https://shope.ee/2BFFSfoHC2,
https://shopeefood.vn/ho-chi-minh/suri-mi-tron-ca-vien-nui-xao-bo-241-nguyen-van-cong-phuong-hanh-thong,,,,,,https://shope.ee/20vpGMouX1,
https://shopeefood.vn/ho-chi-minh/bot-chien-cong-vien-mi-nui-xao-bun-bo-xao-goi-cuon-duong-46,,,,,,https://shope.ee/3B7meVkTAG,
https://shopeefood.vn/ho-chi-minh/ngoc-giang-food-nui-xao-bo-binh-tien,,,,,,https://shope.ee/30oMSCl6VF,
https://shopeefood.vn/ho-chi-minh/banh-mi-ngoc-thu-banh-mi-mi-nui-xao-bo-178-xo-viet-nghe-tinh,,,,,,https://shope.ee/2qUwFtljqE,
https://shopeefood.vn/ho-chi-minh/nui-xao-bo-pho-tron-bo-xoi-phuc-anh,,,,,,https://shope.ee/2gBW3amNBD,
https://shopeefood.vn/ho-chi-minh/bun-nuoc-tuong-nui-xao-bo-nga-van-kiep,,,,,,https://shope.ee/3qNTRjhvoS,
https://shopeefood.vn/ho-chi-minh/hong-dung-mi-xao-bo-nui-xao-bo-mi-tron-huynh-tan-phat,,,,,,https://shope.ee/3g43FQiZ9R,
https://shopeefood.vn/ho-chi-minh/an-vat-vit-con-xien-que-nui-xao-bo-com-ga-gion-shop-online,,,,,,https://shope.ee/3Vkd37jCUQ,
https://shopeefood.vn/ho-chi-minh/phuong-my-mi-xao-nui-xao-bo,,,,,,https://shope.ee/3LRCqojppP,
https://shopeefood.vn/ho-chi-minh/diamond-90-mi-tron-com-cuon-nui-xao-bo,,,,,,https://shope.ee/4VdAExfOSe,
https://shopeefood.vn/ho-chi-minh/mi-nui-xao-bo-trung-nguyen-gian-thanh,,,,,,https://shope.ee/4LJk2eg1nd,
https://shopeefood.vn/ho-chi-minh/gu-sai-gon-bot-chien-nui-xao-bo-ba-hom.9ehmf6,,,,,,https://shope.ee/4B0JqLgf8c,
https://shopeefood.vn/ho-chi-minh/mi-xao-nui-xao-bo-bimbim-cu-xa-thanh-da,,,,,,https://shope.ee/40gte2hITb,
https://shopeefood.vn/ho-chi-minh/mi-xao-com-nui-xao-bo-anh-thu-quan,,,,,,https://shope.ee/5Asr2Bcr6q,
https://shopeefood.vn/ho-chi-minh/bep-nha-subo-mi-nui-xao-bo-nuoc-mat-sua-thach-tra-sua-11-tran-van-dang,,,,,,https://shope.ee/50ZQpsdURp,
https://shopeefood.vn/ho-chi-minh/anh-mat-kinh-food-nui-xao-bo-sot-tieu-den-tan-thanh,,,,,,https://shope.ee/4qG0dZe7mo,
https://shopeefood.vn/ho-chi-minh/bep-ty-na-nui-xao-mi-xao-bun-gao-xao-bo,,,,,,https://shope.ee/4fwaRGel7n,
https://shopeefood.vn/ho-chi-minh/co-tu-cau-xeo-mi-nui-xao-bo,,,,,,https://shope.ee/60Ry1iZgQ4,
https://shopeefood.vn/ho-chi-minh/nui-xao-nha-bo-com-gao-luc-trinh-dinh-thao,,,,,,https://shope.ee/6AlOE1Z357,
https://shopeefood.vn/ho-chi-minh/boi-boi-mi-xao-nui-xao-bo-nguyen-thanh-tuyen,,,,,,https://shope.ee/6L4oQKYPkA,
https://shopeefood.vn/ho-chi-minh/mi-tron-ca-vien-mymy-mi-nui-xao-bo-cao-lo,,,,,,https://shope.ee/6VOEcdXmPD,
https://shopeefood.vn/ho-chi-minh/quan-gau-bin-mi-xao-nui-xao-bo-kho-banh-mi,,,,,,https://shope.ee/5LCHEUcDm0,
https://shopeefood.vn/ho-chi-minh/mi-xao-bo-nui-xao-bo-com-bo-xao-di-gai-bach-dang,,,,,,https://shope.ee/5VVhQnbaR3,
https://shopeefood.vn/ho-chi-minh/quan-an-ngon-bun-ca-chau-doc-mi-xao-bo-nui-xao-bo-tan-khai,,,,,,https://shope.ee/5fp7d6ax66,
https://shopeefood.vn/ho-chi-minh/nui-xao-bo-mi-tron-102-to-hien-thanh,,,,,,https://shope.ee/5q8XpPaJl9,
https://shopeefood.vn/ho-chi-minh/bep-nha-lin-com-xao-bo-nui-xao,,,,,,https://shope.ee/7KxLcAUbiS,
https://shopeefood.vn/ho-chi-minh/bep-nha-tram-mi-nui-xao-bo-duong-17.qnkwse,,,,,,https://shope.ee/7VGloTTyNV,
https://shopeefood.vn/ho-chi-minh/hem-food-online-my-y-nui-xao-bo-tra-sua,,,,,,https://shope.ee/7faC0mTL2Y,
https://shopeefood.vn/ho-chi-minh/mi-xao-nui-xao-bo-trung-long-dao-anh-thu,,,,,,https://shope.ee/7ptcD5Shhb,
https://shopeefood.vn/ho-chi-minh/bun-thit-xao-mien-tay-mi-nui-xao-bo-cao-dat,,,,,,https://shope.ee/6fheowX94O,
https://shopeefood.vn/ho-chi-minh/yen-nhi-ca-vien-chien-mi-nui-xao-bo,,,,,,https://shope.ee/6q151FWVjR,
https://shopeefood.vn/ha-noi/ichi-food-chao-sup-my-ga-u-muoi-quan-hoa,,,,,,https://shope.ee/70KVDYVsOU,
https://shopeefood.vn/ha-noi/ichi-food-chao-sup-my-ga-u-muoi-thanh-binh,,,,,,https://shope.ee/7AdvPrVF3X,
https://shopeefood.vn/ha-noi/chao-ga-ba-my-1,,,,,,https://shope.ee/8fSjCcPX0q,
https://shopeefood.vn/ha-noi/ichi-food-chao-sup-my-ga-u-muoi-bui-ngoc-duong,,,,,,https://shope.ee/8pm9OvOtft,
https://shopeefood.vn/ha-noi/ichi-food-chao-sup-my-ga-u-muoi-truong-cong-giai,,,,,,https://shope.ee/905ZbEOGKw,
https://shopeefood.vn/ha-noi/ichi-food-chao-sup-my-ga-u-muoi-tran-thai-tong,,,,,,https://shope.ee/9AOznXNczz,
https://shopeefood.vn/ha-noi/phuong-thao-chao-ngon-sup-dac-biet-va-ga-u-muoi-hoa-tieu-thinh-quang,,,,,,https://shope.ee/80D2POS4Mm,
https://shopeefood.vn/ha-noi/ichi-food-chao-my-ga-u-muoi-dinh-thon,,,,,,https://shope.ee/8AWSbhRR1p,
https://shopeefood.vn/ha-noi/huy-food-chao-sup-ga-my-xao-trung-kinh,,,,,,https://shope.ee/8Kpso0Qngs,
https://shopeefood.vn/ha-noi/minh-chau-chao-ngon-sup-ga-dac-biet-my-xao-278-thai-ha,,,,,,https://shope.ee/8V9J0JQALv,
https://shopeefood.vn/ha-noi/chao-ngon-18-chao-ga-chao-thit-chao-tim-cat,,,,,,https://shope.ee/9zy6n4KSJE,
https://shopeefood.vn/ha-noi/dam-nhung-chao-my-ga-tan-truong-dinh,,,,,,https://shope.ee/AAHWzNJoyH,
https://shopeefood.vn/ha-noi/tien-food-chao-chao-ga-mi-xao-chan-ga-hoang-hoa-tham,,,,,,https://shope.ee/AKaxBgJBdK,
https://shopeefood.vn/ha-noi/bep-me-bap-food-chao-ga-my-xao-chan-ga,,,,,,https://shope.ee/AUuNNzIYIN,
https://shopeefood.vn/ha-noi/chao-ga-vinh-hung.b5bjx8,,,,,,https://shope.ee/9KiPzqMzfA,
https://shopeefood.vn/ha-noi/trinh-food-chao-chao-ga-chao-thit-trung-kinh,,,,,,https://shope.ee/9V1qC9MMKD,
https://shopeefood.vn/ha-noi/beo-food-chao-sup-my-xao-ga-tan-nguyen-hoang,,,,,,https://shope.ee/9fLGOSLizG,
https://shopeefood.vn/ha-noi/chao-ga-sup-cua-tam-food,,,,,,https://shope.ee/9pegalL5eJ,
https://shopeefood.vn/ha-noi/chao-ngon-ngat-food-chao-chao-ga-mi-xao,,,,,,https://shope.ee/gQRfutzFY,
https://shopeefood.vn/ha-noi/chao-ngon-truong-food-chao-ga-thit-tim-do-uong,,,,,,https://shope.ee/qjrsDtLub,
https://shopeefood.vn/ha-noi/chao-ngon-bep-hoa-chao-hai-san-chao-tim-cat-chao-ga-tay-son,,,,,,https://shope.ee/113I4WsiZe,
https://shopeefood.vn/ha-noi/tiem-xoi-24h-xoi-chao-ga-nam-le-van-hien,,,,,,https://shope.ee/1BMiGps5Eh,
https://shopeefood.vn/ha-noi/chao-ngon-khuong-trung-chao-ga-chao-tim-sup,,,,,,https://shope.ee/1AksgwWbU,
https://shopeefood.vn/ha-noi/tiem-cua-kem-ga-tan-chao-sup,,,,,,https://shope.ee/BUB4zvtGX,
https://shopeefood.vn/ha-noi/chao-kemfood-soup-ga-my-xao-do-an-vat,,,,,,https://shope.ee/LnbHIvFva,
https://shopeefood.vn/ha-noi/chao-ngon-quan-chao-ga-chao-tim-chao-thit-mi-xao,,,,,,https://shope.ee/W71Tbucad,
https://shopeefood.vn/ha-noi/chao-ngon-ha-nam-ninh-chao-thit-chao-tim-cat-chao-ga-yen-lang,,,,,,https://shope.ee/20vpGMouXw,
https://shopeefood.vn/ha-noi/chao-sup-my-xao-my-ga-tan-my-dinh,,,,,,https://shope.ee/2BFFSfoHCz,
https://shopeefood.vn/ha-noi/anh-loi-chao-ga-nam,,,,,,https://shope.ee/2LYfeynds2,
https://shopeefood.vn/ha-noi/chao-ngon-me-beo-sup-ga-mi-xao-dac-biet-my-dinh,,,,,,https://shope.ee/2Vs5rHn0X5,
https://shopeefood.vn/ha-noi/dam-nhung-chao-my-ga-tan-281-truong-dinh,,,,,,https://shope.ee/1Lg8T8rRts,
https://shopeefood.vn/ha-noi/chao-bun-tron-tap-ga-quan,,,,,,https://shope.ee/1VzYfRqoYv,
https://shopeefood.vn/ha-noi/chao-ngon-co-huong-chao-tim-cat-chao-ga-chao-thit,,,,,,https://shope.ee/1gIyrkqBDy,
https://shopeefood.vn/ha-noi/chao-ga-bun-rieu-pho-co-van-kiep,,,,,,https://shope.ee/1qcP43pXt1,
https://shopeefood.vn/ha-noi/dam-nhung-chao-my-ga-tan-14-nguyen-duc-canh,,,,,,https://shope.ee/3LRCqojpqK,
https://shopeefood.vn/ha-noi/dai-thom-food-sup-ga-dac-biet-my-xao-chao,,,,,,https://shope.ee/3Vkd37jCVN,
https://shopeefood.vn/ha-noi/nhim-xu-quan-chao-mi-xao-chan-ga-sa-tac-my-dinh,,,,,,https://shope.ee/3g43FQiZAQ,
https://shopeefood.vn/ha-noi/pho-bo-pho-ga-chao-ga-gia-truyen-minh-khai,,,,,,https://shope.ee/3qNTRjhvpT,
https://shopeefood.vn/ha-noi/chao-ga-quan-shop-online,,,,,,https://shope.ee/2gBW3amNCG,
https://shopeefood.vn/ha-noi/chao-ngon-sup-ga-thanh-xuan,,,,,,https://shope.ee/2qUwFtljrJ,
https://shopeefood.vn/ha-noi/ga-tan-chao-ngon-khuat-duy-tien,,,,,,https://shope.ee/30oMSCl6WM,
https://shopeefood.vn/ha-noi/chao-ba-phuong-sup-ga-dac-biet-chan-ga-sot-thai-sa-tac,,,,,,https://shope.ee/3B7meVkTBP,
https://shopeefood.vn/ha-noi/chao-ga-huong-food-do-an-vat,,,,,,https://shope.ee/4fwaRGel8i,
https://shopeefood.vn/ha-noi/chao-ga-kho-hanh-ba-thuy-shop-online,,,,,,https://shope.ee/LnbHJ0Gzi,
https://shopeefood.vn/ha-noi/thanh-luan-quan-com-dui-ga-sot-bun-chao,,,,,,https://shope.ee/W71Tbzdel,
https://shopeefood.vn/ha-noi/quan-chao-me-gau-chao-ga-ngo-thai-thinh-1,,,,,,https://shope.ee/gQRfuz0Jo,
https://shopeefood.vn/ha-noi/chao-ga-nam-hoa-lam,,,,,,https://shope.ee/qjrsDyMyr,
https://shopeefood.vn/ha-noi/ha-anh-quan-chao-sup-ga-my-xao,,,,,,https://shope.ee/113I4Wxjdu,
https://shopeefood.vn/ha-noi/lan-tien-chao-ga-hong-mai.kwanur,,,,,,https://shope.ee/1BMiGpx6Ix,
https://shopeefood.vn/ha-noi/chao-ga-tan-bun-bo-hue-tran-duy-hung,,,,,,https://shope.ee/1Lg8T8wSy0,
https://shopeefood.vn/ha-noi/pho-van-xoi-chao-ga,,,,,,https://shope.ee/1VzYfRvpd3,
https://shopeefood.vn/ha-noi/chao-goi-nom-ga-phao-ma-quan,,,,,,https://shope.ee/1gIyrkvCI6,
https://shopeefood.vn/ha-noi/quan-co-hanh-pho-ga-chao-tim-cat,,,,,,https://shope.ee/1qcP43uYx9,
https://shopeefood.vn/ha-noi/chao-ngon-jerry-chuyen-my-xao-chan-ga-sa-tac-sot-thai,,,,,,https://shope.ee/20vpGMtvcC,
https://shopeefood.vn/ha-noi/thu-hang-chao-pho-ga-sot-vang-le-hong-phong,,,,,,https://shope.ee/2BFFSftIHF,
https://shopeefood.vn/ha-noi/ngon-food-chao-thit-chao-ga-my-xao,,,,,,https://shope.ee/2LYfeysewI,
https://shopeefood.vn/ha-noi/chao-quynh-kun-24h-ga-u-muoi-tra-sua-do-an-vat,,,,,,https://shope.ee/2Vs5rHs1bL,
https://shopeefood.vn/ha-noi/ngai-ga-tan-thuoc-bac-sam-tuoi-pho-chao-ga-da-gion,,,,,,https://shope.ee/2gBW3arOGO,
https://shopeefood.vn/ha-noi/co-mo-oc-oc-my-ga-tan-chao-bach-khoa,,,,,,https://shope.ee/2qUwFtqkvR,
https://shopeefood.vn/ha-noi/bebe-chao-dinh-duong-sup-ga-bach-khoa,,,,,,https://shope.ee/30oMSCq7aU,
https://shopeefood.vn/ha-noi/tiem-ap-chao-ga-chien,,,,,,https://shope.ee/3B7meVpUFX,
https://shopeefood.vn/ha-noi/nem-nuong-nha-trang-banh-mi-chao-ga-u-muoi-tran-cung,,,,,,https://shope.ee/3LRCqooqua,
https://shopeefood.vn/ha-noi/chao-huyen-cao-su-pho-ga-mi-tim-cat-ngo-65-khuong-dinh,,,,,,https://shope.ee/3Vkd37oDZd,
https://shopeefood.vn/ha-noi/chao-ga-chao-suon-nguyen-van-cu,,,,,,https://shope.ee/3g43FQnaEg,
https://shopeefood.vn/ha-noi/vua-ga-com-ga-chao-ga-lau-ga-la-e,,,,,,https://shope.ee/3qNTRjmwtj,
https://shopeefood.vn/ha-noi/tiem-co-mui-chao-ga,,,,,,https://shope.ee/40gte2mJYm,
https://shopeefood.vn/ha-noi/haki-quan-chao-ech-com-ech-chao-ga-thanh-lam,,,,,,https://shope.ee/4B0JqLlgDp,
https://shopeefood.vn/ha-noi/chao-ga-my-tron-indomei-dinh-thon-my-dinh,,,,,,https://shope.ee/4LJk2el2ss,
https://shopeefood.vn/ha-noi/mika-xin-chao-ga-vien-pizza-my-tron-pho-vien,,,,,,https://shope.ee/4VdAExkPXv,
https://shopeefood.vn/ha-noi/yen-chip-xoi-ga-bop-chan-ga-bop-xu-hue-chao-ga,,,,,,https://shope.ee/4fwaRGjmCy,
https://shopeefood.vn/ha-noi/bun-cha-bun-dau-chao-ga-do-an-h3-bui-quoc-khai,,,,,,https://shope.ee/4qG0dZj8s1,
https://shopeefood.vn/ha-noi/pho-chao-ga-bep-ba-hoa-thanh-cong,,,,,,https://shope.ee/50ZQpsiVX4,
https://shopeefood.vn/ha-noi/bun-cha-bun-dau-chao-ga-suon-sun-do-an-h3,,,,,,https://shope.ee/5Asr2BhsC7,
https://shopeefood.vn/ha-noi/pho-ga-chao-ga-pho-ga-thoc,,,,,,https://shope.ee/5LCHEUhErA,
https://shopeefood.vn/ha-noi/dinh-quan-ga-ran-an-vat-chao-ga-chua-lang,,,,,,https://shope.ee/5VVhQngbWD,
https://shopeefood.vn/ha-noi/yen-chip-xoi-ga-bop-chan-ga-bop-xu-hue-chao-ga-nhan-hoa,,,,,,https://shope.ee/5fp7d6fyBG,
https://shopeefood.vn/da-nang/chao-ga-goi-ga-anh-map-luong-the-vinh,,,,,,https://shope.ee/5q8XpPfKqJ,
https://shopeefood.vn/da-nang/de-nhat-chao-ga-88-32-luong-the-vinh,,,,,,https://shope.ee/60Ry1iehVM,
https://shopeefood.vn/da-nang/tiem-chao-ga-u-muoi-24-7,,,,,,https://shope.ee/6AlOE1e4AP,
https://shopeefood.vn/da-nang/com-ga-chao-ga-mymy,,,,,,https://shope.ee/6L4oQKdQpS,
https://shopeefood.vn/da-nang/bep-quoang-ga-ac-tiem-thuoc-bac-chao-com-chien,,,,,,https://shope.ee/6VOEcdcnUV,
https://shopeefood.vn/da-nang/ga-ta-chao-ga-long-tha-76-ton-dan,,,,,,https://shope.ee/6fheowcA9Y,
https://shopeefood.vn/da-nang/ga-hap-la-chanh-chao-ga-an-lanh-song-khoe,,,,,,https://shope.ee/6q151FbWob,
https://shopeefood.vn/da-nang/quan-ha-ga-ac-tan-thuoc-bac,,,,,,https://shope.ee/70KVDYatTe,
https://shopeefood.vn/da-nang/chao-ga-bo-kenh-dinh-liet,,,,,,https://shope.ee/7AdvPraG8h,
https://shopeefood.vn/da-nang/chao-nhung-huou-ga-ac-bo-cau-xi-trum-quan,,,,,,https://shope.ee/7KxLcAZcnk,
https://shopeefood.vn/da-nang/ga-u-muoi-genz-chao-ga-mi-xao,,,,,,https://shope.ee/7VGloTYzSn,
https://shopeefood.vn/da-nang/ga-vang-to-com-ga-chao-ga,,,,,,https://shope.ee/7faC0mYM7q,
https://shopeefood.vn/ho-chi-minh/chao-ech-chao-ga-singapore-a-hung-tan-quy,,,,,,https://shope.ee/7ptcD5Ximt,
https://shopeefood.vn/ho-chi-minh/keta-com-ga-chao-ga,,,,,,https://shope.ee/80D2POX5Rw,
https://shopeefood.vn/ho-chi-minh/thanh-huong-ga-ta-tam-ky,,,,,,https://shope.ee/8AWSbhWS6z,
https://shopeefood.vn/ho-chi-minh/ga-ta-thanh-lam-com-ga-goi-ga-chao-ga,,,,,,https://shope.ee/8Kpso0Vom2,
https://shopeefood.vn/ho-chi-minh/chao-nha-chao-ga-ngo-gia-tu.ajvmw8,,,,,,https://shope.ee/8V9J0JVBR5,
https://shopeefood.vn/ho-chi-minh/ga-dong-chao-ga-goi-ga-76-phan-van-han,,,,,,https://shope.ee/8fSjCcUY68,
https://shopeefood.vn/ho-chi-minh/van-huong-com-chao-goi-ga-ta,,,,,,https://shope.ee/8pm9OvTulB,
https://shopeefood.vn/ho-chi-minh/ga-ta-son-ca-ga-cung-chao-goi-com-ga,,,,,,https://shope.ee/905ZbETHQE,
https://shopeefood.vn/ho-chi-minh/quan-ga-ta-hong-phat-com-chao-goi-ga-ga-cung-nguyen-duy-trinh.f7lybh,,,,,,https://shope.ee/9AOznXSe5H,
https://shopeefood.vn/ho-chi-minh/ga-ta-69-com-chao-goi-ga-phu-thuan,,,,,,https://shope.ee/9KiPzqS0kK,
https://shopeefood.vn/ho-chi-minh/ga-ta-anh-thu-com-ga-chao-goi,,,,,,https://shope.ee/9V1qC9RNPN,
https://shopeefood.vn/ho-chi-minh/ga-ta-son-ca-ga-cung-chao-goi,,,,,,https://shope.ee/9fLGOSQk4Q,
https://shopeefood.vn/ho-chi-minh/ga-ta-tam-ky-nha-han-quan-com-ga-chao-ga-ha-huy-giap.9chicw,,,,,,https://shope.ee/9pegalQ6jT,
https://shopeefood.vn/ho-chi-minh/ga-dong-chao-ga-goi-ga-binh-chanh,,,,,,https://shope.ee/9zy6n4PTOW,
https://shopeefood.vn/ho-chi-minh/com-ga-chao-ga-ga-luoc-chat-la-chanh-bao-anh,,,,,,https://shope.ee/AAHWzNOq3Z,
https://shopeefood.vn/ho-chi-minh/ga-dong-chao-ga-goi-ga-ung-van-khiem,,,,,,https://shope.ee/AKaxBgOCic,
https://shopeefood.vn/ho-chi-minh/ga-ta-van-chien-com-ga-chao-ga-goi-ga-le-van-khuong,,,,,,https://shope.ee/AUuNNzNZNf,
https://shopeefood.vn/ho-chi-minh/quan-ga-ta-tam-ky-com-chao-goi-ga-go-dau,,,,,,https://shope.ee/BUB500uLg,
https://shopeefood.vn/ho-chi-minh/ga-dong-chao-ga-goi-ga-phan-van-han,,,,,,https://shope.ee/1Aksh1Xgf,
https://shopeefood.vn/ho-chi-minh/ga-ta-tam-ky-com-chao-mien-huynh-dinh-hai,,,,,,https://shope.ee/W71Tbzdfm,
https://shopeefood.vn/ho-chi-minh/di-nam-chao-ga-trung-non,,,,,,https://shope.ee/LnbHJ0H0l,
https://shopeefood.vn/ho-chi-minh/ga-ta-anh-tuyet-160-lac-long-quan,,,,,,https://shope.ee/qjrsDyMzs,
https://shopeefood.vn/ho-chi-minh/com-ga-chao-goi-ga-ta-phuong-thao,,,,,,https://shope.ee/gQRfuz0Kr,
https://shopeefood.vn/ho-chi-minh/chao-ga-goi-ga-ta-ga-vuon-ben-tre,,,,,,https://shope.ee/1BMiGpx6Jy,
https://shopeefood.vn/ho-chi-minh/chao-ga-an-vat-co-ba-nguyen-xien,,,,,,https://shope.ee/113I4Wxjex,
https://shopeefood.vn/ho-chi-minh/ga-ta-tay-ninh-5-com-ga-chao-goi-le-duc-tho.ntkw8f,,,,,,https://shope.ee/1VzYfRvpe4,
https://shopeefood.vn/ho-chi-minh/com-chao-ga-ta-quynh-ky,,,,,,https://shope.ee/1Lg8T8wSz3,
https://shopeefood.vn/ho-chi-minh/chao-ga-ta-long-an,,,,,,https://shope.ee/1qcP43uYyA,
https://shopeefood.vn/ho-chi-minh/chao-ga-nha-hoai,,,,,,https://shope.ee/1gIyrkvCJ9,
https://shopeefood.vn/ho-chi-minh/son-ca-ga-ta-vit-co-ga-nuong-lu,,,,,,https://shope.ee/2BFFSftIIG,
https://shopeefood.vn/ho-chi-minh/ga-ta-tam-ky-com-chao-goi-ga-cung,,,,,,https://shope.ee/20vpGMtvdF,
https://shopeefood.vn/ho-chi-minh/ga-ta-tam-ky-com-ga-chao-ga-goi-ga-tan-son-nhi,,,,,,https://shope.ee/2Vs5rHs1cM,
https://shopeefood.vn/ho-chi-minh/chao-ga-nhat-phu-nguyen-chao-ga-mien-ga-lau-ga-le-van-duyet,,,,,,https://shope.ee/2LYfeysexL,
https://shopeefood.vn/ho-chi-minh/ga-ta-thao-com-chao-mien-goi-ga-688-pham-van-bach-p12-q-go-vap.0wvljb,,,,,,https://shope.ee/2qUwFtqkwS,
https://shopeefood.vn/ho-chi-minh/bo-kho-cari-ga-chao-suon-quoc-anh,,,,,,https://shope.ee/2gBW3arOHR,
https://shopeefood.vn/ho-chi-minh/com-ga-chao-goi-ga-ta-dong-que-nguyen-anh-thu,,,,,,https://shope.ee/3B7meVpUGY,
https://shopeefood.vn/ho-chi-minh/ga-dong-chao-ga-goi-ga,,,,,,https://shope.ee/30oMSCq7bX,
https://shopeefood.vn/ho-chi-minh/huyen-thoai-quan-chao-goi-ga-vit-com-ga,,,,,,https://shope.ee/3Vkd37oDae,
https://shopeefood.vn/ho-chi-minh/com-ga-chao-goi-ga-ta-dong-que-1131-nguyen-anh-thu,,,,,,https://shope.ee/3LRCqooqvd,
https://shopeefood.vn/ho-chi-minh/com-ga-chao-goi-ga-ta-tuong-vy-xo-viet-nghe-tinh,,,,,,https://shope.ee/3qNTRjmwuk,
https://shopeefood.vn/ho-chi-minh/ga-ta-tam-ky-com-chao-goi-ga-nguyen-cuu-phu,,,,,,https://shope.ee/3g43FQnaFj,
https://shopeefood.vn/ho-chi-minh/ga-ta-thuy-tien-com-ga-chao-ga-tan-son-nhi.szjqnb,,,,,,https://shope.ee/4B0JqLlgEq,
https://shopeefood.vn/ho-chi-minh/chao-ga-goi-ga-thuy-24-duong-so-15,,,,,,https://shope.ee/40gte2mJZp,
https://shopeefood.vn/ho-chi-minh/di-nam-chao-ga-trung-non-duong-so-4,,,,,,https://shope.ee/4VdAExkPYw,
https://shopeefood.vn/ho-chi-minh/com-ga-chao-ga-goi-ga-ta-anh-tai,,,,,,https://shope.ee/4LJk2el2tv,
https://shopeefood.vn/ho-chi-minh/yen-sao-hang-phat-chao-yen-chung-sup-ga-tiem-duong-so-5,,,,,,https://shope.ee/4qG0dZj8t2,
https://shopeefood.vn/ho-chi-minh/ga-ta-son-ca-chao-goi-ga,,,,,,https://shope.ee/4fwaRGjmE1,
https://shopeefood.vn/ho-chi-minh/banh-mi-chao-ga-an-vat-3h,,,,,,https://shope.ee/5Asr2BhsD8,
https://shopeefood.vn/ho-chi-minh/a-phu-com-ga-bun-thit-nuong-chao-ga-ac,,,,,,https://shope.ee/50ZQpsiVY7,
https://shopeefood.vn/ha-noi/blud-nom-bo-kho-my-tron-do-an-vat-vinh-hung,,,,,,https://shope.ee/5VVhQngbXE,
https://shopeefood.vn/ha-noi/pha-lau-bo-ba-que-bo-kho-banh-mi-kham-thien,,,,,,https://shope.ee/5LCHEUhEsD,
https://shopeefood.vn/ha-noi/banh-mi-bo-kho-247-cau-giay-bo-kho-tran-quoc-hoan.zhafzc,,,,,,https://shope.ee/5q8XpPfKrK,
https://shopeefood.vn/ha-noi/quan-chien-xu-banh-trang-tron-bo-tron-bo-kho-30-van-phuc,,,,,,https://shope.ee/5fp7d6fyCJ,
https://shopeefood.vn/ha-noi/xoi-banh-mi-nuoc-ep-huyen-269-doan-ke-thien,,,,,,https://shope.ee/6AlOE1e4BQ,
https://shopeefood.vn/ha-noi/pao-banh-mi-bo-kho-luong-dinh-cua.pdagfr,,,,,,https://shope.ee/60Ry1iehWP,
https://shopeefood.vn/ha-noi/tiem-co-van-banh-my-bo-kho-dong-xuan.nsmjsv,,,,,,https://shope.ee/1Lg8T8xMNJ,
https://shopeefood.vn/ha-noi/tiem-an-vat-quynh-tram-nom-bo-kho-banh-my-sot-vang-bach-mai,,,,,,https://shope.ee/1qcP43vSMQ,
https://shopeefood.vn/ha-noi/bo-kho-my-huong-hang-giay,,,,,,https://shope.ee/1gIyrkw5hP,
https://shopeefood.vn/ha-noi/banh-tom-banh-bot-loc-va-nom-bo-kho-quang-trung,,,,,,https://shope.ee/qjrsDzGOG,
https://shopeefood.vn/ha-noi/xoi-thit-kho-xa-xiu-banh-mi-pate-ruoc-tra-trai-cay-1994,,,,,,https://shope.ee/gQRfuztjF,
https://shopeefood.vn/ha-noi/long-vi-nom-bo-kho-va-banh-mi-xa-xiu-hong-kong-khuong-trung,,,,,,https://shope.ee/1BMiGpxziM,
https://shopeefood.vn/ha-noi/huyen-nom-bo-kho-banh-bot-loc-hoa-bang,,,,,,https://shope.ee/113I4Wyd3L,
https://shopeefood.vn/ha-noi/bep-me-bap-mi-bo-kho-banh-mi-bo-81-nguyen-ngoc-doan,,,,,,https://shope.ee/BUB501nkC,
https://shopeefood.vn/da-nang/bun-rieu-cua-dong-bo-kho-banh-mi-89-giap-van-cuong,,,,,,https://shope.ee/1Aksh2R5B,
https://shopeefood.vn/da-nang/bo-kho-banh-mi-xoi-nuoc-ep-184-nguyen-luong-bang,,,,,,https://shope.ee/W71Tc0X4I,
https://shopeefood.vn/da-nang/hu-tieu-nam-vang-banh-mi-bo-kho-hung-ky-quan,,,,,,https://shope.ee/LnbHJ1APH,
https://shopeefood.vn/da-nang/sang-hong-xoi-thit-nuong-bo-kho-banh-mi,,,,,,https://shope.ee/4qG0dZk2HA,
https://shopeefood.vn/da-nang/bui-quan-banh-mi-bo-kho-op-la,,,,,,https://shope.ee/4fwaRGkfc9,
https://shopeefood.vn/da-nang/banh-canh-bo-kho-banh-beo-a-chin,,,,,,https://shope.ee/5Asr2BilbG,
https://shopeefood.vn/da-nang/sachi-bo-kho-cao-lau-mi-xiu,,,,,,https://shope.ee/50ZQpsjOwF,
https://shopeefood.vn/da-nang/banh-mi-bo-kho-nem-nuong-nha-trang-bep-viet,,,,,,https://shope.ee/4B0JqLmZd6,
https://shopeefood.vn/da-nang/pho-kho-gia-lai-ngoc-pho-kho-gia-lai-banh-mi-bo-kho-le-dinh-duong,,,,,,https://shope.ee/40gte2nCy5,
https://shopeefood.vn/da-nang/th-juice-food-banh-my-bo-kho-nuoc-ep-sinh-to-nguyen-luong-bang.lswobk,,,,,,https://shope.ee/4VdAExlIxC,
https://shopeefood.vn/da-nang/bo-kho-mi-tuoi-bep-o-long,,,,,,https://shope.ee/4LJk2elwIB,
https://shopeefood.vn/da-nang/chi-phuong-bo-kho-banh-mi-sup-cua-sai-gon-xoi-trung-nhi,,,,,,https://shope.ee/3Vkd37p6z2,
https://shopeefood.vn/da-nang/kk88-banh-mi-chao-bo-kho-bun-mam,,,,,,https://shope.ee/3LRCqopkK1,
https://shopeefood.vn/da-nang/xi-muoi-bo-kho-banh-mi-chao,,,,,,https://shope.ee/3qNTRjnqJ8,
https://shopeefood.vn/da-nang/tiem-mi-nha-chu-ba-huyen-thanh-quan,,,,,,https://shope.ee/3g43FQoTe7,
https://shopeefood.vn/da-nang/tiem-an-co-duyen-com-bo-kho-mi-xa-xiu,,,,,,https://shope.ee/2qUwFtreKy,
https://shopeefood.vn/da-nang/bep-hue-banh-canh-bo-kho-bun-mam,,,,,,https://shope.ee/2gBW3asHfx,
https://shopeefood.vn/da-nang/pho-trang-pho-kho-bo-kho-mi-quang,,,,,,https://shope.ee/3B7meVqNf4,
https://shopeefood.vn/da-nang/bep-me-bon-bo-kho-my-quang-vu-trong-hoang,,,,,,https://shope.ee/30oMSCr103,
https://shopeefood.vn/da-nang/banh-canh-bo-kho-tran-tran.cxjdc2,,,,,,https://shope.ee/7VGloTZsrw,
https://shopeefood.vn/da-nang/quan-be-na-banh-canh-bo-kho-banh-mi,,,,,,https://shope.ee/7KxLcAaWCv,
https://shopeefood.vn/da-nang/bep-di-hai-bun-mam-bo-kho-banh-mi-17-bau-gia-1,,,,,,https://shope.ee/7ptcD5YcC2,
https://shopeefood.vn/da-nang/banh-mi-chao-pepper-banh-canh-bo-kho,,,,,,https://shope.ee/7faC0mZFX1,
https://shopeefood.vn/da-nang/chung-ngo-bo-kho-banh-my-hoa-xuan,,,,,,https://shope.ee/6q151FcQDs,
https://shopeefood.vn/da-nang/banh-mi-bo-kho-ca-phe-muoi-89-an-thuong-17,,,,,,https://shope.ee/6fheowd3Yr,
https://shopeefood.vn/da-nang/bep-nha-ken-banh-canh-ca-loc-banh-mi-bo-kho,,,,,,https://shope.ee/7AdvPrb9Xy,
https://shopeefood.vn/da-nang/my-xiu-bo-kho-nuoc-ep-thu-my-xiu-dinh-tien-hoang.jfd9ej,,,,,,https://shope.ee/70KVDYbmsx,
https://shopeefood.vn/da-nang/food-and-drink-bong-bo-kho-banh-beo-84-le-huu-trac.ug6bg2,,,,,,https://shope.ee/6AlOE1exZo,
https://shopeefood.vn/da-nang/banh-canh-tu-banh-canh-bo-kho-to-huu,,,,,,https://shope.ee/60Ry1ifaun,
https://shopeefood.vn/da-nang/ba-van-bo-kho-banh-cuon,,,,,,https://shope.ee/6VOEcddgtu,
https://shopeefood.vn/da-nang/com-tu-chon-bun-thai-hu-tieu-mi-bo-kho-long-lan-quan-dong-da,,,,,,https://shope.ee/6L4oQKeKEt,
https://shopeefood.vn/da-nang/quan-hong-banh-canh-bo-kho,,,,,,https://shope.ee/5VVhQnhUvk,
https://shopeefood.vn/da-nang/huynh-gia-quan-hu-tieu-mi-bo-kho,,,,,,https://shope.ee/5LCHEUi8Gj,
https://shopeefood.vn/da-nang/quan-49-banh-trang-nuong-bo-kho,,,,,,https://shope.ee/5q8XpPgEFq,
https://shopeefood.vn/da-nang/sachi-bo-kho-cao-lau-cam-bac-9,,,,,,https://shope.ee/5fp7d6grap,
https://shopeefood.vn/da-nang/tiem-an-98-banh-canh-bun-cha-ha-noi-bo-kho-thanh-thuy,,,,,,https://shope.ee/AAHWzNPjSi,
https://shopeefood.vn/da-nang/quan-co-thoa-banh-hoi-thit-nuong-banh-cuon-cha-lua-bo-kho,,,,,,https://shope.ee/9zy6n4QMnh,
https://shopeefood.vn/da-nang/banh-trang-kep-goi-bo-kho-39,,,,,,https://shope.ee/AUuNNzOSmo,
https://shopeefood.vn/da-nang/banh-can-bo-kho-bo-kho-duong-ray,,,,,,https://shope.ee/AKaxBgP67n,
https://shopeefood.vn/da-nang/co-ha-banh-canh-xuong-cha-xoi-thit-kho-trung-banh-mi-nuong-muoi-ot,,,,,,https://shope.ee/9V1qC9SGoe,
https://shopeefood.vn/da-nang/bo-kho-op-la-mi-xiu-banh-cuon-nong-quan-co-tam,,,,,,https://shope.ee/9KiPzqSu9d,
https://shopeefood.vn/da-nang/bo-kho-banh-my-com-mi-quang-pham-cu-luong,,,,,,https://shope.ee/9pegalR08k,
https://shopeefood.vn/da-nang/my-quang-bo-kho-my-khe-6,,,,,,https://shope.ee/9fLGOSRdTj,
https://shopeefood.vn/ho-chi-minh/banh-mi-chao-chu-map-banh-mi-chao-bo-kho-xiu-mai,,,,,,https://shope.ee/8pm9OvUoAa,
https://shopeefood.vn/ho-chi-minh/bo-kho-hien-nhi-banh-canh-bot-gao-tom-dua-mien-tay-mon-nuoc-duong-so-8,,,,,,https://shope.ee/8fSjCcVRVZ,
https://shopeefood.vn/ho-chi-minh/co-thy-mi-quang-bo-kho,,,,,,https://shope.ee/9AOznXTXUg,
https://shopeefood.vn/ho-chi-minh/banh-uot-long-ga-banh-mi-bo-kho-phu-quy-hoang-sa,,,,,,https://shope.ee/905ZbEUApf,
https://shopeefood.vn/ho-chi-minh/banh-uot-long-ga-banh-mi-bo-kho-phu-quy-bay-hien,,,,,,https://shope.ee/8AWSbhXLWW,
https://shopeefood.vn/ho-chi-minh/pho-am-thuc-my-suong-hu-tiu-bo-kho-quoc-lo-50.9e1pe7,,,,,,https://shope.ee/80D2POXyrV,
https://shopeefood.vn/ho-chi-minh/mai-s-food-and-drink-bun-bo-bo-kho-mi-hoa-phuong.7jo5mv,,,,,,https://shope.ee/8V9J0JW4qc,
https://shopeefood.vn/ho-chi-minh/tac-ky-hu-tieu-mi-thap-cam-bo-kho-chien-luoc.qikdi8,,,,,,https://shope.ee/8Kpso0WiBb,
https://shopeefood.vn/ho-chi-minh/quan-co-tu-bun-mam-banh-beo,,,,,,https://shope.ee/20vpGMup2O,
https://shopeefood.vn/ho-chi-minh/moc-entropy-banh-mi-bo-kho-banh-mi-xiu-mai-coffee-tran-thi-trong,,,,,,https://shope.ee/2BFFSfuBhR,
https://shopeefood.vn/ho-chi-minh/quan-bo-kho-banh-mi-chao-them-1-to,,,,,,https://shope.ee/2LYfeytYMU,
https://shopeefood.vn/ho-chi-minh/bo-kho-ong-map-hu-tieu-bo-kho-banh-mi-bo-kho-truong-chinh,,,,,,https://shope.ee/2Vs5rHsv1X,
https://shopeefood.vn/ho-chi-minh/quan-nhung-bo-kho-banh-mi,,,,,,https://shope.ee/1Lg8T8xMOK,
https://shopeefood.vn/ho-chi-minh/bo-kho-banh-mi-cha-ca-dien-dien,,,,,,https://shope.ee/1VzYfRwj3N,
https://shopeefood.vn/ho-chi-minh/quan-24-bo-kho-banh-mi-chao,,,,,,https://shope.ee/1gIyrkw5iQ,
https://shopeefood.vn/ho-chi-minh/bo-kho-banh-mi-hu-tieu-bo-kho-nguyen-quang-bich,,,,,,https://shope.ee/1qcP43vSNT,
https://shopeefood.vn/ho-chi-minh/bo-kho-banh-mi-giac-ngo,,,,,,https://shope.ee/gQRfuztkG,
https://shopeefood.vn/ho-chi-minh/bo-kho-co-lien-hu-tieu-banh-mi-bo-kho,,,,,,https://shope.ee/qjrsDzGPJ,
https://shopeefood.vn/ho-chi-minh/bo-kho-banh-mi-co-thu,,,,,,https://shope.ee/113I4Wyd4M,
https://shopeefood.vn/ho-chi-minh/bo-kho-banh-mi-chao-giai-khat-nha-mon,,,,,,https://shope.ee/1BMiGpxzjP,
https://shopeefood.vn/ho-chi-minh/bo-kho-banh-mi-hu-tieu-muc-bun-ca-nha-trang-3long,,,,,,https://shope.ee/1Aksh2R6C,
https://shopeefood.vn/ho-chi-minh/along-bo-kho-banh-bot-loc-ba-hom,,,,,,https://shope.ee/BUB501nlF,
https://shopeefood.vn/ho-chi-minh/bo-kho-co-ba-banh-mi-hu-tieu-bo-kho,,,,,,https://shope.ee/LnbHJ1AQI,
https://shopeefood.vn/ho-chi-minh/igau-bo-kho-banh-mi-bo-nuong-toa-s606-vinhomes-grand-park,,,,,,https://shope.ee/W71Tc0X5L,
https://shopeefood.vn/ho-chi-minh/be-cuong-bo-kho-banh-mi-tai-nha-ky-dong.dyppea,,,,,,https://shope.ee/4fwaRGkfdA,
https://shopeefood.vn/ho-chi-minh/banh-mi-bo-kho-co-u-au-co,,,,,,https://shope.ee/4qG0dZk2ID,
https://shopeefood.vn/ho-chi-minh/banh-mi-to-bo-kho-xiu-mai-lagu-ga-duong-d5,,,,,,https://shope.ee/50ZQpsjOxG,
https://shopeefood.vn/ho-chi-minh/bo-kho-a-vuong-hu-tieu-bo-kho-banh-mi-bo-kho-duong-so-37,,,,,,https://shope.ee/5Asr2BilcJ,
https://shopeefood.vn/ho-chi-minh/quan-ut-thi-banh-mi-bo-kho-bun-bo,,,,,,https://shope.ee/40gte2nCz6,
https://shopeefood.vn/ho-chi-minh/banh-mi-bo-kho-hu-tieu-bo-kho-xoi-man-thit-khia-dac-san-can-tho-me-toi,,,,,,https://shope.ee/4B0JqLmZe9,
https://shopeefood.vn/ho-chi-minh/bep-nha-boi-hu-tieu-bo-kho-banh-mi-bun-moc,,,,,,https://shope.ee/4LJk2elwJC,
https://shopeefood.vn/ho-chi-minh/kim-quan-bo-kho-banh-mi-chao,,,,,,https://shope.ee/4VdAExlIyF,
https://shopeefood.vn/ho-chi-minh/mi-tron-sot-dau-hao-bo-kho-tho-tiem-nha-co-thanh,,,,,,https://shope.ee/3LRCqopkL2,
https://shopeefood.vn/ho-chi-minh/hu-tieu-mi-xa-xiu-bo-kho,,,,,,https://shope.ee/3Vkd37p705,
https://shopeefood.vn/ho-chi-minh/hu-tieu-mi-bo-kho-gio-kho-56c-pham-van,,,,,,https://shope.ee/3g43FQoTf8,
https://shopeefood.vn/ho-chi-minh/hu-tieu-co-dao-hu-tieu-nam-vang-bo-kho-banh-mi-pham-van-dong,,,,,,https://shope.ee/3qNTRjnqKB,
https://shopeefood.vn/ho-chi-minh/banh-mi-to-bo-kho-xiu-mai-lagu-ga-tan-vinh,,,,,,https://shope.ee/2gBW3asHgy,
https://shopeefood.vn/ho-chi-minh/chu-tuong-bo-kho-banh-mi-tam-dao,,,,,,https://shope.ee/2qUwFtreM1,
https://shopeefood.vn/ho-chi-minh/bun-bo-hoang-kim-bo-kho-banh-mi-hu-tieu-bo-kho-nguyen-thi-minh-khai,,,,,,https://shope.ee/30oMSCr114,
https://shopeefood.vn/ho-chi-minh/co-na-food-bo-kho-banh-mi-xiu-mai-cham-925-pham-van-bach,,,,,,https://shope.ee/3B7meVqNg7,
https://shopeefood.vn/ho-chi-minh/bo-kho-cu-pin-banh-mi-hu-tieu-bo-kho,,,,,,https://shope.ee/7KxLcAaWDw,
https://shopeefood.vn/ho-chi-minh/pho-nhat-tam-pho-bap-hoa-bo-kho-banh-mi-hu-tieu-bo-kho,,,,,,https://shope.ee/7VGloTZssz,
https://shopeefood.vn/ho-chi-minh/bo-kho-228-banh-mi-bo-kho-mi-goi-bo-kho-bong-sao,,,,,,https://shope.ee/7faC0mZFY2,
https://shopeefood.vn/ho-chi-minh/bun-bo-hoang-kim-bo-kho-banh-mi-hu-tieu-bo-kho-ton-that-dam,,,,,,https://shope.ee/7ptcD5YcD5,
https://shopeefood.vn/ho-chi-minh/bo-kho-ngon-nha-banh-mi-bun-hu-tieu-bo-kho,,,,,,https://shope.ee/6fheowd3Zs,
https://shopeefood.vn/ho-chi-minh/be-lon-mi-quang-bo-kho-shop-online,,,,,,https://shope.ee/6q151FcQEv,
https://shopeefood.vn/ho-chi-minh/quan-chanh-hung-banh-mi-bo-kho-hu-tieu-bo-kho,,,,,,https://shope.ee/70KVDYbmty,
https://shopeefood.vn/ho-chi-minh/quan-ba-ba-hu-tieu-my-banh-mi-bo-kho,,,,,,https://shope.ee/7AdvPrb9Z1,
https://shopeefood.vn/ho-chi-minh/hu-tiu-co-thao-banh-mi-bo-kho-hu-tiu-mi-xuong-chung-cu-hung-vuong,,,,,,https://shope.ee/60Ry1ifavo,
https://shopeefood.vn/ho-chi-minh/nhi-quan-hu-tieu-ga-bo-bo-kho-mi-tron,,,,,,https://shope.ee/20vpGMtrLs,
https://shopeefood.vn/ho-chi-minh/bo-kho-canh-vien-kdt-phu-my-hung,,,,,,https://shope.ee/2BFFSftE0v,
https://shopeefood.vn/ho-chi-minh/quynh-anh-bo-kho-hu-tieu-banh-mi-phan-van-hon,,,,,,https://shope.ee/2LYfeysafy,
https://shopeefood.vn/ho-chi-minh/hu-tieu-banh-mi-bo-kho-91,,,,,,https://shope.ee/2Vs5rHrxL1,
https://shopeefood.vn/ho-chi-minh/bun-bo-co-ba-bun-bo-bo-kho-banh-mi,,,,,,https://shope.ee/1Lg8T8wOho,
https://shopeefood.vn/ho-chi-minh/mlem-bo-kho-mi-tron-kim-chi,,,,,,https://shope.ee/1VzYfRvlMr,
https://shopeefood.vn/ho-chi-minh/mi-quang-bo-kho-quan-gia-han,,,,,,https://shope.ee/1gIyrkv81u,
https://shopeefood.vn/ho-chi-minh/banh-mi-xiu-mai-bo-kho-chung-cu-cay-mai,,,,,,https://shope.ee/1qcP43uUgx,
https://shopeefood.vn/ho-chi-minh/bo-kho-hu-tieu-mi-thap-cam-be-tien,,,,,,https://shope.ee/3LRCqoomeG,
https://shopeefood.vn/ho-chi-minh/quen-76-hu-tieu-mi-bo-kho-banh-mi-bo-chao-hai-ba-trung.18gzmh,,,,,,https://shope.ee/3Vkd37o9JJ,
https://shopeefood.vn/ho-chi-minh/bo-kho-bao-anh-banh-mi-mi-goi-hu-tiu-bo-kho-233-tang-nhon-phu,,,,,,https://shope.ee/3g43FQnVyM,
https://shopeefood.vn/ho-chi-minh/pho-thao-xi-quach-hu-tieu-banh-mi-bo-kho,,,,,,https://shope.ee/3qNTRjmsdP,
https://shopeefood.vn/ho-chi-minh/bep-ba-sau-mi-quang-bo-kho,,,,,,https://shope.ee/2gBW3arK0C,
https://shopeefood.vn/ho-chi-minh/hu-tiu-mi-tuoi-bo-kho-a-thon-1,,,,,,https://shope.ee/2qUwFtqgfF,
https://shopeefood.vn/ho-chi-minh/quan-co-ly-bo-kho-mi-quang,,,,,,https://shope.ee/30oMSCq3KI,
https://shopeefood.vn/ho-chi-minh/bep-ngon-di-7-bo-kho-ca-ri-banh-mi-3-1g-duong-38,,,,,,https://shope.ee/3B7meVpPzL,
https://shopeefood.vn/ho-chi-minh/quan-ba-ba-hu-tieu-my-banh-mi-bo-kho-chi-nhanh-2,,,,,,https://shope.ee/4fwaRGjhwe,
https://shopeefood.vn/ho-chi-minh/chi-van-hu-tieu-banh-mi-bo-kho,,,,,,https://shope.ee/4qG0dZj4bh,
https://shopeefood.vn/ho-chi-minh/bo-kho-my-cay-127-dinh-bo-linh,,,,,,https://shope.ee/50ZQpsiRGk,
https://shopeefood.vn/ho-chi-minh/pho-my-bo-kho-duong-so-10,,,,,,https://shope.ee/5Asr2Bhnvn,
https://shopeefood.vn/ho-chi-minh/ecogreen-mi-tron-bo-kho-tra,,,,,,https://shope.ee/40gte2mFIa,
https://shopeefood.vn/ho-chi-minh/co-nam-bo-kho-mi-quang,,,,,,https://shope.ee/4B0JqLlbxd,
https://shopeefood.vn/ho-chi-minh/pho-kho-bao-loc-mi-bo-sa-te-cay,,,,,,https://shope.ee/4LJk2ekycg,
https://shopeefood.vn/ho-chi-minh/bun-bo-hue-banh-mi-bo-kho-hu-tieu-bo-kho-lam-du-quan,,,,,,https://shope.ee/4VdAExkLHj,
https://shopeefood.vn/ho-chi-minh/bep-che-thao-banh-mi-thit-nuong-bun-thit-nuong-bo-kho-banh-mi,,,,,,https://shope.ee/60Ry1iedF2,
https://shopeefood.vn/ho-chi-minh/bo-kho-mi-xao-chau-ky,,,,,,https://shope.ee/6AlOE1dzu5,
https://shopeefood.vn/ho-chi-minh/tuyetfood-banh-mi-bo-kho,,,,,,https://shope.ee/6L4oQKdMZ8,
https://shopeefood.vn/ho-chi-minh/bay-pho-hu-tieu-banh-mi-bo-kho-12c-pham-viet-chanh,,,,,,https://shope.ee/6VOEcdcjEB,
https://shopeefood.vn/ho-chi-minh/kimle-coffee-banh-mi-bo-kho-fastfood-le-co.1vewbw,,,,,,https://shope.ee/5LCHEUhAay,
https://shopeefood.vn/ho-chi-minh/quang-vinh-phat-hu-tiu-bo-kho-banh-bao-ha-cao,,,,,,https://shope.ee/5VVhQngXG1,
https://shopeefood.vn/ho-chi-minh/mi-quang-bo-kho-tu-ngoc-81-nguyen-hau,,,,,,https://shope.ee/5fp7d6ftv4,
https://shopeefood.vn/ho-chi-minh/nha-xanh-bo-kho-banh-mi,,,,,,https://shope.ee/5q8XpPfGa7,
https://shopeefood.vn/ho-chi-minh/bo-kho-banh-cuon-nga-50-duong-so-13,,,,,,https://shope.ee/7KxLcAZYXQ,
https://shopeefood.vn/ho-chi-minh/hai-my-hu-tieu-banh-canh-bo-kho,,,,,,https://shope.ee/7VGloTYvCT,
https://shopeefood.vn/ho-chi-minh/bun-bo-phu-my-bo-kho,,,,,,https://shope.ee/7faC0mYHrW,
https://shopeefood.vn/ha-noi/banh-mi-xoi-man-2003,,,,,,https://shope.ee/7ptcD5XeWZ,
https://shopeefood.vn/ha-noi/banh-my-xoi-man-nguyen-huy-tuong,,,,,,https://shope.ee/6fheowc5tM,
https://shopeefood.vn/ha-noi/tiem-xoi-man-sai-gon-135-ton-duc-thang,,,,,,https://shope.ee/6q151FbSYP,
https://shopeefood.vn/ha-noi/xoi-man-tooc-quan,,,,,,https://shope.ee/70KVDYapDS,
https://shopeefood.vn/ha-noi/xoi-man-ha-noi-shop-online,,,,,,https://shope.ee/7AdvPraBsV,
https://shopeefood.vn/ha-noi/tiem-ba-beo-mi-tron-banh-mi-le-trong-tan,,,,,,https://shope.ee/8fSjCcUTpo,
https://shopeefood.vn/ha-noi/tiem-xoi-man-tan-mai,,,,,,https://shope.ee/8pm9OvTqUr,
https://shopeefood.vn/ha-noi/truc-thanh-sai-gon-banh-my-xoi-man-my-tron-kim-ma-thuong,,,,,,https://shope.ee/905ZbETD9u,
https://shopeefood.vn/ha-noi/xoi-man-nha-bee-dong-thien,,,,,,https://shope.ee/9AOznXSZox,
https://shopeefood.vn/ha-noi/com-tam-xoi-man-banh-mi-truc-thanh-sai-gon,,,,,,https://shope.ee/80D2POX1Bk,
https://shopeefood.vn/ha-noi/banh-mi-xoi-man-ca-phe-goc-sai-gon,,,,,,https://shope.ee/8AWSbhWNqn,
https://shopeefood.vn/ha-noi/banh-mi-sai-gon-banh-mi-banh-bao-xoi-man,,,,,,https://shope.ee/8Kpso0VkVq,
https://shopeefood.vn/ha-noi/thu-thao-banh-mi-xoi-man-giang-vo,,,,,,https://shope.ee/8V9J0JV7At,
https://shopeefood.vn/ha-noi/xoi-khoa-anh-xoi-man-sg,,,,,,https://shope.ee/9zy6n4PP8C,
https://shopeefood.vn/ha-noi/tiem-an-kim-ngan-chao-xoi-man-do-uong-hoang-cong-chat,,,,,,https://shope.ee/AAHWzNOlnF,
https://shopeefood.vn/ha-noi/xoi-man-sai-gon-ha-noi-88b-lac-trung.6qokde,,,,,,https://shope.ee/AKaxBgO8SI,
https://shopeefood.vn/ha-noi/gem-juice-nuoc-ep-trai-cay-banh-mi-xoi-man-phuc-tan,,,,,,https://shope.ee/AUuNNzNV7L,
https://shopeefood.vn/ha-noi/tiem-nep-xoi-man-banh-duc-thit-banh-troi-tau,,,,,,https://shope.ee/9KiPzqRwU8,
https://shopeefood.vn/ha-noi/banh-mi-sai-gon-banh-mi-xoi-man-tra-chanh,,,,,,https://shope.ee/9V1qC9RJ9B,
https://shopeefood.vn/ha-noi/tiem-xoi-man-le-cha,,,,,,https://shope.ee/9fLGOSQfoE,
https://shopeefood.vn/ha-noi/xoi-man-ba-loc,,,,,,https://shope.ee/9pegalQ2TH,
https://shopeefood.vn/ha-noi/xoi-man-sai-gon-xoi-man-ngoc-hoi.iidkwg,,,,,,https://shope.ee/qjrsDyIjY,
https://shopeefood.vn/ha-noi/xoi-man-xoi-dem-kim-nguu.ylobdx,,,,,,https://shope.ee/gQRfuyw4X,
https://shopeefood.vn/ha-noi/xoi-man-sai-gon-le-van-luong,,,,,,https://shope.ee/1BMiGpx23e,
https://shopeefood.vn/ha-noi/bep-muoi-xoi-man-sai-gon-nguyen-khanh-toan,,,,,,https://shope.ee/113I4WxfOd,
https://shopeefood.vn/ha-noi/banh-mi-xoi-man-tiem-banh-mi-bamboo-ho-tung-mau,,,,,,https://shope.ee/BUB500q5U,
https://shopeefood.vn/ha-noi/xoi-man-banh-mi-sai-gon-shop-online,,,,,,https://shope.ee/1Aksh1TQT,
https://shopeefood.vn/ha-noi/mai-loan-banh-mi-xoi-man-banh-bao,,,,,,https://shope.ee/W71TbzZPa,
https://shopeefood.vn/ha-noi/bua-com-ngon-com-xoi-man-mi-kim-giang,,,,,,https://shope.ee/LnbHJ0CkZ,
https://shopeefood.vn/ha-noi/co-hang-xoi-man-sai-gon-shop-online,,,,,,https://shope.ee/2BFFSftE1w,
https://shopeefood.vn/ha-noi/truc-vy-xoi-man-banh-mi,,,,,,https://shope.ee/20vpGMtrMv,
https://shopeefood.vn/ha-noi/banh-my-chao-xoi-man-bep-binh-minh,,,,,,https://shope.ee/2Vs5rHrxM2,
https://shopeefood.vn/ha-noi/pinado-xoi-man-va-banh-mi-phuong-canh,,,,,,https://shope.ee/2LYfeysah1,
https://shopeefood.vn/ha-noi/duyen-xoi-banh-mi-xoi-man,,,,,,https://shope.ee/1VzYfRvlNs,
https://shopeefood.vn/ha-noi/bami-sing-banh-mi-xoi-man-cau-coc,,,,,,https://shope.ee/1Lg8T8wOir,
https://shopeefood.vn/ha-noi/banh-mi-xoi-man-kdt-nam-cuong,,,,,,https://shope.ee/1qcP43uUhy,
https://shopeefood.vn/ha-noi/banh-mi-sai-gon-co-hang-chinh-hieu-nem-nuong-nha-trang-xoi-man-160-my-dinh,,,,,,https://shope.ee/1gIyrkv82x,
https://shopeefood.vn/ha-noi/xoi-dat-bac-xoi-man-xoi-ga-u-muoi-com-ga-dao,,,,,,https://shope.ee/3Vkd37o9KK,
https://shopeefood.vn/ha-noi/bep-me-su-xoi-man-my-indomie-lac-long-quan,,,,,,https://shope.ee/3LRCqoomfJ,
https://shopeefood.vn/ha-noi/banh-mi-xoi-man-phong-hang,,,,,,https://shope.ee/3qNTRjmseQ,
https://shopeefood.vn/ha-noi/banh-mi-xoi-man-nuoc-ep-tiem-em-dua,,,,,,https://shope.ee/3g43FQnVzP,
https://shopeefood.vn/ha-noi/bep-anh-anh-com-ga-xoi-mo-com-suon-xoi-man-vong,,,,,,https://shope.ee/2qUwFtqggG,
https://shopeefood.vn/ha-noi/ga-ran-ga-u-muoi-xoi-man-dang-huu-quan,,,,,,https://shope.ee/2gBW3arK1F,
https://shopeefood.vn/ha-noi/tran-dang-xoi-man-com-van-phong-lam-ha,,,,,,https://shope.ee/3B7meVpQ0M,
https://shopeefood.vn/ha-noi/tran-dang-xoi-man-com-van-phong-so-4-ngo-43-lac-long-quan,,,,,,https://shope.ee/30oMSCq3LL,
https://shopeefood.vn/ha-noi/xoi-man-nha-may,,,,,,https://shope.ee/4qG0dZj4ci,
https://shopeefood.vn/ha-noi/xoi-phu-thuong-xoi-man,,,,,,https://shope.ee/4fwaRGjhxh,
https://shopeefood.vn/ha-noi/vi-hao-68-banh-mi-xoi-man,,,,,,https://shope.ee/5Asr2Bhnwo,
https://shopeefood.vn/ho-chi-minh/nguyet-vu-banh-mi-ha-noi-xoi-man-banh-bao-nguyen-oanh,,,,,,https://shope.ee/50ZQpsiRHn,
https://shopeefood.vn/ho-chi-minh/xoi-a-thao-xoi-man-xoi-ga,,,,,,https://shope.ee/4B0JqLlbye,
https://shopeefood.vn/ho-chi-minh/hai-tuyet-banh-mi-ha-noi-xoi-man-banh-mi-le-trong-tan,,,,,,https://shope.ee/40gte2mFJd,
https://shopeefood.vn/ho-chi-minh/gia-khanh-banh-mi-ha-noi-xoi-man-banh-bao-le-van-quoi,,,,,,https://shope.ee/4VdAExkLIk,
https://shopeefood.vn/ho-chi-minh/banh-mi-ha-noi-xoi-man-banh-bao-go-dua,,,,,,https://shope.ee/4LJk2ekydj,
https://shopeefood.vn/ho-chi-minh/toan-huong-banh-mi-ha-noi-xoi-man-banh-bao-le-van-viet,,,,,,https://shope.ee/6AlOE1dzv6,
https://shopeefood.vn/ho-chi-minh/xoi-man-ga-xe-sot-u-quoc-lo-50.5ncg4e,,,,,,https://shope.ee/60Ry1iedG5,
https://shopeefood.vn/ho-chi-minh/xoi-man-banh-bao-345-hoang-van-thu,,,,,,https://shope.ee/6VOEcdcjFC,
https://shopeefood.vn/ho-chi-minh/chi-phuong-banh-mi-xoi-man-bun-thit-nuong,,,,,,https://shope.ee/6L4oQKdMaB,
https://shopeefood.vn/ho-chi-minh/banh-mi-xoi-man-192-xo-viet-nghe-tinh,,,,,,https://shope.ee/5VVhQngXH2,
https://shopeefood.vn/ho-chi-minh/susu-banh-mi-xoi-man,,,,,,https://shope.ee/5LCHEUhAc1,
https://shopeefood.vn/ho-chi-minh/xoi-man-vu-tong-phan,,,,,,https://shope.ee/5q8XpPfGb8,
https://shopeefood.vn/ho-chi-minh/tiem-xoi-man-ngon-le-van-luong,,,,,,https://shope.ee/5fp7d6ftw7,
https://shopeefood.vn/ho-chi-minh/xoi-man-truyen-thong-bach-dang,,,,,,https://shope.ee/7VGloTYvDU,
https://shopeefood.vn/ho-chi-minh/kim-hien-xoi-man-xa-xiu,,,,,,https://shope.ee/7KxLcAZYYT,
https://shopeefood.vn/ho-chi-minh/xoi-man-868-tinh-lo-10,,,,,,https://shope.ee/7ptcD5XeXa,
https://shopeefood.vn/ho-chi-minh/bun-thit-nuong-xoi-man-me-na,,,,,,https://shope.ee/7faC0mYHsZ,
https://shopeefood.vn/ho-chi-minh/bep-nha-tue-an-xoi-man-banh-mi-com-cuon-quan-12.ozjnrb,,,,,,https://shope.ee/3B7meVp4fr,
https://shopeefood.vn/ho-chi-minh/xoi-ga-xoi-man-co-dung,,,,,,https://shope.ee/3LRCqooRKu,
https://shopeefood.vn/ho-chi-minh/xoi-5-sao-xoi-ga-xoi-man,,,,,,https://shope.ee/3Vkd37nnzx,
https://shopeefood.vn/ho-chi-minh/banh-mi-xoi-man-ong-xa-cach-mang-thang-8,,,,,,https://shope.ee/3g43FQnAf0,
https://shopeefood.vn/ho-chi-minh/xoi-man-xa-xiu-410,,,,,,https://shope.ee/3qNTRjmXK3,
https://shopeefood.vn/ho-chi-minh/dindon-khoai-mi-quyet-xoi-man-quan-9,,,,,,https://shope.ee/1Lg8T8w3Oa,
https://shopeefood.vn/ho-chi-minh/xoi-8-mon-xoi-khau-duc-xoi-man-xoi-bat-buu,,,,,,https://shope.ee/1VzYfRvQ3d,
https://shopeefood.vn/ho-chi-minh/xoi-man-a-tac,,,,,,https://shope.ee/1gIyrkumig,
https://shopeefood.vn/ho-chi-minh/xoi-man-mi-tron-dam-vi-binh-quoi,,,,,,https://shope.ee/1qcP43u9Nj,
https://shopeefood.vn/ho-chi-minh/xoi-man-xoi-heo-quay-sam-nguyen-son,,,,,,https://shope.ee/20vpGMtW2m,
https://shopeefood.vn/ho-chi-minh/quan-xoi-man-xoi-ga-duong-14,,,,,,https://shope.ee/2BFFSfsshp,
https://shopeefood.vn/ho-chi-minh/the-gioi-xoi-man-xoi-chien-phu-my,,,,,,https://shope.ee/2LYfeysFMs,
https://shopeefood.vn/ho-chi-minh/xoi-man-ba-nghia,,,,,,https://shope.ee/2Vs5rHrc1v,
https://shopeefood.vn/ho-chi-minh/banh-mi-banh-bao-xoi-man-co-linh,,,,,,https://shope.ee/1Aksh186S,
https://shopeefood.vn/ho-chi-minh/xoi-man-di-tu-ql13.8yo8sg,,,,,,https://shope.ee/BUB500UlV,
https://shopeefood.vn/ho-chi-minh/xoi-man-co-quy-cn2-le-van-luong,,,,,,https://shope.ee/LnbHIzrQY,
https://shopeefood.vn/ho-chi-minh/bep-me-na-bun-tron-xoi-man-tay-thanh,,,,,,https://shope.ee/W71TbzE5b,
https://shopeefood.vn/ho-chi-minh/chi-dung-banh-mi-xoi-man-an-vat-ton-duc-thang,,,,,,https://shope.ee/gQRfuyake,
https://shopeefood.vn/ho-chi-minh/com-chien-ga-xu-xoi-man-van-than,,,,,,https://shope.ee/qjrsDxxPh,
https://shopeefood.vn/ho-chi-minh/xoi-man-401,,,,,,https://shope.ee/113I4WxK4k,
https://shopeefood.vn/ho-chi-minh/banh-mi-xoi-man-tuan-map-348-le-duc-tho,,,,,,https://shope.ee/1BMiGpwgjn,
https://shopeefood.vn/ho-chi-minh/xoi-thit-kho-mem-xoi-man-ut-tung-nguyen-kiem,,,,,,https://shope.ee/9KiPzqRbAO,
https://shopeefood.vn/ho-chi-minh/banh-mi-xoi-man-330-phan-van-tri,,,,,,https://shope.ee/9V1qC9QxpR,
https://shopeefood.vn/ho-chi-minh/xoi-man-diem,,,,,,https://shope.ee/9fLGOSQKUU,
https://shopeefood.vn/ho-chi-minh/xoi-man-minh-nhat,,,,,,https://shope.ee/9pegalPh9X,
https://shopeefood.vn/ho-chi-minh/xoi-ga-xoi-man-sai-gon,,,,,,https://shope.ee/9zy6n4P3oa,
https://shopeefood.vn/ho-chi-minh/adc-banh-mi-xoi-man-phan-van-tri,,,,,,https://shope.ee/AAHWzNOQTd,
https://shopeefood.vn/ho-chi-minh/xoi-lap-xoi-man-thap-cam-banh-van-tran,,,,,,https://shope.ee/AKaxBgNn8g,
https://shopeefood.vn/ho-chi-minh/xoi-man-co-phuong-xoi-man-154-an-duong-vuong,,,,,,https://shope.ee/AUuNNzN9nj,
https://shopeefood.vn/ho-chi-minh/com-banh-mi-xoi-man-bao-trinh,,,,,,https://shope.ee/80D2POWfsG,
https://shopeefood.vn/ho-chi-minh/xoi-cau-ba-bi-xoi-man-ga-xe-xa-xiu-cmt8.bxv5xp,,,,,,https://shope.ee/8AWSbhW2XJ,
https://shopeefood.vn/ho-chi-minh/xoi-man-709-ha-cao-ma-lo,,,,,,https://shope.ee/8Kpso0VPCM,
https://shopeefood.vn/ho-chi-minh/xoi-ga-xoi-man-banh-mi-my-kieu-le-sao,,,,,,https://shope.ee/8V9J0JUlrP,
https://shopeefood.vn/ho-chi-minh/banh-mi-3p-xoi-man-banh-bao,,,,,,https://shope.ee/8fSjCcU8WS,
https://shopeefood.vn/ho-chi-minh/xoi-lap-xoi-man-thap-cam-hoang-van-thu,,,,,,https://shope.ee/8pm9OvTVBV,
https://shopeefood.vn/ho-chi-minh/xoi-man-me-ken,,,,,,https://shope.ee/905ZbESrqY,
https://shopeefood.vn/ho-chi-minh/xoi-man-co-quy-cn1-nguyen-thi-thap,,,,,,https://shope.ee/9AOznXSEVb,
https://shopeefood.vn/ho-chi-minh/tiem-banh-ganh-xoi-xoi-xeo-xoi-man-banh-cam-luc-lac-lam-van-ben,,,,,,https://shope.ee/6fheowbka8,
https://shopeefood.vn/ho-chi-minh/xoi-man-xoi-thap-cam-1162-cmt8.pccedm,,,,,,https://shope.ee/6q151Fb7FB,
https://shopeefood.vn/ho-chi-minh/oishii-xoi-man-cai-lo-nuong-le-loi,,,,,,https://shope.ee/70KVDYaTuE,
https://shopeefood.vn/ho-chi-minh/ha-gon-xoi-man-xoi-xeo-banh-mi-thit-nuong,,,,,,https://shope.ee/7AdvPrZqZH,
https://shopeefood.vn/ho-chi-minh/quynh-loan-banh-mi-xoi-man-duong-so-15.io6eb3,,,,,,https://shope.ee/7KxLcAZDEK,
https://shopeefood.vn/ho-chi-minh/banh-mi-hue-xoi-man,,,,,,https://shope.ee/7VGloTYZtN,
https://shopeefood.vn/ho-chi-minh/xoiii-on-the-go-xoi-man-truyen-thong-134-ly-chinh-thang,,,,,,https://shope.ee/7faC0mXwYQ,
https://shopeefood.vn/ho-chi-minh/banh-bao-ha-cao-xoi-man-709-ma-lo,,,,,,https://shope.ee/7ptcD5XJDT,
https://shopeefood.vn/ho-chi-minh/xoi-quan-xoi-man-xa-xiu-xoi-thit-kho-phan-dinh-phung,,,,,,https://shope.ee/5LCHEUgpI0,
https://shopeefood.vn/ho-chi-minh/xoi-ga-xoi-man-xoi-ngot-le-van-duyet,,,,,,https://shope.ee/5VVhQngBx3,
https://shopeefood.vn/ho-chi-minh/bun-tam-bi-xoi-man-long-xuyen-mai-thi-luu,,,,,,https://shope.ee/5fp7d6fYc6,
https://shopeefood.vn/ho-chi-minh/banh-mi-ha-noi-ba-hom-xoi-man,,,,,,https://shope.ee/5q8XpPevH9,
https://shopeefood.vn/ho-chi-minh/xoi-man-banh-bao-194-to-ngoc-van,,,,,,https://shope.ee/60Ry1ieHwC,
https://shopeefood.vn/ho-chi-minh/xoi-nha-3ce-xoi-ga-xoi-man-645-28-6-tran-xuan-soan.tdnqgs,,,,,,https://shope.ee/6AlOE1debF,
https://shopeefood.vn/ho-chi-minh/oishii-xoi-man-cai-lo-nuong-nguyen-dinh-chieu,,,,,,https://shope.ee/6L4oQKd1GI,
https://shopeefood.vn/ho-chi-minh/com-chien-duong-chau-xoi-man-full-topping-duong-so-8,,,,,,https://shope.ee/6VOEcdcNvL,
https://shopeefood.vn/ho-chi-minh/xoi-843-xoi-man-xoi-ga-roti-le-duc-tho,,,,,,https://shope.ee/4B0JqLlGeu,
https://shopeefood.vn/ho-chi-minh/xoi-man-minh-nhat-phan-huy-ich,,,,,,https://shope.ee/40gte2ltzt,
https://shopeefood.vn/ho-chi-minh/co-ut-xoi-man-banh-mi-tra-sua-huynh-van-banh,,,,,,https://shope.ee/4VdAExjzz0,
https://shopeefood.vn/ho-chi-minh/xoi-man-ruoc-tuoi-kim-nguyet-vien-376-48-nguyen-dinh-chieu,,,,,,https://shope.ee/4LJk2ekdJz,
https://shopeefood.vn/ho-chi-minh/xoi-xoai-xoi-man-mi-xao-3-me-con-quan,,,,,,https://shope.ee/4qG0dZijJ6,
https://shopeefood.vn/ho-chi-minh/xoi-man-anh-hung,,,,,,https://shope.ee/4fwaRGjMe5,
https://shopeefood.vn/ho-chi-minh/ut-xuan-banh-mi-xoi-man,,,,,,https://shope.ee/5Asr2BhSdC,
https://shopeefood.vn/ho-chi-minh/xoi-a-ky-xoi-man-xoi-ngot-banh-mi-hoa-sua,,,,,,https://shope.ee/50ZQpsi5yB,
https://shopeefood.vn/ho-chi-minh/xoi-a-ky-xoi-man-xoi-ngot-banh-mi-ba-hat,,,,,,https://shope.ee/2qUwFtqLMm,
https://shopeefood.vn/ho-chi-minh/xoi-man-lua-xiu,,,,,,https://shope.ee/2gBW3aqyhl,
https://shopeefood.vn/ho-chi-minh/quoc-ai-banh-mi-xoi-man-xoi-ga,,,,,,https://shope.ee/3B7meVp4gs,
https://shopeefood.vn/ho-chi-minh/xoi-hy-xoi-man-mien-tay-xoi-chay-xoi-sau-rieng-duong-24,,,,,,https://shope.ee/30oMSCpi1r,
https://shopeefood.vn/ho-chi-minh/banh-mi-ha-noi-duc-thuong-xoi-man-hamburger,,,,,,https://shope.ee/3Vkd37no0y,
https://shopeefood.vn/ho-chi-minh/banh-mi-xoi-man-banh-mi-chao-37-tran-quang-co,,,,,,https://shope.ee/3LRCqooRLx,
https://shopeefood.vn/ho-chi-minh/xoi-man-banh-mi-heo-quay-phuong-nghi,,,,,,https://shope.ee/3qNTRjmXL4,
https://shopeefood.vn/ho-chi-minh/xoi-man-duong-quang-ham,,,,,,https://shope.ee/3g43FQnAg3,
https://shopeefood.vn/ho-chi-minh/xoi-man-che-nhi-doan-van-bo,,,,,,https://shope.ee/1VzYfRvQ4e,
https://shopeefood.vn/ho-chi-minh/xoi-man-xoi-xeo-binh-tan,,,,,,https://shope.ee/1Lg8T8w3Pd,
https://shopeefood.vn/ho-chi-minh/quoc-thien-banh-mi-xoi-man-pham-phu-thu,,,,,,https://shope.ee/1qcP43u9Ok,
https://shopeefood.vn/ho-chi-minh/mi-tron-xoi-man-banh-trang-tron-chi-bi,,,,,,https://shope.ee/1gIyrkumjj,
https://shopeefood.vn/ho-chi-minh/banh-uot-long-ga-xoi-man-go-vap,,,,,,https://shope.ee/2BFFSfssiq,
https://shopeefood.vn/ho-chi-minh/an-nhien-xoi-man,,,,,,https://shope.ee/20vpGMtW3p,
https://shopeefood.vn/ho-chi-minh/bep-co-ut-xoi-man,,,,,,https://shope.ee/2Vs5rHrc2w,
https://shopeefood.vn/ha-noi/banh-mi-chao-goc-de-nguyen-huy-tu,,,,,,https://shope.ee/2LYfeysFNv,
https://shopeefood.vn/ha-noi/neu-s-style-coffee,,,,,,https://shope.ee/BUB500UmW,
https://shopeefood.vn/ha-noi/hong-van-luon-dong-xu-nghe-banh-mi-chao,,,,,,https://shope.ee/1Aksh187V,
https://shopeefood.vn/ha-noi/lai-quan-com-van-phong-banh-mi-chao,,,,,,https://shope.ee/W71TbzE6c,
https://shopeefood.vn/ha-noi/banh-mi-chao-bep-na-banh-mi-chao-chu-huy-man.1sadng,,,,,,https://shope.ee/LnbHIzrRb,
https://shopeefood.vn/ha-noi/thuy-banh-mi-chao,,,,,,https://shope.ee/qjrsDxxQi,
https://shopeefood.vn/ha-noi/banh-mi-chao-ngo-thi-nham,,,,,,https://shope.ee/gQRfuyalh,
https://shopeefood.vn/ha-noi/bread-bon-banh-mi-kep-banh-mi-sot-vang-banh-mi-chao,,,,,,https://shope.ee/1BMiGpwgko,
https://shopeefood.vn/ha-noi/banh-mi-chao-2-chi-em-van-phuc,,,,,,https://shope.ee/113I4WxK5n,
https://shopeefood.vn/ha-noi/dt-food-xoi-banh-mi-kep-banh-mi-chao,,,,,,https://shope.ee/9V1qC9QxqS,
https://shopeefood.vn/ha-noi/banh-mi-chao-song-anh-mipec-kien-hung,,,,,,https://shope.ee/9KiPzqRbBR,
https://shopeefood.vn/ha-noi/banh-mi-chao-mooki,,,,,,https://shope.ee/9pegalPhAY,
https://shopeefood.vn/ha-noi/banh-mi-chao-ba-lam-tan-khai,,,,,,https://shope.ee/9fLGOSQKVX,
https://shopeefood.vn/ha-noi/banh-mi-chao-nhim-oi-quan,,,,,,https://shope.ee/AAHWzNOQUe,
https://shopeefood.vn/ha-noi/xoi-banh-mi-chao-banh-my-duong-pho-551-nguyen-trai,,,,,,https://shope.ee/9zy6n4P3pd,
https://shopeefood.vn/ha-noi/mi-cay-banh-mi-chao-trieu-khuc,,,,,,https://shope.ee/AUuNNzN9ok,
https://shopeefood.vn/ha-noi/thanh-loan-banh-mi-chao-com-van-phong-ha-dong,,,,,,https://shope.ee/AKaxBgNn9j,
https://shopeefood.vn/ha-noi/xoi-banh-mi-chao-banh-my-duong-pho-321-de-la-thanh,,,,,,https://shope.ee/8AWSbhW2YK,
https://shopeefood.vn/ha-noi/bun-dau-banh-mi-chao-nghia-tan,,,,,,https://shope.ee/80D2POWftJ,
https://shopeefood.vn/ha-noi/cot-dien-quan-banh-mi-chao-bach-mai,,,,,,https://shope.ee/8V9J0JUlsQ,
https://shopeefood.vn/ha-noi/cot-dien-quan-banh-mi-chao-dang-van-ngu,,,,,,https://shope.ee/8Kpso0VPDP,
https://shopeefood.vn/ha-noi/banh-mi-chao-bun-dau-ngo-211-pho-khuong-trung,,,,,,https://shope.ee/8pm9OvTVCW,
https://shopeefood.vn/ha-noi/tiem-banh-mi-chao-banh-mi-do-quan-khuong-ha,,,,,,https://shope.ee/8fSjCcU8XV,
https://shopeefood.vn/ha-noi/banh-mi-chao-bun-bo-hue-58-ngo-345-khuong-trung,,,,,,https://shope.ee/9AOznXSEWc,
https://shopeefood.vn/ha-noi/hoang-anh-anh-banh-mi-chao-bun-dau-met,,,,,,https://shope.ee/4LJk2els1j,
https://shopeefood.vn/ha-noi/sai-gon-quan-banh-mi-chao,,,,,,https://shope.ee/4qG0dZjy0q,
https://shopeefood.vn/ha-noi/banh-mi-chao-bun-ca-tay-mo,,,,,,https://shope.ee/4fwaRGkbLp,
https://shopeefood.vn/ha-noi/xoi-banh-mi-chao-banh-my-duong-pho-103b-khuong-dinh,,,,,,https://shope.ee/5Asr2BihKw,
https://shopeefood.vn/ha-noi/co-ut-nha-trang-nem-nuong-banh-mi-chao-che-da-nang,,,,,,https://shope.ee/50ZQpsjKfv,
https://shopeefood.vn/ha-noi/banh-mi-chao-189-nguyen-ngoc-vu,,,,,,https://shope.ee/BUB501jU0,
https://shopeefood.vn/ha-noi/banh-mi-chao-bun-dau-pho-trieu-khuc,,,,,,https://shope.ee/1Aksh2Moz,
https://shopeefood.vn/ha-noi/bi-bami-banh-mi-chao-sot-dam-da-banh-mi-muoi-ot-full-topping,,,,,,https://shope.ee/W71Tc0So6,
https://shopeefood.vn/ha-noi/cot-dien-quan-banh-mi-chao-128-quang-trung,,,,,,https://shope.ee/LnbHJ1695,
https://shopeefood.vn/ha-noi/banh-mi-chao-vien-chien-mam-linh-dam,,,,,,https://shope.ee/qjrsDzC8C,
https://shopeefood.vn/ha-noi/banh-mi-chao-bun-dau-ngo-68-trieu-khuc,,,,,,https://shope.ee/gQRfuzpTB,
https://shopeefood.vn/ha-noi/banh-mi-chao-bun-dau-ngo-68-pho-trieu-khuc,,,,,,https://shope.ee/1BMiGpxvSI,
https://shopeefood.vn/ha-noi/cot-dien-quan-banh-mi-chao-39-lac-trung,,,,,,https://shope.ee/113I4WyYnH,
https://shopeefood.vn/ha-noi/banh-mi-chao-bun-dau-khuong-trung,,,,,,https://shope.ee/1VzYfRwemO,
https://shopeefood.vn/ha-noi/bep-huyen-anh-banh-mi-chao,,,,,,https://shope.ee/1Lg8T8xI7N,
https://shopeefood.vn/ha-noi/aladdin-food-banh-mi-chao-my-cay-my-tron-ngo-tu-do,,,,,,https://shope.ee/1qcP43vO6U,
https://shopeefood.vn/ha-noi/nha-tho-quan-banh-mi-chao-do-an-vat-8a-hoang-hoa-tham,,,,,,https://shope.ee/1gIyrkw1RT,
https://shopeefood.vn/ha-noi/banh-mi-chao-77,,,,,,https://shope.ee/2BFFSfu7Qa,
https://shopeefood.vn/ha-noi/cot-dien-quan-banh-mi-chao-nghia-tan,,,,,,https://shope.ee/20vpGMuklZ,
https://shopeefood.vn/ha-noi/banh-mi-chao-hoc-vien-le-van-hien,,,,,,https://shope.ee/2Vs5rHsqkg,
https://shopeefood.vn/ha-noi/thanh-loan-banh-mi-chao-com-van-phong,,,,,,https://shope.ee/2LYfeytU5f,
https://shopeefood.vn/ha-noi/banh-mi-quoc-dan-banh-mi-chao-bittet-xoi-sai-dong,,,,,,https://shope.ee/8AWSbhXHFo,
https://shopeefood.vn/ha-noi/hong-ngoc-quan-banh-mi-chao-nguyen-viet-xuan,,,,,,https://shope.ee/80D2POXuan,
https://shopeefood.vn/ha-noi/thanh-canh-banh-mi-chao,,,,,,https://shope.ee/8V9J0JW0Zu,
https://shopeefood.vn/ha-noi/quan-ong-tay-banh-mi-chao-spagetti,,,,,,https://shope.ee/8Kpso0Wdut,
https://shopeefood.vn/ha-noi/pizza-day-banh-mi-chao-pizza-chicago,,,,,,https://shope.ee/8pm9OvUju0,
https://shopeefood.vn/ha-noi/anh-em-quan-banh-mi-chao-phu-luong,,,,,,https://shope.ee/8fSjCcVNEz,
https://shopeefood.vn/ha-noi/banh-mi-chao-goc-de,,,,,,https://shope.ee/9AOznXTTE6,
https://shopeefood.vn/ha-noi/bep-nha-bong-tiem-an-vat-nem-nuong-nha-trang-banh-mi-chao-do-an-vat-xuan-la,,,,,,https://shope.ee/905ZbEU6Z5,
https://shopeefood.vn/ha-noi/bo-sot-vang-banh-mi-chao-thuong-nho-trung-liet,,,,,,https://shope.ee/9V1qC9SCYC,
https://shopeefood.vn/ha-noi/banh-mi-chao-phuc-linh-thanh-trung,,,,,,https://shope.ee/9KiPzqSptB,
https://shopeefood.vn/ha-noi/thanh-loan-banh-mi-chao-com-van-phong-ao-sen,,,,,,https://shope.ee/9pegalQvsI,
https://shopeefood.vn/ha-noi/bami22-banh-mi-chao-vo-thi-sau,,,,,,https://shope.ee/9fLGOSRZDH,
https://shopeefood.vn/ha-noi/banh-mi-chao-che-sau-thai-lien-cookie-baby,,,,,,https://shope.ee/AAHWzNPfCO,
https://shopeefood.vn/ha-noi/banh-mi-chao-thai-phien,,,,,,https://shope.ee/9zy6n4QIXN,
https://shopeefood.vn/ha-noi/co-phuong-beo-banh-mi-chao-banh-mi-sot-vang,,,,,,https://shope.ee/AUuNNzOOWU,
https://shopeefood.vn/ha-noi/linh-nhim-bo-sot-vang-banh-mi-chao-bun-cha-nuong-than-cau-giay,,,,,,https://shope.ee/AKaxBgP1rT,
https://shopeefood.vn/ha-noi/bo-sot-vang-banh-mi-chao-thuong-nho-tran-thai-tong,,,,,,https://shope.ee/5VVhQnhQfY,
https://shopeefood.vn/ha-noi/co-them-banh-mi-chao,,,,,,https://shope.ee/5LCHEUi40X,
https://shopeefood.vn/ha-noi/banh-mi-chao-do-an-vat-com-rang-91-trieu-khuc,,,,,,https://shope.ee/5q8XpPg9ze,
https://shopeefood.vn/ha-noi/banh-mi-chao-phuc-linh-chua-lang,,,,,,https://shope.ee/5fp7d6gnKd,
https://shopeefood.vn/ha-noi/un-in-quan-banh-mi-chao-che-do-chien-an-vat,,,,,,https://shope.ee/6AlOE1etJk,
https://shopeefood.vn/ha-noi/banh-mi-minh-minh-banh-mi-chao-sai-dong,,,,,,https://shope.ee/60Ry1ifWej,
https://shopeefood.vn/ha-noi/mi-cay-mi-tron-banh-mi-chao-tram-troi,,,,,,https://shope.ee/6VOEcddcdq,
https://shopeefood.vn/ha-noi/bun-bung-ha-noi-banh-mi-chao-bep-me-bun-su,,,,,,https://shope.ee/6L4oQKeFyp,
https://shopeefood.vn/ha-noi/thanh-canh-banh-mi-chao-nuoc-ep-cau-dien,,,,,,https://shope.ee/6q151FcLxw,
https://shopeefood.vn/ha-noi/duli-tea-fastfood-banh-mi-chao,,,,,,https://shope.ee/6fheowczIv,
https://shopeefood.vn/ha-noi/sieu-chao-fa-banh-mi-chao-ao-sen,,,,,,https://shope.ee/7AdvPrb5I2,
https://shopeefood.vn/ha-noi/bep-ngon-banh-mi-pate-banh-mi-chao-nguyen-trai.yihyyf,,,,,,https://shope.ee/70KVDYbid1,
https://shopeefood.vn/ha-noi/pate-cot-den-banh-mi-chao-co-vy,,,,,,https://shope.ee/7VGloTZoc8,
https://shopeefood.vn/ha-noi/banh-mi-chao-678,,,,,,https://shope.ee/7KxLcAaRx7,
https://shopeefood.vn/ha-noi/bao-anh-xoi-banh-mi-chao,,,,,,https://shope.ee/7ptcD5YXwE,
https://shopeefood.vn/ha-noi/bo-sot-vang-banh-mi-chao-thuong-nho-pham-huy-thong,,,,,,https://shope.ee/7faC0mZBHD,
https://shopeefood.vn/ha-noi/banh-mi-chao-thanh-canh-cs-2-pho-nguyen-xa,,,,,,https://shope.ee/2gBW3asDQG,
https://shopeefood.vn/ha-noi/banh-mi-chao-mooki-bread,,,,,,https://shope.ee/2qUwFtra5J,
https://shopeefood.vn/ha-noi/bo-sot-vang-banh-mi-chao-thuong-nho-vu-trong-phung,,,,,,https://shope.ee/30oMSCqwkM,
https://shopeefood.vn/ha-noi/cocatea-ga-ran-mi-cay-banh-mi-chao-80-xuan-phuong,,,,,,https://shope.ee/3B7meVqJPP,
https://shopeefood.vn/ha-noi/bo-sot-vang-banh-mi-chao-thuong-nho,,,,,,https://shope.ee/3LRCqopg4S,
https://shopeefood.vn/ha-noi/banh-mi-chao-3h,,,,,,https://shope.ee/3Vkd37p2jV,
https://shopeefood.vn/ha-noi/banh-mi-chao-nem-nuong-khanh-linh-linh-dam,,,,,,https://shope.ee/3g43FQoPOY,
https://shopeefood.vn/ha-noi/banh-trang-tron-milo-dam-banh-mi-chao-gia-quat,,,,,,https://shope.ee/3qNTRjnm3b,
https://shopeefood.vn/ha-noi/mr-cop-banh-mi-chao,,,,,,https://shope.ee/40gte2n8ie,
https://shopeefood.vn/da-nang/chao-banh-mi-chao-xoi-ga-175-be-van-dan.kq5f4c,,,,,,https://shope.ee/4B0JqLmVNh,
https://shopeefood.vn/da-nang/bep-co-hang-banh-mi-chao-12-to-vinh-dien,,,,,,https://shope.ee/4LJk2els2k,
https://shopeefood.vn/da-nang/banh-mi-chao-ba-ly-07-pham-cu-luong,,,,,,https://shope.ee/4VdAExlEhn,
https://shopeefood.vn/da-nang/banh-mi-chao-lydy-176-tong-phuoc-pho,,,,,,https://shope.ee/4fwaRGkbMq,
https://shopeefood.vn/da-nang/fat-boy-banh-mi-chao-coffee,,,,,,https://shope.ee/4qG0dZjy1t,
https://shopeefood.vn/da-nang/xoi-ut-gao-1975-banh-mi-chao,,,,,,https://shope.ee/50ZQpsjKgw,
https://shopeefood.vn/da-nang/ong-hang-bread-banh-mi-que-banh-mi-chao-banh-mi-nuong-muoi-ot-le-van-tam.njprl5,,,,,,https://shope.ee/5Asr2BihLz,
https://shopeefood.vn/da-nang/chao-food-banh-mi-chao-com-ga-com-suon,,,,,,https://shope.ee/1Aksh2Mq0,
https://shopeefood.vn/da-nang/ba-nh-mi-cha-o-co-ly-ba-nh-mi-cha-o-124-huy-nh-xuan-nhi.fuk2tn,,,,,,https://shope.ee/BUB501jV3,
https://shopeefood.vn/da-nang/ong-tun-banh-mi-chao-com-ga,,,,,,https://shope.ee/LnbHJ16A6,
https://shopeefood.vn/da-nang/nem-nuong-nha-trang-banh-mi-chao-mr-phin,,,,,,https://shope.ee/W71Tc0Sp9,
https://shopeefood.vn/da-nang/banh-mi-chao-ram-cuon-cai-75-yen-bai,,,,,,https://shope.ee/gQRfuzpUC,
https://shopeefood.vn/ho-chi-minh/banh-mi-chao-wow-bo-dat-biet-sieu-bo,,,,,,https://shope.ee/qjrsDzC9F,
https://shopeefood.vn/ho-chi-minh/xiu-mai-chao-cho-lon-banh-mi-chao-nguyen-thi-nho.jofsom,,,,,,https://shope.ee/113I4WyYoI,
https://shopeefood.vn/ho-chi-minh/diem-tam-sang-59-banh-mi-chao-ly-chieu-hoang.zvuepj,,,,,,https://shope.ee/1BMiGpxvTL,
https://shopeefood.vn/ho-chi-minh/2-quynh-com-trua-bo-ne,,,,,,https://shope.ee/1Lg8T8xI8O,
https://shopeefood.vn/ho-chi-minh/phong-linh-lau-xien-nuong-tu-xuyen-banh-mi-chao,,,,,,https://shope.ee/1VzYfRwenR,
https://shopeefood.vn/ho-chi-minh/banh-mi-chao-tan-hoa-dong.vih6iq,,,,,,https://shope.ee/1gIyrkw1SU,
https://shopeefood.vn/ho-chi-minh/banh-mi-chao-nguyen-cuu-van,,,,,,https://shope.ee/1qcP43vO7X,
https://shopeefood.vn/ho-chi-minh/bami-co-bong-banh-mi-chao-pate-chien-bach-dang,,,,,,https://shope.ee/20vpGMukma,
https://shopeefood.vn/ho-chi-minh/xoi-banh-mi-banh-mi-chao-43-ton-dan,,,,,,https://shope.ee/2BFFSfu7Rd,
https://shopeefood.vn/ho-chi-minh/banh-mi-chao-78-duong-so-10,,,,,,https://shope.ee/2LYfeytU6g,
https://shopeefood.vn/ho-chi-minh/quan-22k-banh-mi-chao-mi-ga-da-gion,,,,,,https://shope.ee/2Vs5rHsqlj,
https://shopeefood.vn/ho-chi-minh/banh-mi-chao-1991s-chu-van-an,,,,,,https://shope.ee/80D2POXubo,
https://shopeefood.vn/ho-chi-minh/hamburger-banh-mi-bo-ke-banh-mi-chao-co-bac,,,,,,https://shope.ee/8AWSbhXHGr,
https://shopeefood.vn/ho-chi-minh/banh-mi-chao-mi-tron-tiny,,,,,,https://shope.ee/8Kpso0Wdvu,
https://shopeefood.vn/ho-chi-minh/banh-mi-chao-ba-huyen-dao-duy-anh,,,,,,https://shope.ee/8V9J0JW0ax,
https://shopeefood.vn/ho-chi-minh/banh-mi-chao-com-chung-cu-ha-kieu,,,,,,https://shope.ee/8fSjCcVNG0,
https://shopeefood.vn/ho-chi-minh/banh-mi-chao-bo-chao-bisteak,,,,,,https://shope.ee/8pm9OvUjv3,
https://shopeefood.vn/ho-chi-minh/quan-hoi-tu-banh-mi-chao-phan-xich-long,,,,,,https://shope.ee/905ZbEU6a6,
https://shopeefood.vn/ho-chi-minh/bmc-banh-mi-chao,,,,,,https://shope.ee/9AOznXTTF9,
https://shopeefood.vn/ho-chi-minh/banh-mi-chao-van-kiep,,,,,,https://shope.ee/9KiPzqSpuC,
https://shopeefood.vn/ho-chi-minh/banh-mi-chao-na-huynh-tan-phat,,,,,,https://shope.ee/9V1qC9SCZF,
https://shopeefood.vn/ho-chi-minh/goi-ba-co-gai-banh-mi-chao-chien-luoc,,,,,,https://shope.ee/9fLGOSRZEI,
https://shopeefood.vn/ho-chi-minh/gia-tue-banh-mi-chao,,,,,,https://shope.ee/9pegalQvtL,
https://shopeefood.vn/ho-chi-minh/terra-pot-banh-mi-xiu-mai-banh-mi-muoi-ot-dang-thuy-tram,,,,,,https://shope.ee/9zy6n4QIYO,
https://shopeefood.vn/ho-chi-minh/taka-banh-mi-chao-mi-tron-le-co.k8svho,,,,,,https://shope.ee/AAHWzNPfDR,
https://shopeefood.vn/ho-chi-minh/com-ga-subon-com-ga-banh-mi-chao-cao-lo,,,,,,https://shope.ee/AKaxBgP1sU,
https://shopeefood.vn/ho-chi-minh/banh-mi-chao-panda-pate-chien-gia-truyen,,,,,,https://shope.ee/1qcP43vf9G,
https://shopeefood.vn/ho-chi-minh/banh-mi-chao-mui-mui,,,,,,https://shope.ee/1gIyrkwIUF,
https://shopeefood.vn/ho-chi-minh/banh-mi-chao-pate-hai-phong-lang-tang-phu,,,,,,https://shope.ee/2BFFSfuOTM,
https://shopeefood.vn/ho-chi-minh/quan-ngon-999-com-nui-banh-mi-chao,,,,,,https://shope.ee/20vpGMv1oL,
https://shopeefood.vn/ho-chi-minh/banh-mi-chao-bep-anh-mai,,,,,,https://shope.ee/2Vs5rHt7nS,
https://shopeefood.vn/ho-chi-minh/banh-mi-chao-nha-win,,,,,,https://shope.ee/2LYfeytl8R,
https://shopeefood.vn/ho-chi-minh/ba-xa-banh-mi-chao-bo-ne-banh-mi-sot-truong-sa,,,,,,https://shope.ee/2qUwFtrr7Y,
https://shopeefood.vn/ho-chi-minh/tiem-banh-mi-chao-be-beo-thoai-ngoc-hau,,,,,,https://shope.ee/2gBW3asUSX,
https://shopeefood.vn/ho-chi-minh/ut-linh-banh-mi-chao,,,,,,https://shope.ee/3B7meVqaRe,
https://shopeefood.vn/ho-chi-minh/tiem-cua-man-mi-cay-banh-mi-chao-tra-sua-nguyen-tri-phuong.4hslei,,,,,,https://shope.ee/30oMSCrDmd,
https://shopeefood.vn/ho-chi-minh/com-ga-beef-steak-banh-mi-chao-mac-thi-buoi,,,,,,https://shope.ee/3Vkd37pJlk,
https://shopeefood.vn/ho-chi-minh/banh-mi-chao-my-y-tung-ming,,,,,,https://shope.ee/3LRCqopx6j,
https://shopeefood.vn/ho-chi-minh/banh-mi-chao-bo-ne-chi-cam-tan-my,,,,,,https://shope.ee/3qNTRjo35q,
https://shopeefood.vn/ho-chi-minh/banh-mi-chao-a-bep-chung-cu-ngo-gia-tu,,,,,,https://shope.ee/3g43FQogQp,
https://shopeefood.vn/ho-chi-minh/bo-ne-banh-mi-chao-yeu-dien-hung-phu,,,,,,https://shope.ee/4B0JqLmmPw,
https://shopeefood.vn/ho-chi-minh/banh-mi-chao-bb,,,,,,https://shope.ee/40gte2nPkv,
https://shopeefood.vn/ho-chi-minh/rainbows-banh-mi-chao-nguyen-van-luong,,,,,,https://shope.ee/4VdAExlVk2,
https://shopeefood.vn/ho-chi-minh/quan-143-bun-bo-mi-vit-tiem-banh-mi-chao,,,,,,https://shope.ee/4LJk2em951,
https://shopeefood.vn/ho-chi-minh/bep-nha-nhu-banh-mi-chao-bo-ne,,,,,,https://shope.ee/4qG0dZkF48,
https://shopeefood.vn/ho-chi-minh/banh-mi-chao-che-mai-le-thuc-hoach,,,,,,https://shope.ee/4fwaRGksP7,
https://shopeefood.vn/ho-chi-minh/rot-rot-banh-mi-chao,,,,,,https://shope.ee/5Asr2BiyOE,
https://shopeefood.vn/ho-chi-minh/an-vat-duong-pho-bun-rieu-cua-oc-banh-mi-chao-duong-so-6,,,,,,https://shope.ee/50ZQpsjbjD,
https://shopeefood.vn/ho-chi-minh/banh-mi-chao-di-oanh,,,,,,https://shope.ee/5VVhQnhhiK,
https://shopeefood.vn/ho-chi-minh/banh-mi-chao-di-muoi-banh-mi-xiu-mai-bo-ne,,,,,,https://shope.ee/5LCHEUiL3J,
https://shopeefood.vn/ho-chi-minh/banh-mi-sai-gon-banh-mi-chao,,,,,,https://shope.ee/5q8XpPgR2Q,
https://shopeefood.vn/ho-chi-minh/banh-mi-chao-co-3-hau,,,,,,https://shope.ee/5fp7d6h4NP,
https://shopeefood.vn/ho-chi-minh/banh-mi-chao-138-duong-a4,,,,,,https://shope.ee/6AlOE1fAMW,
https://shopeefood.vn/ho-chi-minh/goc-banh-mi-chao,,,,,,https://shope.ee/60Ry1ifnhV,
https://shopeefood.vn/ho-chi-minh/banh-mi-chao-69,,,,,,https://shope.ee/6VOEcddtgc,
https://shopeefood.vn/ho-chi-minh/banh-mi-chao-napo-huynh-tan-phat,,,,,,https://shope.ee/6L4oQKeX1b,
https://shopeefood.vn/ho-chi-minh/tyci-food-tra-sua-banh-mi-chao-46-duong-79,,,,,,https://shope.ee/6q151Fcd0i,
https://shopeefood.vn/ho-chi-minh/kim-loan-banh-mi-chao-nui-xao-bo-mi-xao-bo-ton-dan,,,,,,https://shope.ee/6fheowdGLh,
https://shopeefood.vn/ho-chi-minh/cali-corner-cafe-cali-hamburger-banh-mi-chao,,,,,,https://shope.ee/7AdvPrbMKo,
https://shopeefood.vn/ho-chi-minh/quan-su-mi-banh-mi-chao-bo-ne-mi-tron,,,,,,https://shope.ee/70KVDYbzfn,
https://shopeefood.vn/ho-chi-minh/banh-mi-chao-anh-map-tran-trong-cung,,,,,,https://shope.ee/7VGloTa5eu,
https://shopeefood.vn/ho-chi-minh/nhu-dan-banh-mi-chao-hoa-binh,,,,,,https://shope.ee/7KxLcAaizt,
https://shopeefood.vn/ho-chi-minh/banh-mi-chao-ngoc-xiu-lam-van-ben,,,,,,https://shope.ee/7ptcD5Yoz0,
https://shopeefood.vn/ho-chi-minh/pha-lau-tran-phu-mi-xao-banh-mi-chao-pham-van,,,,,,https://shope.ee/7faC0mZSJz,
https://shopeefood.vn/ho-chi-minh/banh-mi-chao-cao-dat,,,,,,https://shope.ee/8AWSbhXYJ6,
https://shopeefood.vn/ho-chi-minh/banh-mi-chao-bep-nha,,,,,,https://shope.ee/80D2POYBe5,
https://shopeefood.vn/ho-chi-minh/banh-mi-chao-minh-anh-quang-trung,,,,,,https://shope.ee/8V9J0JWHdC,
https://shopeefood.vn/ho-chi-minh/pha-lau-banh-mi-chao-be-ba,,,,,,https://shope.ee/8Kpso0WuyB,
https://shopeefood.vn/ho-chi-minh/a-bep-banh-mi-chao-huong-giang,,,,,,https://shope.ee/8pm9OvV0xI,
https://shopeefood.vn/ho-chi-minh/bo-ne-banh-mi-chao-ut-vinh,,,,,,https://shope.ee/8fSjCcVeIH,
https://shopeefood.vn/ho-chi-minh/quan-co-tu-banh-mi-chao-mi-y,,,,,,https://shope.ee/9AOznXTkHO,
https://shopeefood.vn/ho-chi-minh/banh-mi-chao-anh-ba-bau-cat-1,,,,,,https://shope.ee/905ZbEUNcN,
https://shopeefood.vn/ho-chi-minh/3-chu-gau-banh-mi-chao-le-thi-ha,,,,,,https://shope.ee/9V1qC9STbU,
https://shopeefood.vn/ho-chi-minh/new-sky-bo-la-bo-ne-banh-mi-chao,,,,,,https://shope.ee/9KiPzqT6wT,
https://shopeefood.vn/ho-chi-minh/banh-mi-chao-my-phuong-duong-so-8,,,,,,https://shope.ee/9pegalRCva,
https://shopeefood.vn/ho-chi-minh/banh-mi-chao-co-ba-hau-banh-mi-chao-le-van-tho,,,,,,https://shope.ee/9fLGOSRqGZ,
https://shopeefood.vn/ho-chi-minh/banh-mi-chao-quan-7-duong-so-37,,,,,,https://shope.ee/AAHWzNPwFg,
https://shopeefood.vn/ho-chi-minh/chao-restaurant,,,,,,https://shope.ee/9zy6n4QZaf,
https://shopeefood.vn/ho-chi-minh/banh-mi-chao-bep-nha-bo-kinh-duong-vuong,,,,,,https://shope.ee/AUuNNzOfZm,
https://shopeefood.vn/ha-noi/bep-que-chi-com-ga-xa-xiu-tu-lien.vqfw5b,,,,,,https://shope.ee/AKaxBgPIul,
https://shopeefood.vn/ha-noi/com-xa-xiu-trang-tien,,,,,,https://shope.ee/1Aksh2dsm,
https://shopeefood.vn/ha-noi/tiem-com-van-phong-com-ga-com-xa-xiu-tap-the-co-khi-tran-hung-dao,,,,,,https://shope.ee/BUB5020Xp,
https://shopeefood.vn/ha-noi/com-nhang-foods-com-xa-xiu-com-ga-com-suon-dai-co-viet,,,,,,https://shope.ee/LnbHJ1NCs,
https://shopeefood.vn/ha-noi/com-tho-delichi-com-tho-ga-xa-xiu-khuc-thua-du,,,,,,https://shope.ee/W71Tc0jrv,
https://shopeefood.vn/ha-noi/tiem-com-xa-xiu-yuzan-451-lac-long-quan,,,,,,https://shope.ee/gQRfv06Wy,
https://shopeefood.vn/ha-noi/my-tron-com-tron-xa-xiu-rb-kitchen,,,,,,https://shope.ee/qjrsDzTC1,
https://shopeefood.vn/ha-noi/com-dao-81-com-dao-my-xa-xiu,,,,,,https://shope.ee/113I4Wypr4,
https://shopeefood.vn/ha-noi/jacky-mi-vit-quay-com-xa-xiu-duong-19-5,,,,,,https://shope.ee/1BMiGpyCW7,
https://shopeefood.vn/ha-noi/xa-xiu-trung-toc-dai-com-xoi-banh-mi-xa-xiu-ngon-chuan-vi-thanh-cong,,,,,,https://shope.ee/1Lg8T8xZBA,
https://shopeefood.vn/ha-noi/com-rang-ba-chay-com-rang-xa-xiu-xuan-phuong,,,,,,https://shope.ee/1VzYfRwvqD,
https://shopeefood.vn/ha-noi/com-chien-ga-xa-xiu-xingfu-minh-khai,,,,,,https://shope.ee/1gIyrkwIVG,
https://shopeefood.vn/ha-noi/xa-xiu-bep-meo-beo-giang-vo,,,,,,https://shope.ee/1qcP43vfAJ,
https://shopeefood.vn/ha-noi/char-siu-com-ga-mi-xa-xiu,,,,,,https://shope.ee/20vpGMv1pM,
https://shopeefood.vn/ha-noi/comi-chefhome-com-xa-xiu-my-ga-quay-le-van-hien,,,,,,https://shope.ee/2BFFSfuOUP,
https://shopeefood.vn/ha-noi/xa-xiu-trung-toc-dai-com-xoi-banh-mi-ngon-chuan-vi-chinh-kinh,,,,,,https://shope.ee/2LYfeytl9S,
https://shopeefood.vn/ha-noi/com-ga-xa-xiu-xingfu-duong-quang-ham,,,,,,https://shope.ee/2Vs5rHt7oV,
https://shopeefood.vn/ha-noi/jacky-mi-vit-quay-com-xa-xiu-minh-khai,,,,,,https://shope.ee/2gBW3asUTY,
https://shopeefood.vn/ha-noi/com-ngon-xiu-com-ga-xa-xiu-sot-vang-cau-dien,,,,,,https://shope.ee/2qUwFtrr8b,
https://shopeefood.vn/ha-noi/xa-xiu-trung-toc-dai-com-xoi-banh-mi-ngon-chuan-vi-me-tri-ha,,,,,,https://shope.ee/30oMSCrDne,
https://shopeefood.vn/ha-noi/com-tho-delichi-com-tho-ga-xa-xiu-duong-khue,,,,,,https://shope.ee/3B7meVqaSh,
https://shopeefood.vn/ha-noi/bao-bao-com-xa-xiu-my-chua-cay-chao-ech-213-xa-dan,,,,,,https://shope.ee/3LRCqopx7k,
https://shopeefood.vn/ha-noi/moc-quan-com-ga-quay-com-xa-xiu-me-tri-ha,,,,,,https://shope.ee/3Vkd37pJmn,
https://shopeefood.vn/ha-noi/my-tron-com-dao-xa-xiu-chashu,,,,,,https://shope.ee/3g43FQogRq,
https://shopeefood.vn/ha-noi/com-chien-ga-xa-xiu-xingfu-duong-quang-ham,,,,,,https://shope.ee/3qNTRjo36t,
https://shopeefood.vn/ha-noi/than-tai-quan-com-thit-quay-com-chien-xa-xiu-phuc-tan,,,,,,https://shope.ee/40gte2nPlw,
https://shopeefood.vn/ha-noi/comi-chefhome-com-xa-xiu-my-ga-quay-pham-van-dong,,,,,,https://shope.ee/4B0JqLmmQz,
https://shopeefood.vn/ha-noi/bep-hana-com-ga-xa-xiu-bun-rieu-be-be-phu-xa,,,,,,https://shope.ee/4LJk2em962,
https://shopeefood.vn/ha-noi/chi-hai-com-ga-xa-xiu,,,,,,https://shope.ee/4VdAExlVl5,
https://shopeefood.vn/ha-noi/ba-duy-com-ga-xa-xiu-shop-online,,,,,,https://shope.ee/4fwaRGksQ8,
https://shopeefood.vn/ha-noi/bb-s-kitchen-by-linh-my-tron-com-van-phong-thit-quay-xa-xiu-nguyen-hien.kewtw8,,,,,,https://shope.ee/4qG0dZkF5B,
https://shopeefood.vn/ha-noi/xa-xiu-trung-toc-dai-com-xoi-banh-mi-ngon-chuan-vi-pho-8-3,,,,,,https://shope.ee/50ZQpsjbkE,
https://shopeefood.vn/ha-noi/com-ga-xa-xiu-xingfu-thanh-cong,,,,,,https://shope.ee/5Asr2BiyPH,
https://shopeefood.vn/ha-noi/huang-fei-dimsum-com-xa-xiu-vit-quay-133-nguyen-chi-thanh,,,,,,https://shope.ee/5LCHEUiL4K,
https://shopeefood.vn/ha-noi/xa-xiu-trung-toc-dai-com-xoi-banh-mi-xa-xiu-ngon-chuan-vi-ba-trieu,,,,,,https://shope.ee/5VVhQnhhjN,
https://shopeefood.vn/ha-noi/comi-chefhome-com-xa-xiu-my-ga-quay-34-ngoc-khanh,,,,,,https://shope.ee/5fp7d6h4OQ,
https://shopeefood.vn/ha-noi/com-dao-619-com-rang-xa-xiu-ngo-105-lang-ha,,,,,,https://shope.ee/5q8XpPgR3T,
https://shopeefood.vn/ha-noi/xoi-xiu-com-ga-khuong-dinh,,,,,,https://shope.ee/60Ry1ifniW,
https://shopeefood.vn/ha-noi/com-xa-xiu-ma-heo-38c-bat-dan.ja8zul,,,,,,https://shope.ee/6AlOE1fANZ,
https://shopeefood.vn/ha-noi/ngu-quan-com-suon-com-ga-com-xa-xiu-com-van-phong-duong-23-khu-do-thi-thanh-pho-giao-luu.nvxaof,,,,,,https://shope.ee/6L4oQKeX2c,
https://shopeefood.vn/ha-noi/chasiu-com-chien-mi-xoi-thit-xa-xiu,,,,,,https://shope.ee/6VOEcddthf,
https://shopeefood.vn/ha-noi/rice-home-com-ga-com-suon-com-xa-xiu,,,,,,https://shope.ee/6fheowdGMi,
https://shopeefood.vn/ha-noi/trang-xa-xiu-com-xoi-bun-22-duong-lam,,,,,,https://shope.ee/6q151Fcd1l,
https://shopeefood.vn/ha-noi/bep-xanh-com-xa-xiu-my-vit-quay-thuy-khue.disygc,,,,,,https://shope.ee/70KVDYbzgo,
https://shopeefood.vn/ha-noi/com-nha-com-mi-ga-xa-xiu-ngo-huy-quynh,,,,,,https://shope.ee/7AdvPrbMLr,
https://shopeefood.vn/ha-noi/co-thoa-com-rang-xa-xiu,,,,,,https://shope.ee/7KxLcAaj0u,
https://shopeefood.vn/ha-noi/cakya-com-vit-quay-ga-quay-xa-xiu,,,,,,https://shope.ee/7VGloTa5fx,
https://shopeefood.vn/ha-noi/com-tho-bach-khoa-xa-dan,,,,,,https://shope.ee/4B0JqLmR6S,
https://shopeefood.vn/ha-noi/chemii-com-tron-toa-nam-xa-la,,,,,,https://shope.ee/40gte2n4RR,
https://shopeefood.vn/ha-noi/paradise-station-com-dao-xa-xiu-tra-sua,,,,,,https://shope.ee/4VdAExlAQY,
https://shopeefood.vn/ha-noi/quan-my-tron-ga-voika-com-my-nguyen-xa,,,,,,https://shope.ee/4LJk2elnlX,
https://shopeefood.vn/ha-noi/alanho-com-ga-com-suon-com-thit-xa-xiu-tran-hoa,,,,,,https://shope.ee/qjrsDz7rs,
https://shopeefood.vn/ha-noi/xoi-xa-xiu-chicken-1988,,,,,,https://shope.ee/gQRfuzlCr,
https://shopeefood.vn/ha-noi/com-tho-delichi-com-tho-ga-xa-xiu-xa-dan,,,,,,https://shope.ee/1BMiGpxrBy,
https://shopeefood.vn/ha-noi/quan-xa-xiu-ngo-noi-mieu-pho-noi-mieu.z8dwv7,,,,,,https://shope.ee/113I4WyUWx,
https://shopeefood.vn/ha-noi/com-tho-delichi-com-tho-ga-xa-xiu-pho-nhon,,,,,,https://shope.ee/BUB501fDo,
https://shopeefood.vn/ha-noi/alanho-com-ga-com-suon-com-thit-xa-xiu-le-van-huu,,,,,,https://shope.ee/1Aksh2IYn,
https://shopeefood.vn/ha-noi/duong-yen-quan-my-tron-xa-xiu-hong-mai.5o7epj,,,,,,https://shope.ee/W71Tc0OXu,
https://shopeefood.vn/ha-noi/jacky-mi-vit-quay-com-xa-xiu-to-hieu,,,,,,https://shope.ee/LnbHJ11st,
https://shopeefood.vn/ha-noi/my-yummy-xa-xiu-me-tri,,,,,,https://shope.ee/2BFFSfu3AG,
https://shopeefood.vn/ha-noi/com-rang-nghia-ngoac-com-rang-xa-xiu-so-1-trung-phung,,,,,,https://shope.ee/20vpGMugVF,
https://shopeefood.vn/ha-noi/bep-co-hien-pho-tiu-hu-tiu-com-xa-xiu-le-thanh-tong.wze2lk,,,,,,https://shope.ee/2Vs5rHsmUM,
https://shopeefood.vn/ha-noi/chasiu-banh-mi-xoi-xa-xiu-quoc-tu-giam,,,,,,https://shope.ee/2LYfeytPpL,
https://shopeefood.vn/ha-noi/chasiu-banh-mi-xoi-xa-xiu-hoang-hoa-tham,,,,,,https://shope.ee/1VzYfRwaWC,
https://shopeefood.vn/ha-noi/chasiu-banh-mi-xoi-xa-xiu-phuong-liet,,,,,,https://shope.ee/1Lg8T8xDrB,
https://shopeefood.vn/ha-noi/xoi-xa-xiu-chicken-1988-cs-hoang-quoc-viet,,,,,,https://shope.ee/1qcP43vJqI,
https://shopeefood.vn/ha-noi/mi-tron-xao-xa-xiu-xingfu-duong-quang-ham,,,,,,https://shope.ee/1gIyrkvxBH,
https://shopeefood.vn/ha-noi/com-ga-xoi-mo-com-van-phong-khu-do-thi-xa-la,,,,,,https://shope.ee/8pm9OvUfdg,
https://shopeefood.vn/ha-noi/hat-com-healthy-salad-xa-dan,,,,,,https://shope.ee/8fSjCcVIyf,
https://shopeefood.vn/ha-noi/mi-tuoi-soi-pho-mi-tron-xa-xiu-banh-bao-tuoi-vinh-ho,,,,,,https://shope.ee/9AOznXTOxm,
https://shopeefood.vn/ha-noi/com-nha-xiu-xiu-com-xa-xiu-my-tron-xa-xiu-chuong-duong-do.gx0l4s,,,,,,https://shope.ee/905ZbEU2Il,
https://shopeefood.vn/ha-noi/com-ngon-xa-xiu-trung-hoa-com-xa-xiu-dai-tu,,,,,,https://shope.ee/8AWSbhXCzc,
https://shopeefood.vn/ha-noi/bompi-com-ga-xa-xiu-truong-chinh.fku1hm,,,,,,https://shope.ee/80D2POXqKb,
https://shopeefood.vn/da-nang/xoi-xa-xiu-xoi-suon-ha-ho-shop-online,,,,,,https://shope.ee/8V9J0JVwJi,
https://shopeefood.vn/da-nang/xoi-xa-xiu-co-trinh-302-me-thu,,,,,,https://shope.ee/8Kpso0WZeh,
https://shopeefood.vn/da-nang/diep-ky-mi-xa-xiu-hu-tieu-nam-vang,,,,,,https://shope.ee/AAHWzNPaw4,
https://shopeefood.vn/da-nang/bep-xiu-bun-thit-nuong-bun-mam-mi-xa-xiu,,,,,,https://shope.ee/9zy6n4QEH3,
https://shopeefood.vn/da-nang/thien-nhan-mi-xa-xiu-pho-hung-vuong,,,,,,https://shope.ee/AUuNNzOKGA,
https://shopeefood.vn/da-nang/banh-mi-pha-lau-xa-xiu,,,,,,https://shope.ee/AKaxBgOxb9,
https://shopeefood.vn/da-nang/quan-65-mi-xa-xiu-cao-lau,,,,,,https://shope.ee/9V1qC9S8I0,
https://shopeefood.vn/da-nang/banh-mi-xa-xiu-beo,,,,,,https://shope.ee/9KiPzqSlcz,
https://shopeefood.vn/ho-chi-minh/com-xa-xiu-dui-ga-rim-mat-ong-shali-bau-cat,,,,,,https://shope.ee/9pegalQrc6,
https://shopeefood.vn/ho-chi-minh/xoi-ga-xa-xiu-nhat-anh-phan-dinh-phung,,,,,,https://shope.ee/9fLGOSRUx5,
https://shopeefood.vn/ho-chi-minh/thuan-ky-xa-xiu-mi-mi-xa-xiu-le-co.dvlqx3,,,,,,https://shope.ee/6AlOE1ep3Q,
https://shopeefood.vn/ho-chi-minh/len-com-ga-xa-xiu-trai-cay-van-phong-tan-ky-tan-quy,,,,,,https://shope.ee/60Ry1ifSOP,
https://shopeefood.vn/ho-chi-minh/com-xa-xiu-thuong-hang-icom-pham-the-hien,,,,,,https://shope.ee/6VOEcddYNW,
https://shopeefood.vn/ho-chi-minh/com-xa-xiu-thuong-hang-icom-07-co-giang,,,,,,https://shope.ee/6L4oQKeBiV,
https://shopeefood.vn/ho-chi-minh/com-xa-xiu-thuong-hang-icom-duong-so-41,,,,,,https://shope.ee/5VVhQnhMPM,
https://shopeefood.vn/ho-chi-minh/choi-co-chieu-salad-com-xa-xiu-shop-online,,,,,,https://shope.ee/5LCHEUhzkL,
https://shopeefood.vn/ho-chi-minh/com-xa-xiu-thuong-hang-icom-97-bac-hai-q-10,,,,,,https://shope.ee/5q8XpPg5jS,
https://shopeefood.vn/ho-chi-minh/com-xa-xiu-thuong-hang-icom-303-than-van-nhiep,,,,,,https://shope.ee/5fp7d6gj4R,
https://shopeefood.vn/ho-chi-minh/com-xa-xiu-thuong-hang-icom-hoang-hoa-tham,,,,,,https://shope.ee/7VGloTZkLo,
https://shopeefood.vn/ho-chi-minh/vit-quay-jacky-mi-vit-com-xa-xiu,,,,,,https://shope.ee/7KxLcAaNgn,
https://shopeefood.vn/ho-chi-minh/com-xa-xiu-thuong-hang-icom-nguyen-anh-thu,,,,,,https://shope.ee/7ptcD5YTfu,
https://shopeefood.vn/ho-chi-minh/com-xa-xiu-thuong-hang-icom-duong-so-43,,,,,,https://shope.ee/7faC0mZ70t,
https://shopeefood.vn/ho-chi-minh/com-xa-xiu-thuong-hang-icom-ton-that-dam,,,,,,https://shope.ee/6q151FcHhk,
https://shopeefood.vn/ho-chi-minh/com-xa-xiu-thuong-hang-icom-84-truong-quyen-q-3,,,,,,https://shope.ee/6fheowcv2j,
https://shopeefood.vn/ho-chi-minh/vinh-tam-com-xa-xiu,,,,,,https://shope.ee/7AdvPrb11q,
https://shopeefood.vn/ho-chi-minh/co-mai-shatty-hu-tieu-sa-dec-com-ga-xa-xiu,,,,,,https://shope.ee/70KVDYbeMp,
https://shopeefood.vn/ho-chi-minh/com-xa-xiu-thuong-hang-icom-hong-ha,,,,,,https://shope.ee/3LRCqopbo8,
https://shopeefood.vn/ho-chi-minh/heo-quay-xa-xiu-306-banh-hoi-com-heo-quay-ap-chien-luoc,,,,,,https://shope.ee/3Vkd37oyTB,
https://shopeefood.vn/ho-chi-minh/com-xa-xiu-thuong-hang-icom-80-truong-chinh-q-tan-binh,,,,,,https://shope.ee/3g43FQoL8E,
https://shopeefood.vn/ho-chi-minh/com-ga-quay-xa-xiu-hoa-ky-dao-tan,,,,,,https://shope.ee/3qNTRjnhnH,
https://shopeefood.vn/ho-chi-minh/com-xa-xiu-thuong-hang-icom-ba-hat,,,,,,https://shope.ee/2gBW3as9A4,
https://shopeefood.vn/ho-chi-minh/thien-thien-3-com-ga-xa-xiu,,,,,,https://shope.ee/2qUwFtrVp7,
https://shopeefood.vn/ho-chi-minh/bep-vi-nha-a-ha-com-xa-xiu-ga-mam-toi-hoanh-thanh-ha-cao,,,,,,https://shope.ee/30oMSCqsUA,
https://shopeefood.vn/ho-chi-minh/com-xa-xiu-thuong-hang-icom-phu-thuan,,,,,,https://shope.ee/3B7meVqF9D,
https://shopeefood.vn/ho-chi-minh/quan-com-hong-loan-com-hai-san-com-xa-xiu-duong-47,,,,,,https://shope.ee/4fwaRGkX6W,
https://shopeefood.vn/ho-chi-minh/bep-linh-mi-y-com-chien-hac-xa-xiu-cari-ga-huynh-tan-phat,,,,,,https://shope.ee/4qG0dZjtlZ,
https://shopeefood.vn/ho-chi-minh/com-ga-xa-xiu-bieu-ky,,,,,,https://shope.ee/50ZQpsjGQc,
https://shopeefood.vn/ho-chi-minh/com-tam-xa-xiu-tran-tan,,,,,,https://shope.ee/5Asr2Bid5f,
https://shopeefood.vn/ho-chi-minh/bep-nha-bicom-xa-xiu-tang-nhon-phu,,,,,,https://shope.ee/40gte2n4SS,
https://shopeefood.vn/ho-chi-minh/bach-lac-gia-com-xa-xiu-chau-tinh-tri,,,,,,https://shope.ee/4B0JqLmR7V,
https://shopeefood.vn/ho-chi-minh/com-chien-xa-xiu-1135,,,,,,https://shope.ee/4LJk2elnmY,
https://shopeefood.vn/ho-chi-minh/cam-hung-com-ga-vit-quay-xa-xiu,,,,,,https://shope.ee/4VdAExlARb,
https://shopeefood.vn/ho-chi-minh/bun-xa-xiu-ong-chu-nho-quan-1,,,,,,https://shope.ee/gQRfuzlDs,
https://shopeefood.vn/ho-chi-minh/com-xa-xiu-miki-soc-trang-an-duong-vuong,,,,,,https://shope.ee/qjrsDz7sv,
https://shopeefood.vn/ho-chi-minh/com-ga-xoi-ga-com-xa-xiu-nhung-chang-trai-dong-thanh,,,,,,https://shope.ee/113I4WyUXy,
https://shopeefood.vn/ho-chi-minh/mi-pho-tron-xa-xiu-chuan-vi-nguoi-hoa-nguyen-van-tang,,,,,,https://shope.ee/1BMiGpxrD1,
https://shopeefood.vn/ho-chi-minh/com-van-phong-com-ga-quay-com-xa-xiu-vu-chi-hieu,,,,,,https://shope.ee/1Aksh2IZo,
https://shopeefood.vn/ho-chi-minh/com-bep-bong-com-ga-xa-xiu-kho-qua-ca-ot-le-van-quoi,,,,,,https://shope.ee/BUB501fEr,
https://shopeefood.vn/ho-chi-minh/xoi-ga-xa-xiu-binh-thanh-ngo-duc-ke,,,,,,https://shope.ee/LnbHJ11tu,
https://shopeefood.vn/ho-chi-minh/mi-tron-xa-xiu-co-suu,,,,,,https://shope.ee/W71Tc0OYx,
https://shopeefood.vn/ho-chi-minh/mr-ngo-com-chien-ga-quay-xa-xiu-duong-so-4,,,,,,https://shope.ee/20vpGMugWG,
https://shopeefood.vn/ho-chi-minh/co-quan-com-mi-tron-xa-xiu-tra-trai-cay,,,,,,https://shope.ee/2BFFSfu3BJ,
https://shopeefood.vn/ho-chi-minh/pho-xiu-com-ga-thuong-hai-tan-phong-quan-7,,,,,,https://shope.ee/2LYfeytPqM,
https://shopeefood.vn/ho-chi-minh/quan-goc-pho-com-ga-luoc-heo-quay-xa-xiu,,,,,,https://shope.ee/2Vs5rHsmVP,
https://shopeefood.vn/ho-chi-minh/xa-xiu-plusss-xoi-xiu-mi-tron-banh-duc-nong-nguyen-huu-canh,,,,,,https://shope.ee/1Lg8T8xDsC,
https://shopeefood.vn/ho-chi-minh/huyy-mi-tron-com-xa-xiu-nguyen-thai-binh,,,,,,https://shope.ee/1VzYfRwaXF,
https://shopeefood.vn/ho-chi-minh/thi-no-banh-mi-heo-quay-banh-hoi-heo-quay-xoi-xa-xiu,,,,,,https://shope.ee/1gIyrkvxCI,
https://shopeefood.vn/ho-chi-minh/giao-cao-lau-com-xa-xiu,,,,,,https://shope.ee/1qcP43vJrL,
https://shopeefood.vn/ho-chi-minh/ga-sot-minh-tri-com-ga-mam-toi-com-chien-xa-xiu-com-chien-muoi-e-bui-van-them,,,,,,https://shope.ee/8fSjCcVIzg,
https://shopeefood.vn/ho-chi-minh/tiem-mi-tron-mi-tron-xa-xiu-dui-ga-top-mo-cach-mang-thang-8,,,,,,https://shope.ee/8pm9OvUfej,
https://shopeefood.vn/ho-chi-minh/can-phong-3-com-ga-xa-xiu-le-van-khuong,,,,,,https://shope.ee/905ZbEU2Jm,
https://shopeefood.vn/ho-chi-minh/bun-heo-quay-com-chien-banh-mi-xa-xiu-ngon-ngon-duong-so-10,,,,,,https://shope.ee/9AOznXTOyp,
https://shopeefood.vn/ho-chi-minh/phuc-lam-mon-vit-quay-bac-kinh-dimsum-mi-xa-xiu-duong-cong-khi,,,,,,https://shope.ee/80D2POXqLc,
https://shopeefood.vn/ho-chi-minh/thien-long-ky-mi-ga-quay-xa-xiu,,,,,,https://shope.ee/8AWSbhXD0f,
https://shopeefood.vn/ho-chi-minh/hu-tieu-mi-xa-xiu-a-phu,,,,,,https://shope.ee/8Kpso0WZfi,
https://shopeefood.vn/ho-chi-minh/ba-ba-quan-com-ga-xiu-nguyen-anh-thu,,,,,,https://shope.ee/8V9J0JVwKl,
https://shopeefood.vn/ho-chi-minh/tiem-mi-nhu-y-mi-xa-xiu-vinhomes-grand-park.5qmdgh,,,,,,https://shope.ee/9zy6n4QEI4,
https://shopeefood.vn/ho-chi-minh/a-tai-heo-quay-xa-xiu,,,,,,https://shope.ee/AAHWzNPax7,
https://shopeefood.vn/ho-chi-minh/a-ke-mi-ga-cay-hongkong-mi-xa-xiu-trung-muoi-cu-xa-lac-long-quan,,,,,,https://shope.ee/AKaxBgOxcA,
https://shopeefood.vn/ho-chi-minh/sui-cao-mi-xa-xiu-a-mi,,,,,,https://shope.ee/AUuNNzOKHD,
https://shopeefood.vn/ho-chi-minh/my-to-xa-xiu-home-s-an-vat-truong-chinh,,,,,,https://shope.ee/9KiPzqSle0,
https://shopeefood.vn/ho-chi-minh/quan-mi-tron-xa-xiu-sot-ma-lai-com-chien-de-tham,,,,,,https://shope.ee/9V1qC9S8J3,
https://shopeefood.vn/ho-chi-minh/hu-tiu-muc-com-xa-xiu-bo-gia-nguyen-van-troi,,,,,,https://shope.ee/9fLGOSRUy6,
https://shopeefood.vn/ho-chi-minh/xiu-s-kitchen-mi-sui-cao-xa-xiu,,,,,,https://shope.ee/9pegalQrd9,
https://shopeefood.vn/ho-chi-minh/hy-phong-heo-quay-xa-xiu-gia-truyen,,,,,,https://shope.ee/1Lg8T90nU8,
https://shopeefood.vn/ho-chi-minh/quan-trung-b25-pr-com-tam-mi-xa-xiu-park-riverside,,,,,,https://shope.ee/1VzYfS0A9B,
https://shopeefood.vn/ho-chi-minh/99b-mi-ga-quay-xa-xiu-ton-that-thuyet,,,,,,https://shope.ee/1gIyrkzWoE,
https://shopeefood.vn/ho-chi-minh/xoi-ga-ly-gia-duong-dinh-nghe,,,,,,https://shope.ee/1qcP43ytTH,
https://shopeefood.vn/ho-chi-minh/co-mai-xoi-xa-xiu-362-le-trong-tan.pnikq5,,,,,,https://shope.ee/20vpGMyG8K,
https://shopeefood.vn/ho-chi-minh/xoi-xa-xiu-xoi-thap-cam-aiko,,,,,,https://shope.ee/2BFFSfxcnN,
https://shopeefood.vn/ho-chi-minh/a-din-mi-xa-xiu-le-thanh-ton,,,,,,https://shope.ee/2LYfeywzSQ,
https://shopeefood.vn/ho-chi-minh/ku-bom-com-ga-xoi-xa-xiu-suon-nuong,,,,,,https://shope.ee/2Vs5rHwM7T,
https://shopeefood.vn/ho-chi-minh/xoi-tin-xoi-man-ga-xe-xa-xiu-sot-cay-cach-mang-thang-8,,,,,,https://shope.ee/1Aksh5sC0,
https://shopeefood.vn/ho-chi-minh/hu-tieu-mi-xa-xiu-tue-tinh,,,,,,https://shope.ee/BUB505Er3,
https://shopeefood.vn/ho-chi-minh/mi-sui-cao-xa-xiu-a-long-truong-thi-hoa,,,,,,https://shope.ee/LnbHJ4bW6,
https://shopeefood.vn/ho-chi-minh/fei-fei-wonton-mee-mi-xa-xiu-bak-kut-teh-laksa-truong-quoc-dung,,,,,,https://shope.ee/W71Tc3yB9,
https://shopeefood.vn/ho-chi-minh/mi-xa-xiu-79,,,,,,https://shope.ee/gQRfv3KqC,
https://shopeefood.vn/ho-chi-minh/hu-tieu-xa-xiu-thai-binh-ky,,,,,,https://shope.ee/qjrsE2hVF,
https://shopeefood.vn/ho-chi-minh/thao-nguyen-mi-tron-xa-xiu-top-mo-duong-so-7,,,,,,https://shope.ee/113I4X24AI,
https://shopeefood.vn/ho-chi-minh/xoi-ga-xa-xiu-duong-binh-quoi,,,,,,https://shope.ee/1BMiGq1QpL,
https://shopeefood.vn/ha-noi/vit-quay-chi-beoo,,,,,,https://shope.ee/40gte2qe4u,
https://shopeefood.vn/ha-noi/vit-quay-vit-nuong-trung-truc-464-au-co,,,,,,https://shope.ee/4B0JqLq0jx,
https://shopeefood.vn/ha-noi/vit-trung-hoa-vit-nuong-vit-quay-le-quang-dao,,,,,,https://shope.ee/4LJk2epNP0,
https://shopeefood.vn/ha-noi/vit-18g-vit-luoc-vit-quay-khuong-thuong,,,,,,https://shope.ee/4VdAExok43,
https://shopeefood.vn/ha-noi/vit-co-van-dinh-lau-vit-lau-ga-vit-quay,,,,,,https://shope.ee/4fwaRGo6j6,
https://shopeefood.vn/ha-noi/food-mart-vit-quay-bac-kinh-ga-bo-xoi-khong-loi-thoat-vit-quay-bac-kinh-o-dong-lam.bqmhzg,,,,,,https://shope.ee/4qG0dZnTO9,
https://shopeefood.vn/ha-noi/the-duckling-vit-quay-hong-kong-lau-lang-ha,,,,,,https://shope.ee/50ZQpsmq3C,
https://shopeefood.vn/ha-noi/vit-quay-thuan-phat-co-nhue,,,,,,https://shope.ee/5Asr2BmCiF,
https://shopeefood.vn/ha-noi/com-tau-vit-quay-nguyen-hien,,,,,,https://shope.ee/2gBW3avimm,
https://shopeefood.vn/ha-noi/vit-quay-hai-beo-com-pho-vit-quay-vit-loc-cuon-minh-khai,,,,,,https://shope.ee/2qUwFtv5Rp,
https://shopeefood.vn/ha-noi/huong-mit-bun-pho-vit-quay-lang-son-cau-giay,,,,,,https://shope.ee/30oMSCuS6s,
https://shopeefood.vn/ha-noi/vit-quay-gia-truyen-that-khe-ky-su-vit-cau-giay,,,,,,https://shope.ee/3B7meVtolv,
https://shopeefood.vn/ha-noi/com-tam-vit-quay-a-beo,,,,,,https://shope.ee/3LRCqotBQy,
https://shopeefood.vn/ha-noi/a-beo-com-dao-vit-quay-282-lac-long-quan.gsr5yt,,,,,,https://shope.ee/3Vkd37sY61,
https://shopeefood.vn/ha-noi/jin-feng-hua-vit-quay-da-gion-hongkong-15a-ham-nghi.oodjou,,,,,,https://shope.ee/3g43FQrul4,
https://shopeefood.vn/ha-noi/vit-hoang-hau-vit-quay-bac-kinh,,,,,,https://shope.ee/3qNTRjrHQ7,
https://shopeefood.vn/ha-noi/vit-quay-minh-gia-hong-kong,,,,,,https://shope.ee/6fheowgUfg,
https://shopeefood.vn/ha-noi/vit-quay-le-gia,,,,,,https://shope.ee/6q151FfrKj,
https://shopeefood.vn/ha-noi/trung-vit-vit-quay-vit-luoc-2-ngo-92-8-nguyen-khanh-toan,,,,,,https://shope.ee/70KVDYfDzm,
https://shopeefood.vn/ha-noi/quay-hong-kong-liu-gia-vit-quay-hong-kong-xuan-dieu.keu1zm,,,,,,https://shope.ee/7AdvPreaep,
https://shopeefood.vn/ha-noi/linh-van-phuc-com-tam-vit-quay-lu,,,,,,https://shope.ee/7KxLcAdxJs,
https://shopeefood.vn/ha-noi/ngan-vit-quay-ngo-94-pho-luong-yen,,,,,,https://shope.ee/7VGloTdJyv,
https://shopeefood.vn/ha-noi/vit-quay-luong-quang-chuan-vi-quang-dong-van-bao,,,,,,https://shope.ee/7faC0mcgdy,
https://shopeefood.vn/ha-noi/long-vi-dac-san-vit-quay-lang-son,,,,,,https://shope.ee/7ptcD5c3J1,
https://shopeefood.vn/ha-noi/banh-cuon-bun-cha-pho-vit-quay-212-le-trong-tan,,,,,,https://shope.ee/5LCHEUlZNY,
https://shopeefood.vn/ha-noi/dan-dan-com-vit-quay-mi-heo-quay-xa-xiu-pho-cuu-viet,,,,,,https://shope.ee/5VVhQnkw2b,
https://shopeefood.vn/ha-noi/vit-quay-ba-siu-di-vit-quay-chao-pho-banh-cuon-lang-son-ct1x2-bac-linh-dam,,,,,,https://shope.ee/5fp7d6kIhe,
https://shopeefood.vn/ha-noi/anh-bao-vit-quay-kinh-bac,,,,,,https://shope.ee/5q8XpPjfMh,
https://shopeefood.vn/ha-noi/xide-vit-quay-bac-kinh-bach-mai,,,,,,https://shope.ee/60Ry1ij21k,
https://shopeefood.vn/ha-noi/vit-quay-hong-kong-com-vit-bep-meng,,,,,,https://shope.ee/6AlOE1iOgn,
https://shopeefood.vn/ha-noi/vit-co-que-toi-vit-nuong-vit-quay-lau-duong-ke-ve,,,,,,https://shope.ee/6L4oQKhlLq,
https://shopeefood.vn/ha-noi/hoang-ky-vit-quay-lu-dat-chinh-hieu-luu-quang-vu,,,,,,https://shope.ee/6VOEcdh80t,
https://shopeefood.vn/ha-noi/vit-que-toi-vit-nuong-vit-quay-lau-ke-ve.fgugy5,,,,,,https://shope.ee/9KiPzqWLGS,
https://shopeefood.vn/ha-noi/vit-quay-than-nong-xuan-la,,,,,,https://shope.ee/9V1qC9VhvV,
https://shopeefood.vn/ha-noi/thit-nuong-trung-quoc-中国烧味-vit-quay-bac-kinh-ba-chi-no-bi-com-van-phong,,,,,,https://shope.ee/9fLGOSV4aY,
https://shopeefood.vn/ha-noi/vit-18g-vit-luoc-vit-quay-nguyen-duc-canh,,,,,,https://shope.ee/9pegalURFb,
https://shopeefood.vn/ha-noi/vit-quay-ky-niem-vit-co-dong-da,,,,,,https://shope.ee/9zy6n4Tnue,
https://shopeefood.vn/ha-noi/pho-vit-quay-banh-cuon-cao-bang-ao-sen,,,,,,https://shope.ee/AAHWzNTAZh,
https://shopeefood.vn/ha-noi/vit-quay-thu-phu,,,,,,https://shope.ee/AKaxBgSXEk,
https://shopeefood.vn/ha-noi/vit-quay-ong-thu-com-toi-nhau-chieu,,,,,,https://shope.ee/AUuNNzRttn,
https://shopeefood.vn/ha-noi/noong-tay-banh-cuon-cao-bang-pho-vit-quay-com-tam,,,,,,https://shope.ee/80D2PObPyK,
https://shopeefood.vn/ha-noi/vit-quay-bac-kinh-ming-ming-vit-quay-bac-kinh-da-gion-kim-lien,,,,,,https://shope.ee/8AWSbhamdN,
https://shopeefood.vn/ha-noi/vit-quay-thit-quay-128-hoang-mai,,,,,,https://shope.ee/8Kpso0a9IQ,
https://shopeefood.vn/ha-noi/simba-com-vit-quay-com-xa-xiu-thuy-khue.tt7cf2,,,,,,https://shope.ee/8V9J0JZVxT,
https://shopeefood.vn/ha-noi/vit-quay-la-thong-a-trung-thuong-dinh,,,,,,https://shope.ee/8fSjCcYscW,
https://shopeefood.vn/ha-noi/anh-hoa-vit-quay-bac-kinh,,,,,,https://shope.ee/8pm9OvYFHZ,
https://shopeefood.vn/ha-noi/thit-quay-vit-quay-giang-nam-pho-quan-nhan,,,,,,https://shope.ee/905ZbEXbwc,
https://shopeefood.vn/ha-noi/vit-quay-luong-quang-chuan-vi-quang-dong-doi-can,,,,,,https://shope.ee/9AOznXWybf,
https://shopeefood.vn/ha-noi/vit-quay-chi-beoo-vinh-ho,,,,,,https://shope.ee/1VzYfS0AAC,
https://shopeefood.vn/ha-noi/vit-quay-lu-thit-quay-gion-bi-tung-beo,,,,,,https://shope.ee/1Lg8T90nVB,
https://shopeefood.vn/ha-noi/vit-quay-ky-niem-vit-co-tran-binh,,,,,,https://shope.ee/1qcP43ytUI,
https://shopeefood.vn/ha-noi/quan-vit-quay-tam-tieng-vit-quay-lang-son,,,,,,https://shope.ee/1gIyrkzWpH,
https://shopeefood.vn/ha-noi/hoang-ky-vit-quay-lu-dat-chinh-hieu-to-hieu,,,,,,https://shope.ee/2BFFSfxcoO,
https://shopeefood.vn/ha-noi/vit-quay-bach-huong,,,,,,https://shope.ee/20vpGMyG9N,
https://shopeefood.vn/ha-noi/vit-quay-lo-duc-shop-online,,,,,,https://shope.ee/2Vs5rHwM8U,
https://shopeefood.vn/ha-noi/vit-29-vit-quay-bac-kinh-7-hang-dau,,,,,,https://shope.ee/2LYfeywzTT,
https://shopeefood.vn/ha-noi/vit-quay-72-vit-quay-pho-chua-vu-huu.xhgjrc,,,,,,https://shope.ee/BUB505Es4,
https://shopeefood.vn/ha-noi/dao-moc-bep-quay-quang-chau-my-vit-quay-com-xa-xiu-280-lac-trung.366qcn,,,,,,https://shope.ee/1Aksh5sD3,
https://shopeefood.vn/ha-noi/vit-quay-luong-quang-chuan-vi-quang-dong-5-lac-trung,,,,,,https://shope.ee/W71Tc3yCA,
https://shopeefood.vn/ha-noi/vit-quay-ky-niem-vit-co-kham-thien,,,,,,https://shope.ee/LnbHJ4bX9,
https://shopeefood.vn/ha-noi/vit-quay-tb-vit-quay-lang-son,,,,,,https://shope.ee/qjrsE2hWG,
https://shopeefood.vn/ha-noi/vit-quay-lo-duc,,,,,,https://shope.ee/gQRfv3KrF,
https://shopeefood.vn/ha-noi/vit-29-vit-quay-bac-kinh-105-thai-thinh,,,,,,https://shope.ee/1BMiGq1QqM,
https://shopeefood.vn/ha-noi/vit-quay-xu-lang-vit-quay-lang-son-la-khe,,,,,,https://shope.ee/113I4X24BL,
https://shopeefood.vn/ha-noi/vit-quay-ky-niem-vit-co-di-trach,,,,,,https://shope.ee/4B0JqLq0ky,
https://shopeefood.vn/ha-noi/vit-duc-bup-vit-quay-lang-son-bun-pho-vit-quay-vit-luoc,,,,,,https://shope.ee/40gte2qe5x,
https://shopeefood.vn/ha-noi/vit-quay-hoang-hai-vit-quay-324-xuan-dinh.agdh9u,,,,,,https://shope.ee/4VdAExok54,
https://shopeefood.vn/ha-noi/vit-29-vit-quay-bac-kinh-103-to-hieu,,,,,,https://shope.ee/4LJk2epNQ3,
https://shopeefood.vn/ha-noi/vit-quay-quang-dong-thai-thinh,,,,,,https://shope.ee/4qG0dZnTPA,
https://shopeefood.vn/ha-noi/vit-quay-thuan-phat-hoe-nhai,,,,,,https://shope.ee/4fwaRGo6k9,
https://shopeefood.vn/ha-noi/vit-quay-lang-son-vit-quay-tran-duy-hung.ucmidw,,,,,,https://shope.ee/5Asr2BmCjG,
https://shopeefood.vn/ha-noi/vit-anh-396-vit-quay-xoi-vit-quay-130-hoang-mai,,,,,,https://shope.ee/50ZQpsmq4F,
https://shopeefood.vn/da-nang/vit-quay-ty-ba-vit-quay-la-moc-mat-pham-cu-luong,,,,,,https://shope.ee/2qUwFtv5Sq,
https://shopeefood.vn/da-nang/hai-dang-vit-quay-heo-quay,,,,,,https://shope.ee/2gBW3avinp,
https://shopeefood.vn/da-nang/ken-vit-quay-ga-nuong-ba-chi-quay-lu-24-24,,,,,,https://shope.ee/3B7meVtomw,
https://shopeefood.vn/da-nang/vit-quay-ngoc-quy-vit-quay-ga-quay-05-nguyen-chanh.amso4h,,,,,,https://shope.ee/30oMSCuS7v,
https://shopeefood.vn/da-nang/vit-quay-da-thanh-com-tho-ga-nuong-vit-quay-212a-tran-cao-van,,,,,,https://shope.ee/3Vkd37sY72,
https://shopeefood.vn/da-nang/li-gia-com-vit-quay-hongkong-le-thanh-nghi,,,,,,https://shope.ee/3LRCqotBS1,
https://shopeefood.vn/da-nang/li-gia-com-vit-quay-hongkong-56-nguyen-chi-thanh,,,,,,https://shope.ee/3qNTRjrHR8,
https://shopeefood.vn/da-nang/vit-quay-liu-gia,,,,,,https://shope.ee/3g43FQrum7,
https://shopeefood.vn/da-nang/com-ga-quay-thao-moc,,,,,,https://shope.ee/6q151FfrLk,
https://shopeefood.vn/da-nang/ga-nuong-com-lam-heo-vit-quay-a-man,,,,,,https://shope.ee/6fheowgUgj,
https://shopeefood.vn/da-nang/lo-quay-duy-le-vit-quay-ty-ba-vit-quay-la-moc-mat-heo-quay-no-com,,,,,,https://shope.ee/7AdvPreafq,
https://shopeefood.vn/da-nang/vit-quay-99-vit-quay-la-mac-mat-lang-son,,,,,,https://shope.ee/70KVDYfE0p,
https://shopeefood.vn/da-nang/vit-co-dak-lak-vit-quay-vit-luoc-233-ha-huy-tap,,,,,,https://shope.ee/1Lg8T91xwb,
https://shopeefood.vn/da-nang/vit-quay-com-ga-tieu-la,,,,,,https://shope.ee/1qcP4403vi,
https://shopeefood.vn/da-nang/vit-quay-thanh-thanh,,,,,,https://shope.ee/1gIyrl0hGh,
https://shopeefood.vn/da-nang/heo-quay-vit-quay-nga-tu-nam-hoa-xuan,,,,,,https://shope.ee/qjrsE3rxY,
https://shopeefood.vn/da-nang/huong-vit-quay-lang-son,,,,,,https://shope.ee/gQRfv4VIX,
https://shopeefood.vn/da-nang/chi-dau-com-ga-phu-mam-toi-vit-quay-to-hien-thanh,,,,,,https://shope.ee/1BMiGq2bHe,
https://shopeefood.vn/da-nang/nhat-vit-quay-vit-quay-lang-son-130-chau-thi-vinh-te.mwmndw,,,,,,https://shope.ee/113I4X3Ecd,
https://shopeefood.vn/da-nang/vit-quay-la-mac-mat-vit-quay-vo-nghia.hai2qm,,,,,,https://shope.ee/BUB506PJU,
https://shopeefood.vn/da-nang/vit-quay-ty-ba-phu-quy,,,,,,https://shope.ee/1Aksh72eT,
https://shopeefood.vn/da-nang/nhat-vit-quay-com-vit-quay-76-nguyen-duy-hieu,,,,,,https://shope.ee/W71Tc58da,
https://shopeefood.vn/da-nang/a-bep-da-thanh-ga-nuong-vit-quay,,,,,,https://shope.ee/LnbHJ5lyZ,
https://shopeefood.vn/da-nang/quan-an-phuong-nam-com-tam-suon-que-vit-quay-bac-kinh,,,,,,https://shope.ee/4qG0dZodqS,
https://shopeefood.vn/ho-chi-minh/vit-quay-da-gion-ga-nuong-com-lam-banh-bao-quoc-lo-50,,,,,,https://shope.ee/4fwaRGpHBR,
https://shopeefood.vn/ho-chi-minh/com-vit-quay-hong-kong,,,,,,https://shope.ee/5Asr2BnNAY,
https://shopeefood.vn/ho-chi-minh/vit-quay-dac-huy-ql50,,,,,,https://shope.ee/50ZQpso0VX,
https://shopeefood.vn/ho-chi-minh/ga-nuong-vit-quay-heo-quay-a-tu,,,,,,https://shope.ee/4B0JqLrBCO,
https://shopeefood.vn/ho-chi-minh/vit-quay-hoang-gia-thoai-ngoc-hau,,,,,,https://shope.ee/40gte2roXN,
https://shopeefood.vn/ho-chi-minh/tieu-duy-vit-quay-ga-quay-gio-heo-quay-tinh-lo-10,,,,,,https://shope.ee/4VdAExpuWU,
https://shopeefood.vn/ho-chi-minh/vit-quay-hoang-gia,,,,,,https://shope.ee/4LJk2eqXrT,
https://shopeefood.vn/ho-chi-minh/vit-quay-thanh-rau-vit-quay-da-gion-vit-quay-lang-son-ga-nuong-mat-ong-1474-quoc-lo-50-ap-5-phong-phu-binh-chanh,,,,,,https://shope.ee/3Vkd37tiYK,
https://shopeefood.vn/ho-chi-minh/vit-quay-hoang-gia-dong-den,,,,,,https://shope.ee/3LRCqouLtJ,
https://shopeefood.vn/ho-chi-minh/tieu-duy-vit-quay-ga-quay-gio-heo-quay-huong-lo-3,,,,,,https://shope.ee/3qNTRjsRsQ,
https://shopeefood.vn/ho-chi-minh/com-ga-com-vit-quay-le-van-khuong,,,,,,https://shope.ee/3g43FQt5DP,
https://shopeefood.vn/ho-chi-minh/vit-quay-dai-quang-minh-com-vit-quay-hong-kong,,,,,,https://shope.ee/2qUwFtwFuG,
https://shopeefood.vn/ho-chi-minh/com-vit-quay-nhat-chi-huong-man-thien,,,,,,https://shope.ee/2gBW3awtFF,
https://shopeefood.vn/ho-chi-minh/com-vit-quay-quang-vy-man-thien,,,,,,https://shope.ee/3B7meVuzEM,
https://shopeefood.vn/ho-chi-minh/vit-quay-phat-tai-vit-quay-heo-quay-295-nguyen-thi-nho.oxeaca,,,,,,https://shope.ee/30oMSCvcZL,
https://shopeefood.vn/ho-chi-minh/dong-ky-com-vit-quay-mi-tron-banh-bao-416-duong-quang-ham,,,,,,https://shope.ee/7VGloTeURE,
https://shopeefood.vn/ho-chi-minh/com-ga-vit-quay-buu-ky,,,,,,https://shope.ee/7KxLcAf7mD,
https://shopeefood.vn/ho-chi-minh/sam-doo-so-nhu-vit-quay-hong-kong-ga-quy-phi-heo-quay,,,,,,https://shope.ee/7ptcD5dDlK,
https://shopeefood.vn/ho-chi-minh/heo-quay-vit-quay-a-quay,,,,,,https://shope.ee/7faC0mdr6J,
https://shopeefood.vn/ho-chi-minh/com-vit-quay-singapore-alan-duong-so-10,,,,,,https://shope.ee/6q151Fh1nA,
https://shopeefood.vn/ho-chi-minh/com-ga-com-vit-quay-truong-thi-hoa,,,,,,https://shope.ee/6fheowhf89,
https://shopeefood.vn/ho-chi-minh/vit-quay-vinh-phong-ky,,,,,,https://shope.ee/7AdvPrfl7G,
https://shopeefood.vn/ho-chi-minh/com-heo-quay-vit-quay-tieu-nhi,,,,,,https://shope.ee/70KVDYgOSF,
https://shopeefood.vn/ho-chi-minh/vit-quay-tieu-com-huong-ky,,,,,,https://shope.ee/6AlOE1jZ96,
https://shopeefood.vn/ho-chi-minh/xoi-vit-quay-ga-quay-vinh-ky,,,,,,https://shope.ee/60Ry1ikCU5,
https://shopeefood.vn/ho-chi-minh/dong-ky-com-vit-quay-mi-tron-banh-bao-phan-van-han,,,,,,https://shope.ee/6VOEcdiITC,
https://shopeefood.vn/ho-chi-minh/vit-quay-a-xiu-bun-oc-lieu-chau-duong-9a,,,,,,https://shope.ee/6L4oQKivoB,
https://shopeefood.vn/ho-chi-minh/phat-tai-ky-vit-quay-quang-dong-mi-tiem-mi-tron-vit-quay-com-vit-quay,,,,,,https://shope.ee/5VVhQnm6V2,
https://shopeefood.vn/ho-chi-minh/a-yip-com-hongkong-vit-quay-nguyen-thi-thap,,,,,,https://shope.ee/5LCHEUmjq1,
https://shopeefood.vn/ho-chi-minh/minh-tam-lo-heo-quay-vit-quay-banh-mi-69-duong-so-29,,,,,,https://shope.ee/5q8XpPkpp8,
https://shopeefood.vn/ho-chi-minh/vit-quay-nhan-hoa-quan-le-van-luong,,,,,,https://shope.ee/5fp7d6lTA7,
https://shopeefood.vn/ho-chi-minh/lo-quay-an-khang-heo-quay-vit-quay-180-no-trang-long,,,,,,https://shope.ee/AAHWzNUL20,
https://shopeefood.vn/ho-chi-minh/hung-phuc-nghia-lo-quay-tiem-com-134-lanh-binh-thang.pxad7s,,,,,,https://shope.ee/9zy6n4UyMz,
https://shopeefood.vn/ho-chi-minh/com-vit-nong-thon,,,,,,https://shope.ee/AUuNNzT4M6,
https://shopeefood.vn/ho-chi-minh/quan-cao-phat-ga-vit-quay-com-cac-loai-lau-luy-ban-bich,,,,,,https://shope.ee/AKaxBgThh5,
https://shopeefood.vn/ho-chi-minh/vit-quay-thinh-phong,,,,,,https://shope.ee/9V1qC9WsNw,
https://shopeefood.vn/ho-chi-minh/vit-quay-lang-son-phu-ha-thanh-2-tran-huu-trang,,,,,,https://shope.ee/9KiPzqXViv,
https://shopeefood.vn/ho-chi-minh/vit-quay-bac-kinh-a-loi-cac-mon-vit-53-hoang-quoc-viet.vuc4aq,,,,,,https://shope.ee/9pegalVbi2,
https://shopeefood.vn/ho-chi-minh/hoa-ky-adv-mi-com-do-quay-an-duong-vuong,,,,,,https://shope.ee/9fLGOSWF31,
https://shopeefood.vn/ho-chi-minh/minh-y-vit-quay-vit-quay-huynh-thien-loc.tynwfo,,,,,,https://shope.ee/8pm9OvZPjs,
https://shopeefood.vn/ho-chi-minh/vit-quay-toan-thanh,,,,,,https://shope.ee/8fSjCca34r,
https://shopeefood.vn/ho-chi-minh/a-chau-vit-quay-ga-quay-com-chien-huynh-tan-phat,,,,,,https://shope.ee/9AOznXY93y,
https://shopeefood.vn/ho-chi-minh/ga-quay-nhu-y-vit-quay-heo-quay-quoc-lo-13,,,,,,https://shope.ee/905ZbEYmOx,
https://shopeefood.vn/ho-chi-minh/dac-hoa-heo-quay-vit-quay,,,,,,https://shope.ee/8AWSbhbx5o,
https://shopeefood.vn/ho-chi-minh/tuan-kiet-vit-quay-da-gion-ga-nuong-com-lam,,,,,,https://shope.ee/80D2POcaQn,
https://shopeefood.vn/ho-chi-minh/chia-chay-quan-heo-quay-vit-quay-trung-hoa-tran-xuan-soan,,,,,,https://shope.ee/8V9J0JagPu,
https://shopeefood.vn/ho-chi-minh/tiem-vit-quay-dac-nhan-ky-com-mi-hongkong-ky-con,,,,,,https://shope.ee/8Kpso0bJkt,
https://shopeefood.vn/ho-chi-minh/phuc-lam-mon-vit-quay-heo-quay-phan-xich-long,,,,,,https://shope.ee/20vpGMzQbg,
https://shopeefood.vn/ho-chi-minh/chia-chay-quan-heo-quay-vit-quay-trung-hoa-ly-thuong-kiet,,,,,,https://shope.ee/2BFFSfynGj,
https://shopeefood.vn/ho-chi-minh/vit-quay-da-gion-binh-tan-vit-quay-tinh-lo-10,,,,,,https://shope.ee/2LYfeyy9vm,
https://shopeefood.vn/ho-chi-minh/chia-chay-quan-heo-quay-vit-quay-trung-hoa-vo-thanh-trang,,,,,,https://shope.ee/2Vs5rHxWap,
https://shopeefood.vn/ho-chi-minh/hung-phat-ga-nuong-com-lam-heo-quay-vit-quay-87b-cau-kinh,,,,,,https://shope.ee/1Lg8T91xxc,
https://shopeefood.vn/ho-chi-minh/vit-quay-hoa-kinh,,,,,,https://shope.ee/1VzYfS1Kcf,
https://shopeefood.vn/ho-chi-minh/dau-hoan-ga-nuong-vit-quay-goi-ga-vit,,,,,,https://shope.ee/1gIyrl0hHi,
https://shopeefood.vn/ho-chi-minh/ga-nuong-lu-vit-nuong-lu-nguyen-thi-dinh,,,,,,https://shope.ee/1qcP4403wl,
https://shopeefood.vn/ho-chi-minh/nhu-y-ga-nuong-lu-vit-quay-mac-mat,,,,,,https://shope.ee/gQRfv4VJY,
https://shopeefood.vn/ho-chi-minh/chia-chay-quan-heo-quay-vit-quay-trung-hoa-phan-huy-ich.bfaxai,,,,,,https://shope.ee/qjrsE3ryb,
https://shopeefood.vn/ho-chi-minh/vit-quay-sai-gon,,,,,,https://shope.ee/113I4X3Ede,
https://shopeefood.vn/ho-chi-minh/vit-quay-minh-tam,,,,,,https://shope.ee/1BMiGq2bIh,
https://shopeefood.vn/ho-chi-minh/vit-quay-da-gion-hoang-gia-phat,,,,,,https://shope.ee/1Aksh72fU,
https://shopeefood.vn/ho-chi-minh/vit-quay-heo-quay-tan-dai-phat,,,,,,https://shope.ee/BUB506PKX,
https://shopeefood.vn/ho-chi-minh/vit-quay-da-gion-heo-quay-da-gion-no-com-tran-gia-phat-3-297-lac-long-quan,,,,,,https://shope.ee/LnbHJ5lza,
https://shopeefood.vn/ho-chi-minh/vi-ky-heo-quay-vit-quay,,,,,,https://shope.ee/W71Tc58ed,
https://shopeefood.vn/ho-chi-minh/vit-quay-huynh-ky-cau-bong,,,,,,https://shope.ee/4fwaRGpHCS,
https://shopeefood.vn/ho-chi-minh/vit-quay-thien-phuc-vit-quay-da-gion-vit-quay-bac-kinh-heo-quay-da-gion,,,,,,https://shope.ee/4qG0dZodrV,
https://shopeefood.vn/ho-chi-minh/vit-quay-ga-nuong-heo-quay-da-gion-639-nguyen-xien,,,,,,https://shope.ee/50ZQpso0WY,
https://shopeefood.vn/ho-chi-minh/hanh-quyen-phat-vit-quay-heo-quay-39-dang-chat.uizd5r,,,,,,https://shope.ee/5Asr2BnNBb,
https://shopeefood.vn/ho-chi-minh/tiem-vit-quay-heo-quay-dai-chung-pham-van-hai,,,,,,https://shope.ee/40gte2roYO,
https://shopeefood.vn/ho-chi-minh/vit-quay-da-gion-de-nhat,,,,,,https://shope.ee/4B0JqLrBDR,
https://shopeefood.vn/ho-chi-minh/thien-phu-3-heo-quay-vit-quay,,,,,,https://shope.ee/4LJk2eqXsU,
https://shopeefood.vn/ho-chi-minh/than-thieu-nhien-vit-quay-sot-tieu-xanh-hong-kong,,,,,,https://shope.ee/4VdAExpuXX,
https://shopeefood.vn/ho-chi-minh/vit-quay-da-gion-ga-nuong-com-lam-thien-phuc,,,,,,https://shope.ee/3LRCqouLuK,
https://shopeefood.vn/ho-chi-minh/vit-quay-heo-quay-a-nam-le-van-quoi,,,,,,https://shope.ee/3Vkd37tiZN,
https://shopeefood.vn/ho-chi-minh/hong-ky-vit-quay-heo-quay,,,,,,https://shope.ee/3g43FQt5EQ,
https://shopeefood.vn/ho-chi-minh/vit-quay-huong-dong-ga-nuong-ngu-vi-com-lam-banh-bao-chien,,,,,,https://shope.ee/3qNTRjsRtT,
https://shopeefood.vn/ho-chi-minh/thien-phu-vit-quay-heo-quay-da-gion-q12-phan-van-hum,,,,,,https://shope.ee/2gBW3awtGG,
https://shopeefood.vn/ho-chi-minh/vit-quay-heo-quay-da-gion-thien-phu-cs-quan-9,,,,,,https://shope.ee/2qUwFtwFvJ,
https://shopeefood.vn/ho-chi-minh/vit-quay-da-gion-lo-quay-mai-loc-phat,,,,,,https://shope.ee/30oMSCvcaM,
https://shopeefood.vn/ho-chi-minh/vit-quay-huynh-ky-le-quang-dinh,,,,,,https://shope.ee/3B7meVuzFP,
https://shopeefood.vn/ho-chi-minh/vit-quay-vinh-phong,,,,,,https://shope.ee/7KxLcAf7nE,
https://shopeefood.vn/ho-chi-minh/thien-phu-vit-quay-heo-quay-da-gion-tan-hung,,,,,,https://shope.ee/7VGloTeUSH,
https://shopeefood.vn/ho-chi-minh/vit-quay-heo-quay-da-gion-a-nam-food,,,,,,https://shope.ee/7faC0mdr7K,
https://shopeefood.vn/ho-chi-minh/vit-quay-heo-quay-nhu-y-thu-duc,,,,,,https://shope.ee/7ptcD5dDmN,
https://shopeefood.vn/ho-chi-minh/le-ky-heo-quay-vit-quay-368-pham-van-chieu.ktjs4r,,,,,,https://shope.ee/6fheowhf9A,
https://shopeefood.vn/ho-chi-minh/vit-quay-thien-phu-6-ga-nuong-vit-quay-chan-gio-rut-xuong-nguyen-duy-trinh,,,,,,https://shope.ee/6q151Fh1oD,
https://shopeefood.vn/ho-chi-minh/lo-quay-hoa-phat-heo-quay-vit-quay-trung-lang,,,,,,https://shope.ee/70KVDYgOTG,
https://shopeefood.vn/ho-chi-minh/lo-heo-quay-vit-quay-1995-tinh-lo-43,,,,,,https://shope.ee/7AdvPrfl8J,
https://shopeefood.vn/ho-chi-minh/vit-quay-da-don-nhat-loc-phat-2-vit-quay-525-tung-thien-vuong.yu2qkk,,,,,,https://shope.ee/60Ry1ikCV6,
https://shopeefood.vn/ho-chi-minh/a-duy-food-ga-quay-suon-quay-vit-quay-da-gion-nguyen-thi-tu,,,,,,https://shope.ee/8AWSbhb3fc,
https://shopeefood.vn/ho-chi-minh/luan-phat-6-vit-quay-heo-quay-nguyen-thi-dinh,,,,,,https://shope.ee/80D2PObh0b,
https://shopeefood.vn/ho-chi-minh/tiem-vit-quay-thanh-xuan,,,,,,https://shope.ee/8V9J0JZmzi,
https://shopeefood.vn/ho-chi-minh/lo-quay-mai-loc-phat-chuyen-vit-quay-da-gion,,,,,,https://shope.ee/8Kpso0aQKh,
https://shopeefood.vn/ha-noi/banh-my-xa-xiu-family-food,,,,,,https://shope.ee/8pm9OvYWJo,
https://shopeefood.vn/ha-noi/mi-tuoi-soi-pho-mi-tron-xa-xiu-banh-bao-tuoi-trung-kinh,,,,,,https://shope.ee/8fSjCcZ9en,
https://shopeefood.vn/ha-noi/banh-mi-xa-xiu-quang-dong-5-nguyen-cong-hoan,,,,,,https://shope.ee/9AOznXXFdu,
https://shopeefood.vn/ha-noi/tam-food-banh-mi-xa-xiu-thap-cam,,,,,,https://shope.ee/905ZbEXsyt,
https://shopeefood.vn/ha-noi/ffp-my-tuoi-xa-xiu-dien-bien-phu,,,,,,https://shope.ee/6q151Fg8NU,
https://shopeefood.vn/ha-noi/bep-minh-loc-xoi-pate-xa-xiu-banh-mi-thanh-xuan-bac.mo8cbg,,,,,,https://shope.ee/6fheowgliT,
https://shopeefood.vn/ha-noi/bep-cua-hoa-thit-xa-xiu-hong-kong-hoang-cong,,,,,,https://shope.ee/7AdvPrerha,
https://shopeefood.vn/ha-noi/banh-mi-em-sau-xa-xiu-xiu-mai-ngo-van-huong,,,,,,https://shope.ee/70KVDYfV2Z,
https://shopeefood.vn/ha-noi/sa-s-kitchen-banh-mi-xiu-mai-do-an-vat-kim-nguu,,,,,,https://shope.ee/7VGloTdb1g,
https://shopeefood.vn/ha-noi/em-bong-banh-mi-xa-xiu-banh-mi-sai-gon-mini,,,,,,https://shope.ee/7KxLcAeEMf,
https://shopeefood.vn/ha-noi/bami-hai-bon-banh-mi-bo-bay-xa-xiu-nong-heo-24-tran-hung-dao,,,,,,https://shope.ee/7ptcD5cKLm,
https://shopeefood.vn/ha-noi/xoi-banh-mi-tra-chanh-xa-la,,,,,,https://shope.ee/7faC0mcxgl,
https://shopeefood.vn/ha-noi/mi-kim-mi-tron-xa-xiu-bun-bo-nam-bo-pho-cuon-tran-quoc-vuong,,,,,,https://shope.ee/5VVhQnlD5M,
https://shopeefood.vn/ha-noi/banh-goi-xa-xiu-che-khuc-bach-pham-ngoc-thach,,,,,,https://shope.ee/5LCHEUlqQL,
https://shopeefood.vn/ha-noi/anh-binh-banh-mi-pate-xa-xiu-188-yen-phu.6oucfa,,,,,,https://shope.ee/5q8XpPjwPS,
https://shopeefood.vn/ha-noi/tiem-banh-goi-xa-xiu-trieu-khuc,,,,,,https://shope.ee/5fp7d6kZkR,
https://shopeefood.vn/ha-noi/xa-xiu-ba-yen-shop-online,,,,,,https://shope.ee/6AlOE1ifjY,
https://shopeefood.vn/ha-noi/bami-xiu-banh-mi-duong-lang,,,,,,https://shope.ee/60Ry1ijJ4X,
https://shopeefood.vn/ha-noi/banh-mi-dom-banh-mi-pate-xa-xiu-ca-phe-vu-trong-phung,,,,,,https://shope.ee/6VOEcdhP3e,
https://shopeefood.vn/ha-noi/hoa-an-food-xoi-xa-xiu-mi-tron-indomie-le-hong-phong,,,,,,https://shope.ee/6L4oQKi2Od,
https://shopeefood.vn/ha-noi/banh-mi-co-xiu-banh-mi-nguyen-trai,,,,,,https://shope.ee/4B0JqLqHnE,
https://shopeefood.vn/ha-noi/bep-nha-mo-pho-tron-xa-xiu-ngo-kham-duc.e2niwm,,,,,,https://shope.ee/40gte2qv8D,
https://shopeefood.vn/ha-noi/zoon-banh-mi-xiu-hue,,,,,,https://shope.ee/4VdAExp17K,
https://shopeefood.vn/ha-noi/banh-mi-xoi-nuoc-ep-nguyen-xa,,,,,,https://shope.ee/4LJk2epeSJ,
https://shopeefood.vn/ha-noi/banh-mi-cuoi-banh-mi-xoi-xa-xiu-ong-vang-80-nguy-nhu-kon-tum,,,,,,https://shope.ee/4qG0dZnkRQ,
https://shopeefood.vn/ha-noi/bo-sot-vang-banh-my-xa-xiu-minh-tuyet,,,,,,https://shope.ee/4fwaRGoNmP,
https://shopeefood.vn/ha-noi/banh-mi-thesun-banh-mi-thit-xa-xiu-cha-nguyen-co-thach.rq6hkz,,,,,,https://shope.ee/5Asr2BmTlW,
https://shopeefood.vn/ha-noi/co-ba-sai-gon-banh-mi-xoi-xiu,,,,,,https://shope.ee/50ZQpsn76V,
https://shopeefood.vn/ha-noi/bep-moc-viet-chao-trai-banh-my-xa-xiu,,,,,,https://shope.ee/2qUwFtvMV6,
https://shopeefood.vn/ha-noi/tiem-banh-goi-xa-xiu-do-an-vat-cac-mon-chien-dang-van-ngu.azkdwo,,,,,,https://shope.ee/2gBW3avzq5,
https://shopeefood.vn/ha-noi/0-ngon-quan-xoi-xa-xiu-mi-tron-indomie,,,,,,https://shope.ee/3B7meVu5pC,
https://shopeefood.vn/ha-noi/mi-tron-xiu-peo-mi-tron-xa-xiu-van-cao.z8bzq9,,,,,,https://shope.ee/30oMSCujAB,
https://shopeefood.vn/ha-noi/banh-mi-heo-quay-xa-xiu-7-80-xuan-phuong,,,,,,https://shope.ee/3Vkd37sp9I,
https://shopeefood.vn/ha-noi/banh-da-ca-ro-dong-bun-bo-tron-my-sot-muoi-ot-xa-xiu-2-vu-huu-loi.r7xsqj,,,,,,https://shope.ee/3LRCqotSUH,
https://shopeefood.vn/ha-noi/tiem-banh-hop-tac-xa-banh-mi-kep-banh-ngot,,,,,,https://shope.ee/3qNTRjrYTO,
https://shopeefood.vn/ha-noi/binh-an-banh-mi-paste-xa-xiu-chua-lang,,,,,,https://shope.ee/3g43FQsBoN,
https://shopeefood.vn/ha-noi/banh-mi-xoi-xa-xiu-pate-kim-nguu,,,,,,https://shope.ee/1VzYfS0RCy,
https://shopeefood.vn/ha-noi/banh-mi-lam-banh-mi-pate-xa-xiu-18-pho-khuong-ha.nphczq,,,,,,https://shope.ee/1Lg8T914Xx,
https://shopeefood.vn/ha-noi/bami-bom-banh-mi-thit-xa-xiu-phu-dien,,,,,,https://shope.ee/1qcP43zAX4,
https://shopeefood.vn/da-nang/bep-trang-thi-banh-mi-xa-xiu-sua-dau-mix,,,,,,https://shope.ee/1gIyrkzns3,
https://shopeefood.vn/da-nang/cao-lau-my-xiu-hu-tieu-quynh-anh,,,,,,https://shope.ee/2BFFSfxtrA,
https://shopeefood.vn/da-nang/mi-xiu-madame-truong-1,,,,,,https://shope.ee/20vpGMyXC9,
https://shopeefood.vn/da-nang/pho-mi-xiu-mi-tron-duong-ray-77b-24-le-do,,,,,,https://shope.ee/2Vs5rHwdBG,
https://shopeefood.vn/da-nang/hung-phat-quan-hu-tieu-nam-vang-mi-xiu,,,,,,https://shope.ee/2LYfeyxGWF,
https://shopeefood.vn/da-nang/pho-mi-xiu-mi-quang-pho-bao-tran-luong-dinh-cua,,,,,,https://shope.ee/BUB505Vuq,
https://shopeefood.vn/da-nang/quan-261-mi-xiu-hu-tieu-cach-mang-thang-8.lxelbh,,,,,,https://shope.ee/1Aksh69Fp,
https://shopeefood.vn/ho-chi-minh/mi-tron-xa-xiu-chan-vit-quay-mi-tron-vu-huy-tan,,,,,,https://shope.ee/W71Tc4FEw,
https://shopeefood.vn/ho-chi-minh/kim-tuyen-mi-tron-xa-xiu-dang-chat.ha3nfi,,,,,,https://shope.ee/LnbHJ4sZv,
https://shopeefood.vn/ho-chi-minh/banh-mi-shin-banh-mi-xa-xiu-va-banh-mi-heo-quay-nguyen-van-qua,,,,,,https://shope.ee/qjrsE2yZ2,
https://shopeefood.vn/ho-chi-minh/ti-xiu-xoi-mi-xa-xiu-to-ngoc-van,,,,,,https://shope.ee/gQRfv3bu1,
https://shopeefood.vn/ho-chi-minh/banh-mi-xa-xiu-254-ba-chieu,,,,,,https://shope.ee/1BMiGq1ht8,
https://shopeefood.vn/ho-chi-minh/quan-109a-bun-thit-xao-suon-nau-dau-mi-tron-xa-xiu-nguyen-phuc-chu,,,,,,https://shope.ee/113I4X2LE7,
https://shopeefood.vn/ho-chi-minh/banh-mi-xa-xiu-bun-bo-hue-109,,,,,,https://shope.ee/9KiPzqWcJk,
https://shopeefood.vn/ho-chi-minh/nam-ky-mi-gia-hu-tieu-mi-xa-xiu-sui-cao-kho-thap-cam,,,,,,https://shope.ee/9V1qC9Vyyn,
https://shopeefood.vn/ho-chi-minh/mi-tron-xa-xiu-dac-biet-bobo-vinhome-grand-park,,,,,,https://shope.ee/9fLGOSVLdq,
https://shopeefood.vn/ho-chi-minh/mi-kho-xa-xiu-gia-phuc,,,,,,https://shope.ee/9pegalUiIt,
https://shopeefood.vn/ho-chi-minh/mi-ga-xa-ken-k3-le-van-sy,,,,,,https://shope.ee/9zy6n4U4xw,
https://shopeefood.vn/ho-chi-minh/xuong-ky-mi-gia-chi-nhanh-2-mi-xa-xiu-nguyen-van-dau,,,,,,https://shope.ee/AAHWzNTRcz,
https://shopeefood.vn/ho-chi-minh/tiem-mi-chau-ngan-hu-tieu-mi-xa-xiu-nguyen-duy-trinh,,,,,,https://shope.ee/AKaxBgSoI2,
https://shopeefood.vn/ho-chi-minh/mi-ga-xa-ken-k3-tan-huong,,,,,,https://shope.ee/AUuNNzSAx5,
https://shopeefood.vn/ho-chi-minh/tiem-mi-cuong-sui-cao-ga-ca-xa-xiu-42-nguyen-lam.g25eme,,,,,,https://shope.ee/80D2PObh1c,
https://shopeefood.vn/ho-chi-minh/hoanh-thanh-hu-tieu-mi-xa-xiu-dau-bep,,,,,,https://shope.ee/8AWSbhb3gf,
https://shopeefood.vn/ho-chi-minh/mi-tron-xa-xiu-ba-thang-hai,,,,,,https://shope.ee/8Kpso0aQLi,
https://shopeefood.vn/ho-chi-minh/chowmi-mi-tuoi-trieu-chau-mi-xa-xiu-mi-hoanh-thanh-hung-gia-4,,,,,,https://shope.ee/8V9J0JZn0l,
https://shopeefood.vn/ho-chi-minh/chowmi-mi-tuoi-trieu-chau-mi-xa-xiu-mi-hoanh-thanh-nguyen-thai-binh,,,,,,https://shope.ee/8fSjCcZ9fo,
https://shopeefood.vn/ho-chi-minh/quan-oi-ha-cao-mi-tron-xa-xiu-dien-bien-phu,,,,,,https://shope.ee/8pm9OvYWKr,
https://shopeefood.vn/ho-chi-minh/tiem-an-ba-zu-banh-mi-xoi-xa-xiu,,,,,,https://shope.ee/905ZbEXszu,
https://shopeefood.vn/ho-chi-minh/mi-bo-cay-mala-mi-kho-xa-xiu-a-woan,,,,,,https://shope.ee/9AOznXXFex,
https://shopeefood.vn/ho-chi-minh/hu-tieu-nam-vang-mi-tron-xa-xiu-sui-cao-duong-so-8,,,,,,https://shope.ee/6fheowgljU,
https://shopeefood.vn/ho-chi-minh/quan-canh-duong-mi-kho-xa-xiu-vinh-khanh,,,,,,https://shope.ee/6q151Fg8OX,
https://shopeefood.vn/ho-chi-minh/mi-huong-huong-mi-kho-tron-ga-xe-xa-xiu,,,,,,https://shope.ee/70KVDYfV3a,
https://shopeefood.vn/ho-chi-minh/mi-tron-vit-quay-xa-xiu-tra-loi-ky-phung-van-cung,,,,,,https://shope.ee/7AdvPrerid,
https://shopeefood.vn/ho-chi-minh/hu-tieu-xa-xiu-158-hu-tieu-mi-hoa-hung.w3tkkt,,,,,,https://shope.ee/7KxLcAeENg,
https://shopeefood.vn/ho-chi-minh/tiem-an-ong-banh-mi-banh-mi-xa-xiu-pho-mai-soi,,,,,,https://shope.ee/7VGloTdb2j,
https://shopeefood.vn/ho-chi-minh/tiem-mi-dim-sum-vi-ky-cu-xa-do-thanh,,,,,,https://shope.ee/7faC0mcxhm,
https://shopeefood.vn/ho-chi-minh/chu-banh-mi-面包叔叔-banh-mi-xa-xiu-banh-mi-ga-nuong,,,,,,https://shope.ee/7ptcD5cKMp,
https://shopeefood.vn/ho-chi-minh/truong-hong-ky-mi-vit-tiem-hu-tieu-kho-pate-mi-xa-xiu-truong-chinh,,,,,,https://shope.ee/5LCHEUlqRM,
https://shopeefood.vn/ho-chi-minh/a-chi-mi-gia-hu-tieu-mi-ca-mi-sui-cao-xa-xiu-nguyen-trung-nguyet,,,,,,https://shope.ee/5VVhQnlD6P,
https://shopeefood.vn/ho-chi-minh/mi-minh-ky-hu-tieu-mi-xa-xiu-hoanh-thanh,,,,,,https://shope.ee/5fp7d6kZlS,
https://shopeefood.vn/ho-chi-minh/canh-mi-kho-xa-xiu-vinh-khanh,,,,,,https://shope.ee/5q8XpPjwQV,
https://shopeefood.vn/ho-chi-minh/bom-mi-tron-xa-xiu-duong-25,,,,,,https://shope.ee/60Ry1ijJ5Y,
https://shopeefood.vn/ho-chi-minh/banh-mi-xa-xiu-pha-lau-quynh-quang-thanh-da,,,,,,https://shope.ee/6AlOE1ifkb,
https://shopeefood.vn/ho-chi-minh/hu-tieu-mi-gia-sui-cao-hoanh-thanh-xa-xiu-ha-huy-giap,,,,,,https://shope.ee/6L4oQKi2Pe,
https://shopeefood.vn/ho-chi-minh/ngoi-210-nuong-ngoi-hai-san-lau-ca-keo,,,,,,https://shope.ee/6VOEcdhP4h,
https://shopeefood.vn/ho-chi-minh/ngo-ky-mi-gia-mi-cu-xa-vinh-hoi.xpdzof,,,,,,https://shope.ee/40gte2qv9E,
https://shopeefood.vn/ho-chi-minh/banh-mi-xoi-xa-xiu-pha-lau-ngoc-bich,,,,,,https://shope.ee/4B0JqLqHoH,
https://shopeefood.vn/ho-chi-minh/mi-tau-toan-gia-phuc-mi-ga-tiem-mi-kho-xa-xiu-tran-hung-dao,,,,,,https://shope.ee/4LJk2epeTK,
https://shopeefood.vn/ho-chi-minh/tiem-mi-hong-thinh-mi-thap-cam-mi-kho-xa-xiu-dimsum-phan-van-tri,,,,,,https://shope.ee/4VdAExp18N,
https://shopeefood.vn/ho-chi-minh/a-chi-mi-gia-hu-tieu-mi-ca-mi-sui-cao-xa-xiu-than-van-nhiep,,,,,,https://shope.ee/4fwaRGoNnQ,
https://shopeefood.vn/ho-chi-minh/xa-xiu-gia-truyen-luan-ky.fn6r0h,,,,,,https://shope.ee/4qG0dZnkST,
https://shopeefood.vn/ho-chi-minh/viet-wah-hu-tieu-xa-xiu-hoanh-thanh,,,,,,https://shope.ee/50ZQpsn77W,
https://shopeefood.vn/ho-chi-minh/tuong-ky-hu-tiu-suon-xa-xiu-hu-tieu-suon,,,,,,https://shope.ee/5Asr2BmTmZ,
https://shopeefood.vn/ho-chi-minh/chumm-mi-tron-xa-xiu-dht-27,,,,,,https://shope.ee/2gBW3avzr6,
https://shopeefood.vn/ho-chi-minh/tiem-mi-tu-hai-cu-xa-thanh-da,,,,,,https://shope.ee/2qUwFtvMW9,
https://shopeefood.vn/ho-chi-minh/minh-vinh-phat-heo-quay-vit-quay-xa-xiu,,,,,,https://shope.ee/30oMSCujBC,
https://shopeefood.vn/ha-noi/bep-nha-chang-com-rang-my-xao-mien-xao,,,,,,https://shope.ee/3B7meVu5qF,
https://shopeefood.vn/ha-noi/map-quan-do-an-vat-my-xao,,,,,,https://shope.ee/gQRfv3P6O,
https://shopeefood.vn/ha-noi/tiem-an-ngoc-beo-com-pho,,,,,,https://shope.ee/qjrsE2llR,
https://shopeefood.vn/ha-noi/my-xao-my-tron-indomie-xien-que-nuong-my-dinh,,,,,,https://shope.ee/113I4X28QU,
https://shopeefood.vn/ha-noi/no-ne-quan-hoang-mai-mi-xao-com-rang-mien-xao,,,,,,https://shope.ee/1BMiGq1V5X,
https://shopeefood.vn/ha-noi/linh-food-mi-tron-indomie-mi-xao-van-la.igmdmt,,,,,,https://shope.ee/1Aksh5wSK,
https://shopeefood.vn/ha-noi/banh-my-xoi-ngo-xao-chi-beo,,,,,,https://shope.ee/BUB505J7N,
https://shopeefood.vn/ha-noi/nhi-food-mi-tron-indomie-mi-xao,,,,,,https://shope.ee/LnbHJ4fmQ,
https://shopeefood.vn/ha-noi/quan-mi-tim-cat-chua-cay-com-ga-mi-xao,,,,,,https://shope.ee/W71Tc42RT,
https://shopeefood.vn/ha-noi/tuyet-nhi-food-chao-my-xao-mien-xao-dinh-cong,,,,,,https://shope.ee/4fwaRGoAzI,
https://shopeefood.vn/ha-noi/com-rang-mi-xao-lang-ha,,,,,,https://shope.ee/4qG0dZnXeL,
https://shopeefood.vn/ha-noi/vuong-food-com-rang-chao-my-xao,,,,,,https://shope.ee/50ZQpsmuJO,
https://shopeefood.vn/ha-noi/wok-to-box,,,,,,https://shope.ee/5Asr2BmGyR,
https://shopeefood.vn/ha-noi/chao-ngon-my-dinh-soup-my-xao-do-an-vat,,,,,,https://shope.ee/40gte2qiLE,
https://shopeefood.vn/ha-noi/com-rang-mi-xao-phu-beo-mai-dong,,,,,,https://shope.ee/4B0JqLq50H,
https://shopeefood.vn/ha-noi/minh-lien-com-chien-mi-xao-online,,,,,,https://shope.ee/4LJk2epRfK,
https://shopeefood.vn/ha-noi/tiem-mi-cua-to-mi-tron-indomie-mi-xao-nguyen-trai.wgijnp,,,,,,https://shope.ee/4VdAExooKN,
https://shopeefood.vn/ha-noi/minh-chau-quan-chao-ngon-my-xao-do-an-vat,,,,,,https://shope.ee/3LRCqotFhA,
https://shopeefood.vn/ha-noi/pho-nguyen-com-rang-mi-xao,,,,,,https://shope.ee/3Vkd37scMD,
https://shopeefood.vn/ha-noi/quang-teo-com-rang-pho-xao-mi-xao,,,,,,https://shope.ee/3g43FQrz1G,
https://shopeefood.vn/ha-noi/com-rang-my-xao-pho-xao-van-tien-dung,,,,,,https://shope.ee/3qNTRjrLgJ,
https://shopeefood.vn/ha-noi/hn-bun-bo-hue-pho-com-mi-xao-215-phung-khoang,,,,,,https://shope.ee/2gBW3avn36,
https://shopeefood.vn/ha-noi/pho-vu-com-rang-my-xao-pho-xao,,,,,,https://shope.ee/2qUwFtv9i9,
https://shopeefood.vn/ha-noi/hao-pho-co-com-rang-mi-xao,,,,,,https://shope.ee/30oMSCuWNC,
https://shopeefood.vn/ha-noi/anh-sang-pho-com-rang,,,,,,https://shope.ee/3B7meVtt2F,
https://shopeefood.vn/ha-noi/luong-lan-com-rang-mi-xao,,,,,,https://shope.ee/7KxLcAe1a4,
https://shopeefood.vn/ha-noi/ba-lien-go-pho-bo-com-ga-mi-xao,,,,,,https://shope.ee/7VGloTdOF7,
https://shopeefood.vn/ha-noi/khoai-mit-com-van-phong-com-rang-mi-xao-de-long-bien,,,,,,https://shope.ee/7faC0mckuA,
https://shopeefood.vn/ha-noi/khoai-mit-com-van-phong-com-rang-mi-xao-online,,,,,,https://shope.ee/7ptcD5c7ZD,
https://shopeefood.vn/ho-chi-minh/tiem-an-anh-nam-chao-hau-mi-xao-hau-dac-san-hau,,,,,,https://shope.ee/6fheowgYw0,
https://shopeefood.vn/ho-chi-minh/mi-cay-mi-xao-an-vat-nha-gau,,,,,,https://shope.ee/6q151Ffvb3,
https://shopeefood.vn/ho-chi-minh/nom-nom-nui-xao-mi-xao,,,,,,https://shope.ee/70KVDYfIG6,
https://shopeefood.vn/ho-chi-minh/ca-vien-chien-mi-tron-mi-xao-h-n,,,,,,https://shope.ee/7AdvPreev9,
https://shopeefood.vn/ho-chi-minh/my-tron-my-xao-ca-vien-chien-chien-mam-toi,,,,,,https://shope.ee/60Ry1ij6Hw,
https://shopeefood.vn/ho-chi-minh/bau-hut-com-bo-uc-mi-xao-bo-banh-mi-bbq-bo-luy-ban-bich,,,,,,https://shope.ee/6AlOE1iSwz,
https://shopeefood.vn/ho-chi-minh/bau-hut-com-bo-uc-mi-xao-bo-banh-mi-bbq-bo,,,,,,https://shope.ee/6L4oQKhpc2,
https://shopeefood.vn/ho-chi-minh/kizuna-mi-udon-nguyen-lam,,,,,,https://shope.ee/6VOEcdhCH5,
https://shopeefood.vn/ho-chi-minh/mi-xao-ong-tay-mi-xao-nui-xao-phan-dinh-phung,,,,,,https://shope.ee/5LCHEUldds,
https://shopeefood.vn/ho-chi-minh/mi-udon-xao-doan-van-bo,,,,,,https://shope.ee/5VVhQnl0Iv,
https://shopeefood.vn/ho-chi-minh/mochi-food-mi-udon-xao-ga-ran-sot-duong-d10,,,,,,https://shope.ee/5fp7d6kMxy,
https://shopeefood.vn/ho-chi-minh/xeo-xeo-food-mi-udon-canh-bun-banh-da,,,,,,https://shope.ee/5q8XpPjjd1,
https://shopeefood.vn/ho-chi-minh/mi-udon-cuu-long,,,,,,https://shope.ee/9zy6n4TsAq,
https://shopeefood.vn/ho-chi-minh/do-an-cua-nhims-do-an-han-chan-ga-nuong-mi-udon-205b-3,,,,,,https://shope.ee/AAHWzNTEpt,
https://shopeefood.vn/ho-chi-minh/nguyen-com-mi-udon-an-binh,,,,,,https://shope.ee/AKaxBgSbUw,
https://shopeefood.vn/ho-chi-minh/yota-kaka-mi-udon-com-van-phong-nguyen-trai,,,,,,https://shope.ee/AUuNNzRy9z,
https://shopeefood.vn/ho-chi-minh/mi-udon-wokku-196-truong-cong-dinh,,,,,,https://shope.ee/9KiPzqWPWm,
https://shopeefood.vn/ho-chi-minh/mi-udon-wokku-44-nguyen-tuyen,,,,,,https://shope.ee/9V1qC9VmBp,
https://shopeefood.vn/ho-chi-minh/mi-udon-wokku-302-ten-lua,,,,,,https://shope.ee/9fLGOSV8qs,
https://shopeefood.vn/ho-chi-minh/quoc-anh-bun-dau-pho-cuon-mi-udon,,,,,,https://shope.ee/9pegalUVVv,
https://shopeefood.vn/ho-chi-minh/nui-xao-mi-xao-vi-que,,,,,,https://shope.ee/8fSjCcYwsi,
https://shopeefood.vn/ho-chi-minh/mi-udon-wokku-153-pham-van-chieu,,,,,,https://shope.ee/8pm9OvYJXl,
https://shopeefood.vn/ho-chi-minh/a-beo-oc-mi-xao-hong-sen,,,,,,https://shope.ee/905ZbEXgCo,
https://shopeefood.vn/ho-chi-minh/quan-36-com-ga-nui-xao-mi-xao-don,,,,,,https://shope.ee/9AOznXX2rr,
https://shopeefood.vn/ho-chi-minh/bep-co-ba-com-mi-xao-nui-xao-bun-xao-le-thiet,,,,,,https://shope.ee/80D2PObUEe,
https://shopeefood.vn/ho-chi-minh/mi-udon-wokku-6-cuu-long,,,,,,https://shope.ee/8AWSbhaqth,
https://shopeefood.vn/ho-chi-minh/mi-xao-mien-xao-cua-lac-long-quan.lg33qf,,,,,,https://shope.ee/8Kpso0aDYk,
https://shopeefood.vn/ho-chi-minh/nha-bao-nui-xao-mi-xao-ca-ri-nguyen-trong-tuyen.dtjyx7,,,,,,https://shope.ee/8V9J0JZaDn,
https://shopeefood.vn/ho-chi-minh/tra-sua-mi-xao-an-vat-saigonfood,,,,,,https://shope.ee/2BFFSfxh4a,
https://shopeefood.vn/ho-chi-minh/bep-nha-meo-nui-xao-mi-xao-sua-chua-an-vat,,,,,,https://shope.ee/20vpGMyKPZ,
https://shopeefood.vn/ho-chi-minh/mi-xao-nui-xao-hem-c13-ton-dan,,,,,,https://shope.ee/2Vs5rHwQOg,
https://shopeefood.vn/ho-chi-minh/mi-xao-nui-xao-mi-y-nha-dau-chung-cu-da-sa,,,,,,https://shope.ee/2LYfeyx3jf,
https://shopeefood.vn/ho-chi-minh/to-mi-u-mi-tron-bap-xao-top-mo,,,,,,https://shope.ee/1VzYfS0EQW,
https://shopeefood.vn/ho-chi-minh/com-ga-mi-xao-hu-tieu-chau-ky,,,,,,https://shope.ee/1Lg8T90rlV,
https://shopeefood.vn/ho-chi-minh/atiso-mi-xao-nui-xao-com-chien,,,,,,https://shope.ee/1qcP43yxkc,
https://shopeefood.vn/ho-chi-minh/pho-hoi-bistro-garden-mi-udon-nguyen-hong,,,,,,https://shope.ee/1gIyrkzb5b,
https://shopeefood.vn/ho-chi-minh/mi-xao-mlem-78-duong-so-2.l6lwuu,,,,,,https://shope.ee/qjrsE2lmS,
https://shopeefood.vn/ho-chi-minh/mi-ne-mi-y-mi-xao-nui-xao,,,,,,https://shope.ee/gQRfv3P7R,
https://shopeefood.vn/ho-chi-minh/bep-nha-xoai-mi-xao-nui-xao-lien-khu-5-11-12,,,,,,https://shope.ee/1BMiGq1V6Y,
https://shopeefood.vn/ho-chi-minh/bap-xao-vien-chien-mi-tron-miu,,,,,,https://shope.ee/113I4X28RX,
https://shopeefood.vn/ho-chi-minh/nui-xao-mi-xao-mien-xao-bep-nha-beo-va-tho,,,,,,https://shope.ee/BUB505J8O,
https://shopeefood.vn/ho-chi-minh/com-chien-mi-xao-nui-xao-chu-duc,,,,,,https://shope.ee/1Aksh5wTN,
https://shopeefood.vn/ho-chi-minh/bao-bao-com-tam-mi-xao,,,,,,https://shope.ee/W71Tc42SU,
https://shopeefood.vn/ho-chi-minh/thien-quan-com-phu-trung-mi-xao,,,,,,https://shope.ee/LnbHJ4fnT,
https://shopeefood.vn/ho-chi-minh/quan-mi-xao-nui-xao-com-phu-trung-nguyen-trung-nguyet,,,,,,https://shope.ee/4qG0dZnXfM,
https://shopeefood.vn/ho-chi-minh/quan-921-nui-xao-mi-xao-bo-ne,,,,,,https://shope.ee/4fwaRGoB0L,
https://shopeefood.vn/ho-chi-minh/nudo-food-mi-y-mi-xao-bo-nui-xao-bo-xo-viet-nghe-tinh,,,,,,https://shope.ee/5Asr2BmGzS,
https://shopeefood.vn/ho-chi-minh/nha-te-com-bo-mi-xao-mien-xao,,,,,,https://shope.ee/50ZQpsmuKR,
https://shopeefood.vn/ho-chi-minh/nui-xao-bo-mi-xao-bo-peony-s-food,,,,,,https://shope.ee/4B0JqLq51I,
https://shopeefood.vn/da-nang/torki-food-lien-chieu-thuc-an-nhanh-da-nang.qlu0w7,,,,,,https://shope.ee/40gte2qiMH,
https://shopeefood.vn/da-nang/bam-ga-ran-hamburger-khoai-tay-chien-trung-nu-vuong,,,,,,https://shope.ee/4VdAExooLO,
https://shopeefood.vn/da-nang/taste-pizza-burger,,,,,,https://shope.ee/4LJk2epRgN,
https://shopeefood.vn/da-nang/ga-ran-holly-ga-ran-khoai-tay-chien-le-van-hien,,,,,,https://shope.ee/3Vkd37scNE,
https://shopeefood.vn/da-nang/nhim-kammui-ga-ran-khoai-lang-lac-khoai-tay-chien,,,,,,https://shope.ee/3LRCqotFiD,
https://shopeefood.vn/da-nang/ga-ran-khoai-tay-chien-fried-chicken-french-fried,,,,,,https://shope.ee/3qNTRjrLhK,
https://shopeefood.vn/da-nang/bam-ga-ran-hamburger-khoai-tay-chien-phan-chau-trinh,,,,,,https://shope.ee/3g43FQrz2J,
https://shopeefood.vn/da-nang/an-vat-ga-ran-khoai-lang-lac-khoai-tay-chien-le-do,,,,,,https://shope.ee/2qUwFtv9jA,
https://shopeefood.vn/ho-chi-minh/ga-ran-sot-cham-la-ghien-vu-huy-tan,,,,,,https://shope.ee/2gBW3avn49,
https://shopeefood.vn/ho-chi-minh/seven-shack-burger-ga-ran-com-ga-mi-y,,,,,,https://shope.ee/3B7meVtt3G,
https://shopeefood.vn/ho-chi-minh/happy-cherry-burger-pizza-spaghetti,,,,,,https://shope.ee/30oMSCuWOF,
https://shopeefood.vn/ho-chi-minh/hamburger-happyham,,,,,,https://shope.ee/7VGloTdOG8,
https://shopeefood.vn/ho-chi-minh/ruby-chicken-fast-food-opal-riverside,,,,,,https://shope.ee/7KxLcAe1b7,
https://shopeefood.vn/ho-chi-minh/burger-like-nghia-hoa,,,,,,https://shope.ee/7ptcD5c7aE,
https://shopeefood.vn/ho-chi-minh/lu-hotdog-hotdog-hamburger-nguyen-phuc-nguyen,,,,,,https://shope.ee/7faC0mckvD,
https://shopeefood.vn/ho-chi-minh/lu-hotdog-hotdog-hamburger-dong-den,,,,,,https://shope.ee/6q151Ffvc4,
https://shopeefood.vn/ho-chi-minh/lu-hotdog-hotdog-hamburger-phan-dang-luu,,,,,,https://shope.ee/6fheowgYx3,
https://shopeefood.vn/ho-chi-minh/cilantro-snack-dessert-shop-online,,,,,,https://shope.ee/7AdvPreewA,
https://shopeefood.vn/ho-chi-minh/lu-s-hotdog-47-dan-chu-hotdog-hamburger,,,,,,https://shope.ee/70KVDYfIH9,
https://shopeefood.vn/ho-chi-minh/mfc-halal-cafe-duong-so-3,,,,,,https://shope.ee/6AlOE1iSy0,
https://shopeefood.vn/ho-chi-minh/lu-hotdog-hotdog-hamburger-duong-so-9,,,,,,https://shope.ee/60Ry1ij6Iz,
https://shopeefood.vn/ho-chi-minh/pho-ong-tay-vo-truong-toan,,,,,,https://shope.ee/6VOEcdhCI6,
https://shopeefood.vn/ho-chi-minh/iron-steak-ho-xuan-huong,,,,,,https://shope.ee/6L4oQKhpd5,
https://shopeefood.vn/ho-chi-minh/burger-suon-bx-khoai-tay-chien-chu-van-an,,,,,,https://shope.ee/5q8XpPjje2,
https://shopeefood.vn/ho-chi-minh/ram-bep-chuan-mon-ngon-cong-hoa,,,,,,https://shope.ee/5fp7d6kMz1,
https://shopeefood.vn/ha-noi/quan-chay-tree-am-thuc-chay-bui-xuong-trach,,,,,,https://shope.ee/AAHWzNTEqu,
https://shopeefood.vn/ho-chi-minh/thong-vien-am-thuc-chay,,,,,,https://shope.ee/9zy6n4TsBt,
https://shopeefood.vn/ho-chi-minh/ong-nau-spaghetti-le-quang-dinh,,,,,,https://shope.ee/AUuNNzRyB0,
https://shopeefood.vn/ho-chi-minh/ong-nau-spaghetti-le-van-sy,,,,,,https://shope.ee/AKaxBgSbVz,
https://shopeefood.vn/ho-chi-minh/ong-nau-spaghetti-tran-khac-chan,,,,,,https://shope.ee/9V1qC9VmCq,
https://shopeefood.vn/ho-chi-minh/dna-kitchen-bep-an-dinh-duong,,,,,,https://shope.ee/9KiPzqWPXp,
https://shopeefood.vn/ha-noi/lam-food-chao-my-xao-sup-dac-biet-luong-ngoc-quyen,,,,,,https://shope.ee/9pegalUVWw,
https://shopeefood.vn/ha-noi/tri-duc-chao-nieu-pho-bun-mien,,,,,,https://shope.ee/9fLGOSV8rv,
https://shopeefood.vn/ha-noi/vit-co-van-dinh-ngo-44-tran-thai-tong,,,,,,https://shope.ee/8pm9OvYJYm,
https://shopeefood.vn/ha-noi/xom-an-dem-an-vat-online,,,,,,https://shope.ee/8fSjCcYwtl,
https://shopeefood.vn/ha-noi/vit-ato-vit-nuong-van-dinh,,,,,,https://shope.ee/9AOznXX2ss,
https://shopeefood.vn/ha-noi/minh-anh-quan-pho-chao-cac-loai,,,,,,https://shope.ee/905ZbEXgDr,
https://shopeefood.vn/ha-noi/gia-han-com-rang-chao-my-xao-cau-giay,,,,,,https://shope.ee/8AWSbhaqui,
https://shopeefood.vn/ha-noi/my-cay-bun-dau-mien-xao-quynh-coi,,,,,,https://shope.ee/80D2PObUFh,
https://shopeefood.vn/ha-noi/co-soc-mi-tron-mien-xao-com-rang,,,,,,https://shope.ee/8V9J0JZaEo,
https://shopeefood.vn/ha-noi/ga-tuoi-manh-hoach-kdt-geleximco,,,,,,https://shope.ee/8Kpso0aDZn,
https://shopeefood.vn/ha-noi/ga-tuoi-manh-hoach-lac-long-quan,,,,,,https://shope.ee/2LYfeyx3ke,
https://shopeefood.vn/ha-noi/bep-co-tuoi-chao-xoi-mien-xao-dinh-cong,,,,,,https://shope.ee/2Vs5rHwQPh,
https://shopeefood.vn/ha-noi/ga-tuoi-manh-hoach-duy-tan,,,,,,https://shope.ee/20vpGMyKQc,
https://shopeefood.vn/ha-noi/mien-xao-hai-san-bep-thanh-to-huu,,,,,,https://shope.ee/2BFFSfxh5f,
https://shopeefood.vn/ha-noi/ga-tuoi-manh-hoach-nguyen-van-cu,,,,,,https://shope.ee/1gIyrkzb6a,
https://shopeefood.vn/ha-noi/ga-tuoi-manh-hoach-nguyen-hong,,,,,,https://shope.ee/1qcP43yxld,
https://shopeefood.vn/ha-noi/bao-bao-milk-tea-fast-food-pho-vien,,,,,,https://shope.ee/1Lg8T90rmY,
https://shopeefood.vn/ha-noi/ga-tuoi-manh-hoach-nguyen-huy-tuong,,,,,,https://shope.ee/1VzYfS0ERb,
https://shopeefood.vn/ha-noi/ga-tuoi-manh-hoach-334-lacasta,,,,,,https://shope.ee/113I4X28SW,
https://shopeefood.vn/ha-noi/ga-tuoi-manh-hoach-van-tien-dung,,,,,,https://shope.ee/1BMiGq1V7Z,
https://shopeefood.vn/ha-noi/ga-tuoi-manh-hoach-nguyen-van-loc,,,,,,https://shope.ee/gQRfv3P8U,
https://shopeefood.vn/ha-noi/thanh-hang-quan-pho-chao-cac-loai,,,,,,https://shope.ee/qjrsE2lnX,
https://shopeefood.vn/ha-noi/thuy-vit-ngan-vit-cac-mon,,,,,,https://shope.ee/LnbHJ4foS,
https://shopeefood.vn/ha-noi/ga-tuoi-manh-hoach-nguyen-an-ninh,,,,,,https://shope.ee/W71Tc42TV,
https://shopeefood.vn/ha-noi/sup-cua-hoa-66-duy-tan,,,,,,https://shope.ee/1Aksh5wUQ,
https://shopeefood.vn/ha-noi/thanh-hang-quan-pho-chao-cac-loai-my-dinh,,,,,,https://shope.ee/BUB505J9T,
https://shopeefood.vn/ha-noi/phuong-thu-quan-bun-pho-mien-ngan-xuan-thuy,,,,,,https://shope.ee/50ZQpsmuLQ,
https://shopeefood.vn/ha-noi/bep-am-com-rang-mien-xao,,,,,,https://shope.ee/5Asr2BmH0T,
https://shopeefood.vn/ha-noi/sup-cua-ton-duc-thang-co-so-2,,,,,,https://shope.ee/4fwaRGoB1O,
https://shopeefood.vn/ha-noi/luong-tam-quan-thai-hanh-huy-mai-co-so-2,,,,,,https://shope.ee/4qG0dZnXgR,
https://shopeefood.vn/ha-noi/ga-tuoi-manh-hoach-cau-buou,,,,,,https://shope.ee/4LJk2epRhM,
https://shopeefood.vn/ha-noi/quan-do-nhau-am-thuc-tay-bac-mien-my-xao,,,,,,https://shope.ee/4VdAExooMP,
https://shopeefood.vn/ha-noi/com-rang-khoi-ngo-42-sai-dong,,,,,,https://shope.ee/40gte2qiNK,
https://shopeefood.vn/ha-noi/ga-tuoi-manh-hoach-kdt-dai-kim,,,,,,https://shope.ee/4B0JqLq52N,
https://shopeefood.vn/ha-noi/ga-tuoi-manh-hoach-68-do-duc-duc,,,,,,https://shope.ee/3g43FQrz3I,
https://shopeefood.vn/ha-noi/ga-tuoi-manh-hoach-ham-nghi,,,,,,https://shope.ee/3qNTRjrLiL,
https://shopeefood.vn/ha-noi/bada-do-an-han-quoc-long-bien,,,,,,https://shope.ee/3LRCqotFjG,
https://shopeefood.vn/ha-noi/oishii-naito-mien-xao-cua-shop-online,,,,,,https://shope.ee/3Vkd37scOJ,
https://shopeefood.vn/ha-noi/an-thu-bun-mien-xao-hai-san,,,,,,https://shope.ee/30oMSCuWPE,
https://shopeefood.vn/ha-noi/mr-gion-dac-san-lang-son,,,,,,https://shope.ee/3B7meVtt4H,
https://shopeefood.vn/ha-noi/sup-cua-ton-duc-thang-co-so-3,,,,,,https://shope.ee/2gBW3avn5C,
https://shopeefood.vn/ha-noi/ga-nuong-lu-tho-gu-tran-quang-dieu,,,,,,https://shope.ee/2qUwFtv9kF,
https://shopeefood.vn/ha-noi/oc-trang-oc-hai-phong,,,,,,https://shope.ee/7faC0mckwC,
https://shopeefood.vn/ha-noi/ga-tuoi-manh-hoach-xuan-la,,,,,,https://shope.ee/7ptcD5c7bF,
https://shopeefood.vn/ha-noi/ga-tuoi-manh-hoach-232-thai-ha,,,,,,https://shope.ee/7KxLcAe1cA,
https://shopeefood.vn/ha-noi/vit-34-nghia-tan,,,,,,https://shope.ee/7VGloTdOHD,
https://shopeefood.vn/ha-noi/co-chi-hang-com-rang-pho-xao-vu-mien,,,,,,https://shope.ee/70KVDYfII8,
https://shopeefood.vn/ha-noi/vit-34-mac-thai-tong,,,,,,https://shope.ee/7AdvPreexB,
https://shopeefood.vn/ha-noi/ga-tuoi-manh-hoach-kim-nguu,,,,,,https://shope.ee/6fheowgYy6,
https://shopeefood.vn/ha-noi/com-rang-ga-quay-ba-trieu,,,,,,https://shope.ee/6q151Ffvd9,
https://shopeefood.vn/ha-noi/vit-34-my-dinh,,,,,,https://shope.ee/6L4oQKhpe4,
https://shopeefood.vn/ha-noi/vit-34-nguyen-van-loc,,,,,,https://shope.ee/6VOEcdhCJ7,
https://shopeefood.vn/ha-noi/vit-34-duong-noi,,,,,,https://shope.ee/60Ry1ij6K2,
https://shopeefood.vn/ha-noi/phong-ga-quan-ga-nuong-lu-chinh-hieu,,,,,,https://shope.ee/6AlOE1iSz5,
https://shopeefood.vn/ha-noi/oc-29-oc-hai-san-do-an-vat-90-vo-thi-sau,,,,,,https://shope.ee/5fp7d6kN00,
https://shopeefood.vn/ha-noi/vit-minh-hien-163-thai-ha,,,,,,https://shope.ee/5q8XpPjjf3,
https://shopeefood.vn/ha-noi/vit-262-vit-nuong-van-dinh-tran-cung,,,,,,https://shope.ee/5LCHEUldfy,
https://shopeefood.vn/ha-noi/sup-cua-pho-cu-loc,,,,,,https://shope.ee/5VVhQnl0L1,
https://shopeefood.vn/ha-noi/nom-thuy-beo,,,,,,https://shope.ee/AKaxBgSbWy,
https://shopeefood.vn/ha-noi/vit-34-nguyen-co-thach,,,,,,https://shope.ee/AUuNNzRyC1,
https://shopeefood.vn/da-nang/my-xao-mien-xao-banh-bot-loc-24-24,,,,,,https://shope.ee/9zy6n4TsCw,
https://shopeefood.vn/da-nang/chan-ga-nuong-hai-coi-58-nguyen-van-thoai,,,,,,https://shope.ee/AAHWzNTErz,
https://shopeefood.vn/da-nang/hai-coi-91-nguyen-van-thoai,,,,,,https://shope.ee/9fLGOSV8su,
https://shopeefood.vn/da-nang/hana-quan-an-han-quoc,,,,,,https://shope.ee/9pegalUVXx,
https://shopeefood.vn/ho-chi-minh/be-ut-com-chien-mi-xao-mi-tron-nguyen-thi-dinh,,,,,,https://shope.ee/9KiPzqWPYs,
https://shopeefood.vn/ho-chi-minh/mi-xao-ca-vien-chien-nuoc-mam-banh-trang-an-vat-ting-ting,,,,,,https://shope.ee/9V1qC9VmDv,
https://shopeefood.vn/ho-chi-minh/quan-chay-hoa-sen-nguyen-nhu-lam,,,,,,https://shope.ee/905ZbEXgEq,
https://shopeefood.vn/ho-chi-minh/mien-xao-loc-phat-phan-van-tri,,,,,,https://shope.ee/9AOznXX2tt,
https://shopeefood.vn/ho-chi-minh/cua-31o-mien-xao-cua-to-ngoc-van,,,,,,https://shope.ee/8fSjCcYwuo,
https://shopeefood.vn/ho-chi-minh/an-vat-2-ngon-mien-xao-ca-vien-chien-hau-giang,,,,,,https://shope.ee/8pm9OvYJZr,
https://shopeefood.vn/ho-chi-minh/tuyet-mai-chuyen-an-vat-chan-ga-sot-thai-mien-det-xao.0hay7i,,,,,,https://shope.ee/8Kpso0aDam,
https://shopeefood.vn/ho-chi-minh/mien-xao-cua-com-van-phong-a-quan-kitchen,,,,,,https://shope.ee/8V9J0JZaFp,
https://shopeefood.vn/ho-chi-minh/chu-ban-ech-mien-xao-hung-phu.pijf6c,,,,,,https://shope.ee/80D2PObUGk,
https://shopeefood.vn/ho-chi-minh/ngon-88-mien-xao-mi-xao-bun-tron,,,,,,https://shope.ee/8AWSbhaqvn,
https://shopeefood.vn/ho-chi-minh/tho-phat-nui-mi-mien-xao,,,,,,https://shope.ee/2Vs5rHwQQi,
https://shopeefood.vn/ho-chi-minh/co-vy-mien-xao-sot-xo-nui-xao-bo-duong-so-45,,,,,,https://shope.ee/2LYfeyx3lh,
https://shopeefood.vn/ho-chi-minh/oc-hien-beo,,,,,,https://shope.ee/2BFFSfxh6g,
https://shopeefood.vn/ho-chi-minh/mi-xao-bo-nui-xao-bo-mien-xao-bo-mai-chi-tho,,,,,,https://shope.ee/20vpGMyKRf,
https://shopeefood.vn/ho-chi-minh/mien-xao-tom-x-o,,,,,,https://shope.ee/1qcP43yxme,
https://shopeefood.vn/ho-chi-minh/mien-xao-a-sin-sot-thai-3-cap-do,,,,,,https://shope.ee/1gIyrkzb7d,
https://shopeefood.vn/ho-chi-minh/chao-bao-ngu-sup-bao-ngu-tong-nhat,,,,,,https://shope.ee/1VzYfS0ESc,
https://shopeefood.vn/ho-chi-minh/pad-thai-mien-xao-com-ga-547c-duong-so-1,,,,,,https://shope.ee/1Lg8T90rnb,
https://shopeefood.vn/ho-chi-minh/be-cua-mien-xao-bun-cha-gio-cua-shop-online,,,,,,https://shope.ee/1BMiGq1V8a,
https://shopeefood.vn/ho-chi-minh/huy-hoang-com-chien-phu-trung-mi-xao-mien-xao-do-thi-loi.yaqrsu,,,,,,https://shope.ee/113I4X28TZ,
https://shopeefood.vn/ho-chi-minh/dino-mien-xao-cua-bap-xao,,,,,,https://shope.ee/qjrsE2loY,
https://shopeefood.vn/ho-chi-minh/sup-cua-an-vat-hang-nguyen-van-luong,,,,,,https://shope.ee/gQRfv3P9X,
https://shopeefood.vn/ho-chi-minh/a-sin-mien-xao-sot-thai-3-cap-do,,,,,,https://shope.ee/W71Tc42UW,
https://shopeefood.vn/ho-chi-minh/co-cuc-cua-banh-canh-cua-sup-cua-mien-xao-cua,,,,,,https://shope.ee/LnbHJ4fpV,
https://shopeefood.vn/ho-chi-minh/tiem-bun-thit-xao-mien-tay,,,,,,https://shope.ee/BUB505JAU,
https://shopeefood.vn/ho-chi-minh/mien-xao-tron-nui-xao-dau-dau,,,,,,https://shope.ee/1Aksh5wVT,
https://shopeefood.vn/ho-chi-minh/co-ba-bo-nuong-la-lot-bun-thit-xao-mien-tay,,,,,,https://shope.ee/5Asr2BmH1U,
https://shopeefood.vn/ho-chi-minh/quan-an-truc-tre-mien-xao-hai-san,,,,,,https://shope.ee/50ZQpsmuMT,
https://shopeefood.vn/ho-chi-minh/bep-co-hai-ni-banh-mi-xiu-mai-com-mien-bo-xao,,,,,,https://shope.ee/2Vs5rHwQRr,
https://shopeefood.vn/ho-chi-minh/mien-xao-phuc-cua-lao-tu,,,,,,https://shope.ee/1Aksh5wWO,
https://shopeefood.vn/ho-chi-minh/bun-thit-xao-banh-khot-mien-tay-pham-banh,,,,,,https://shope.ee/BUB505JBR,
https://shopeefood.vn/ho-chi-minh/hai-san-tran-tran-quan-4-cua-ghe-bao-an-doan-van-bo,,,,,,https://shope.ee/LnbHJ4fqU,
https://shopeefood.vn/ho-chi-minh/bep-me-ken-mien-xao-thap-cam-nui-xao-bo-bun-nuoc-tuong,,,,,,https://shope.ee/W71Tc42VX,
https://shopeefood.vn/ho-chi-minh/bun-thit-bo-xao-bun-nuoc-tuong-huong-vi-mien-tay-duong-dinh-hoi,,,,,,https://shope.ee/gQRfv3PAa,
https://shopeefood.vn/ho-chi-minh/bun-thit-xao-mien-tay-dong-den,,,,,,https://shope.ee/qjrsE2lpd,
https://shopeefood.vn/ho-chi-minh/quan-66-mien-xao-cua-cha-gio-cua-bien-dinh-tien-hoang,,,,,,https://shope.ee/113I4X28Ug,
https://shopeefood.vn/ho-chi-minh/nhat-thien-moc-soup-vi-ca-bangkok,,,,,,https://shope.ee/1BMiGq1V9j,
https://shopeefood.vn/ho-chi-minh/truong-thanh-com-ga-xoi-mo-le-thi-hong,,,,,,https://shope.ee/40gte2qiPI,
https://shopeefood.vn/ho-chi-minh/xoi-ghe-xanh-72-chinh-goc-a-nghia,,,,,,https://shope.ee/4B0JqLq54L,
https://shopeefood.vn/ho-chi-minh/bun-thit-xao-mien-tay-ton-dan,,,,,,https://shope.ee/4LJk2epRjO,
https://shopeefood.vn/ho-chi-minh/huyen-vit-quan-vit-co-van-dinh,,,,,,https://shope.ee/4VdAExooOR,
https://shopeefood.vn/ho-chi-minh/mi-nui-xao-com-mien-tron-hanh-phuc-tfood-chi-nhanh-1,,,,,,https://shope.ee/4fwaRGoB3U,
https://shopeefood.vn/ho-chi-minh/mien-cua-94-chinh-goc,,,,,,https://shope.ee/4qG0dZnXiX,
https://shopeefood.vn/ho-chi-minh/long-xao-nghe-dac-san-mien-trung-duong-so-8,,,,,,https://shope.ee/50ZQpsmuNa,
https://shopeefood.vn/ho-chi-minh/long-xao-nghe-dac-san-mien-trung-thoai-ngoc-hau,,,,,,https://shope.ee/5Asr2BmH2d,
https://shopeefood.vn/ho-chi-minh/com-nha-88-nguyen-van-troi,,,,,,https://shope.ee/2gBW3avn7A,
https://shopeefood.vn/ho-chi-minh/thien-an-banh-van-tran,,,,,,https://shope.ee/2qUwFtv9mD,
https://shopeefood.vn/ho-chi-minh/nguoi-mien-tay-bun-thit-xao-mien-tay-dien-bien-phu.foqj08,,,,,,https://shope.ee/30oMSCuWRG,
https://shopeefood.vn/ho-chi-minh/hai-san-vietcrab-tan-ky-tan-quy,,,,,,https://shope.ee/3B7meVtt6J,
https://shopeefood.vn/ho-chi-minh/hanh-dung-am-thuc-chay-man,,,,,,https://shope.ee/3LRCqotFlM,
https://shopeefood.vn/ho-chi-minh/tiem-an-chau-linh-com-chien-my-xao-mien-xao,,,,,,https://shope.ee/3Vkd37scQP,
https://shopeefood.vn/ho-chi-minh/mi-cay-an-vat-itada-313-nguyen-thi-tu,,,,,,https://shope.ee/3g43FQrz5S,
https://shopeefood.vn/ho-chi-minh/mi-nui-xao-com-mien-tron-hanh-phuc-tfood-chi-nhanh-2,,,,,,https://shope.ee/3qNTRjrLkV,
https://shopeefood.vn/ho-chi-minh/quan-com-chien-79-to-ngoc-van,,,,,,https://shope.ee/6fheowgZ04,
https://shopeefood.vn/ho-chi-minh/mi-cay-shin-tan-quy,,,,,,https://shope.ee/6q151Ffvf7,
https://shopeefood.vn/da-nang/com-tam-y-zong-com-tam-ly-tu-trong.fypkqd,,,,,,https://shope.ee/70KVDYfIKA,
https://shopeefood.vn/da-nang/com-tam-ngon-ngo-van-so,,,,,,https://shope.ee/7AdvPreezD,
https://shopeefood.vn/da-nang/com-tam-kieu-thi,,,,,,https://shope.ee/7KxLcAe1eG,
https://shopeefood.vn/da-nang/com-tam-ngon-85-ha-huy-tap,,,,,,https://shope.ee/7VGloTdOJJ,
https://shopeefood.vn/da-nang/com-tam-ngon-452-hoang-dieu,,,,,,https://shope.ee/7faC0mckyM,
https://shopeefood.vn/da-nang/com-tam-ba-lam,,,,,,https://shope.ee/7ptcD5c7dP,
https://shopeefood.vn/da-nang/com-tam-ong-ca-shop-online,,,,,,https://shope.ee/5LCHEUldhw,
https://shopeefood.vn/da-nang/com-tam-thanh-truong-luong-nhu-hoc,,,,,,https://shope.ee/5VVhQnl0Mz,
https://shopeefood.vn/da-nang/com-tam-313,,,,,,https://shope.ee/5fp7d6kN22,
https://shopeefood.vn/da-nang/com-tam-kim-ngan-chau-thi-vinh-te,,,,,,https://shope.ee/5q8XpPjjh5,
https://shopeefood.vn/da-nang/com-tam-co-hai-com-tam-70-ky-dong.hrctoa,,,,,,https://shope.ee/60Ry1ij6M8,
https://shopeefood.vn/da-nang/trinh-sai-gon-com-tam-suon-cay-nguyen-van-thoai,,,,,,https://shope.ee/6AlOE1iT1B,
https://shopeefood.vn/da-nang/com-tam-kim-ngan-157-phan-dang-luu,,,,,,https://shope.ee/6L4oQKhpgE,
https://shopeefood.vn/da-nang/com-tam-thanh-truong-45-nguyen-du,,,,,,https://shope.ee/6VOEcdhCLH,
https://shopeefood.vn/da-nang/com-tam-sai-gon-t-h-y-nguyen-tri-phuong,,,,,,https://shope.ee/9KiPzqWPaq,
https://shopeefood.vn/da-nang/com-tam-sach-a-thien,,,,,,https://shope.ee/9V1qC9VmFt,
https://shopeefood.vn/da-nang/bun-ngon-com-tam-kim-ngan,,,,,,https://shope.ee/9fLGOSV8uw,
https://shopeefood.vn/da-nang/com-tam-com-ga-k1000,,,,,,https://shope.ee/9pegalUVZz,
https://shopeefood.vn/da-nang/com-tam-sach-a-thien-truong-chi-cuong,,,,,,https://shope.ee/9zy6n4TsF2,
https://shopeefood.vn/da-nang/com-tam-sai-gon-t-h-y-cho-dau-moi,,,,,,https://shope.ee/AAHWzNTEu5,
https://shopeefood.vn/da-nang/com-tam-com-ga-k1000-khuc-hao,,,,,,https://shope.ee/AKaxBgSbZ8,
https://shopeefood.vn/da-nang/com-tam-bui-200-chau-thi-vinh-te,,,,,,https://shope.ee/AUuNNzRyEB,
https://shopeefood.vn/da-nang/com-tam-thom-385b-hai-phong,,,,,,https://shope.ee/80D2PObUIi,
https://shopeefood.vn/da-nang/tiem-com-tam-ba-hoang-27-hai-phong,,,,,,https://shope.ee/8AWSbhaqxl,
https://shopeefood.vn/da-nang/com-tam-sai-gon-anh-hai-lua-201-mac-dang-doanh,,,,,,https://shope.ee/8Kpso0aDco,
https://shopeefood.vn/da-nang/com-tam-minh-luan-chau-thi-vinh-te,,,,,,https://shope.ee/8V9J0JZaHr,
https://shopeefood.vn/da-nang/com-2-chi-em-23-chau-thi-vinh-te,,,,,,https://shope.ee/8fSjCcYwwu,
https://shopeefood.vn/da-nang/com-be-hai-chau-thi-vinh-te,,,,,,https://shope.ee/8pm9OvYJbx,
https://shopeefood.vn/da-nang/com-tam-cau-hai-food,,,,,,https://shope.ee/905ZbEXgH0,
https://shopeefood.vn/da-nang/com-tam-ruby-com-tam-sai-gon-co-so-2,,,,,,https://shope.ee/9AOznXX2w3,
https://shopeefood.vn/da-nang/com-tam-54-hai-hung,,,,,,https://shope.ee/1VzYfS0EUa,
https://shopeefood.vn/da-nang/com-bep-cua-me-2-com-tam,,,,,,https://shope.ee/1Lg8T90rpZ,
https://shopeefood.vn/da-nang/duong-ray-quan-com-tam-bun-xuong-hai-phong,,,,,,https://shope.ee/1qcP43yxog,
https://shopeefood.vn/da-nang/com-tam-ghien-226-hai-phong,,,,,,https://shope.ee/1gIyrkzb9f,
https://shopeefood.vn/da-nang/com-tam-sai-gon-2-thang-9,,,,,,https://shope.ee/2BFFSfxh8m,
https://shopeefood.vn/da-nang/minh-mo-com-tam-sai-gon-hai-ho,,,,,,https://shope.ee/20vpGMyKTl,
https://shopeefood.vn/da-nang/com-tam-tu-hai-com-tam-da-nang-172-ha-tong-quyen.tatbko,,,,,,https://shope.ee/2Vs5rHwQSs,
https://shopeefood.vn/da-nang/bi-be-o-com-tam-suon-nuong-chau-thi-vi-nhte.lusot0,,,,,,https://shope.ee/2LYfeyx3nr,
https://shopeefood.vn/da-nang/com-tam-family-thai-hoa-24-tra-khe-6,,,,,,https://shope.ee/BUB505JCS,
https://shopeefood.vn/da-nang/com-tam-phi-phi-11-ha-khe,,,,,,https://shope.ee/1Aksh5wXR,
https://shopeefood.vn/da-nang/com-tam-thanh-nhan-yen-bai,,,,,,https://shope.ee/W71Tc42WY,
https://shopeefood.vn/da-nang/com-tam-ong-anh-com-le-thanh-nghi.gnr15o,,,,,,https://shope.ee/LnbHJ4frX,
https://shopeefood.vn/da-nang/com-tam-sai-gon-thanh-doan,,,,,,https://shope.ee/qjrsE2lqe,
https://shopeefood.vn/da-nang/com-tam-sai-thanh-phan-tu,,,,,,https://shope.ee/gQRfv3PBd,
https://shopeefood.vn/da-nang/co-ba-chu-bay-com-bun-long-xao-nghe-dung-si-thanh-khe,,,,,,https://shope.ee/1BMiGq1VAk,
https://shopeefood.vn/da-nang/com-tam-be-thi-26-nguyen-huu-tho,,,,,,https://shope.ee/113I4X28Vj,
https://shopeefood.vn/da-nang/tra-sua-ba-nam-bai-tam-thanh-khe,,,,,,https://shope.ee/4B0JqLq55M,
https://shopeefood.vn/da-nang/com-tam-banh-trang-cuon-thit-heo-chao-ga-108-dung-si-thanh-khe,,,,,,https://shope.ee/40gte2qiQL,
https://shopeefood.vn/da-nang/com-ga-mai-hanh-91d-dung-si-thanh-khe,,,,,,https://shope.ee/4VdAExooPS,
https://shopeefood.vn/da-nang/com-nha-272-dung-si-thanh-khe,,,,,,https://shope.ee/4LJk2epRkR,
https://shopeefood.vn/da-nang/com-tam-chi-cam-541-1-nui-thanh,,,,,,https://shope.ee/4qG0dZnXjY,
https://shopeefood.vn/da-nang/com-tam-bun-thai-hu-tieu-bo-kho-tiem-an-thanh-ngoc,,,,,,https://shope.ee/4fwaRGoB4X,
https://shopeefood.vn/da-nang/quan-com-trinh-com-suon-nuong-com-ga-63-dung-si-thanh-khe,,,,,,https://shope.ee/5Asr2BmH3e,
https://shopeefood.vn/da-nang/com-suon-nuong-com-ga-abi-106-dung-si-thanh-khe,,,,,,https://shope.ee/50ZQpsmuOd,
https://shopeefood.vn/da-nang/quan-597-my-quang-bun-bo-com-tam-nui-thanh,,,,,,https://shope.ee/2qUwFtv9nE,
https://shopeefood.vn/da-nang/com-tam-suon-nuong-ga-xe-ly-dao-thanh,,,,,,https://shope.ee/2gBW3avn8D,
https://shopeefood.vn/da-nang/com-tam-233-le-thanh-nghi,,,,,,https://shope.ee/3B7meVtt7K,
https://shopeefood.vn/da-nang/bep-duong-pho-com-chien-my-xao-234-dung-si-thanh-khe,,,,,,https://shope.ee/30oMSCuWSJ,
https://shopeefood.vn/da-nang/com-ga-nguoi-hoa-mini-dung-si-thanh-khe,,,,,,https://shope.ee/3Vkd37scRQ,
https://shopeefood.vn/da-nang/com-tam-ba-cam-tra-tac,,,,,,https://shope.ee/3LRCqotFmP,
https://shopeefood.vn/da-nang/com-tam-ong-anh-ngu-hanh-son,,,,,,https://shope.ee/3qNTRjrLlW,
https://shopeefood.vn/da-nang/com-tam-sai-gon-hong-phuc-202-nguyen-cong-tru,,,,,,https://shope.ee/3g43FQrz6V,
https://shopeefood.vn/da-nang/tra-trai-cay-nhiet-doi-nuna-com-tam,,,,,,https://shope.ee/6q151Ffvg8,
https://shopeefood.vn/da-nang/am-thuc-sai-gon-bun-rieu-com-tam-nem-nuong-tang-cao-son-phao,,,,,,https://shope.ee/6fheowgZ17,
https://shopeefood.vn/da-nang/com-tam-76-trinh-cong-son,,,,,,https://shope.ee/7AdvPref0E,
https://shopeefood.vn/da-nang/com-tam-22-com-suon-nuong-22-trinh-cong-son,,,,,,https://shope.ee/70KVDYfILD,
https://shopeefood.vn/da-nang/bun-com-mi-quang-cho-dem-son-tra,,,,,,https://shope.ee/7VGloTdOKK,
https://shopeefood.vn/da-nang/giai-com-tam-ha-cao-ngu-hanh-son,,,,,,https://shope.ee/7KxLcAe1fJ,
https://shopeefood.vn/da-nang/com-ga-ngoc-diep-cho-dem-son-tra,,,,,,https://shope.ee/7ptcD5c7eQ,
https://shopeefood.vn/da-nang/tran-kha-com-tam-sai-gon-tran-van-tra.becuwc,,,,,,https://shope.ee/7faC0mckzP,
https://shopeefood.vn/da-nang/ring-com-nha-hang-son-tra,,,,,,https://shope.ee/5VVhQnl0O0,
https://shopeefood.vn/da-nang/com-tam-truyen-thong,,,,,,https://shope.ee/5LCHEUldiz,
https://shopeefood.vn/da-nang/com-ba-thu-binh-dan-nguyen-son-tra.mj0htk,,,,,,https://shope.ee/5q8XpPjji6,
https://shopeefood.vn/da-nang/com-tam-thuy-tram,,,,,,https://shope.ee/80D2POajL6,
https://shopeefood.vn/da-nang/com-tam-anh,,,,,,https://shope.ee/8AWSbha609,
https://shopeefood.vn/da-nang/tra-sua-dua-mix-nuoc-dua-dam-the-gioi-dua-46-tien-son-8,,,,,,https://shope.ee/8Kpso0ZSfC,
https://shopeefood.vn/da-nang/co-thu-food-com-tam-bun-mam-tra-trai-cay,,,,,,https://shope.ee/8V9J0JYpKF,
https://shopeefood.vn/da-nang/com-tam-thanh-hau,,,,,,https://shope.ee/8fSjCcYBzI,
https://shopeefood.vn/da-nang/mi-quang-ba-mua-ngu-hanh-son,,,,,,https://shope.ee/8pm9OvXYeL,
https://shopeefood.vn/da-nang/pho-gia-truyen-139-ngu-hanh-son,,,,,,https://shope.ee/905ZbEWvJO,
https://shopeefood.vn/da-nang/mayaca-ero-coffee-31-ngu-hanh-son,,,,,,https://shope.ee/9AOznXWHyR,
https://shopeefood.vn/da-nang/be-thui-quynh-ngu-hanh-son,,,,,,https://shope.ee/9KiPzqVedU,
https://shopeefood.vn/da-nang/chan-ga-sot-thai-hap-hanh-ngu-hanh-son,,,,,,https://shope.ee/9V1qC9V1IX,
https://shopeefood.vn/da-nang/soli-tea-ngu-hanh-son-gu-tra-dam-vi,,,,,,https://shope.ee/9fLGOSUNxa,
https://shopeefood.vn/da-nang/quan-banh-beo-nong-banh-cuon-banh-beo-182-ngu-hanh-son.9yc6ev,,,,,,https://shope.ee/9pegalTkcd,
https://shopeefood.vn/da-nang/banh-mi-minh-hung-244-ngu-hanh-son,,,,,,https://shope.ee/9zy6n4T7Hg,
https://shopeefood.vn/da-nang/dong-tien-bakery-ngu-hanh-son,,,,,,https://shope.ee/AAHWzNSTwj,
https://shopeefood.vn/da-nang/banh-mi-banh-bao-ba-hung-bakery-118-ngu-hanh-son,,,,,,https://shope.ee/AKaxBgRqbm,
https://shopeefood.vn/da-nang/my-quang-banh-cuon-homemade-ngu-hanh-son,,,,,,https://shope.ee/AUuNNzRDGp,
https://shopeefood.vn/da-nang/com-chien-my-xao-dac-biet-ngu-hanh-son,,,,,,https://shope.ee/1Aksh5BZo,
https://shopeefood.vn/da-nang/xoi-com-ha-noi-ngu-hanh-son-greenmind-food,,,,,,https://shope.ee/BUB504YEr,
https://shopeefood.vn/da-nang/saj-mr-wrap-ngu-hanh-son,,,,,,https://shope.ee/LnbHJ3utu,
https://shopeefood.vn/da-nang/phui-food-chan-ga-sot-thai-banh-mi-que-ngu-hanh-son,,,,,,https://shope.ee/W71Tc3HYx,
https://shopeefood.vn/da-nang/jojo-chan-ga-sot-thai-an-vat-ngu-hanh-son.ndyyum,,,,,,https://shope.ee/gQRfv2eE0,
https://shopeefood.vn/da-nang/hem-34-chao-quay-an-vat-ngu-hanh-son,,,,,,https://shope.ee/qjrsE20t3,
https://shopeefood.vn/da-nang/hue-man-moi-107-1-ngu-hanh-son,,,,,,https://shope.ee/113I4X1NY6,
https://shopeefood.vn/da-nang/com-ga-tam-ky-ba-ut-67-trinh-dinh-thao-cam-le,,,,,,https://shope.ee/1BMiGq0kD9,
https://shopeefood.vn/da-nang/com-tam-sai-gon-thuy-10-le-loi,,,,,,https://shope.ee/1Lg8T906sC,
https://shopeefood.vn/da-nang/com-tam-cam-dang-dung,,,,,,https://shope.ee/1VzYfRzTXF,
https://shopeefood.vn/da-nang/com-tam-ba-ty-le-do,,,,,,https://shope.ee/1gIyrkyqCI,
https://shopeefood.vn/da-nang/com-tam-di-ba-38-le-van-thu,,,,,,https://shope.ee/1qcP43yCrL,
https://shopeefood.vn/da-nang/com-tam-bong-le-quang-chi,,,,,,https://shope.ee/20vpGMxZWO,
https://shopeefood.vn/da-nang/tiem-com-tam-cam-le,,,,,,https://shope.ee/2BFFSfwwBR,
https://shopeefood.vn/da-nang/com-tam-le-dinh-ly,,,,,,https://shope.ee/2LYfeywIqU,
https://shopeefood.vn/da-nang/nha-cam-bun-dau-com-tam-thu-khoa-huan,,,,,,https://shope.ee/2Vs5rHvfVX,
https://shopeefood.vn/da-nang/com-tam-03-le-huu-trac,,,,,,https://shope.ee/2gBW3av2Aa,
https://shopeefood.vn/da-nang/com-nhan-tam-le-van-si,,,,,,https://shope.ee/2qUwFtuOpd,
https://shopeefood.vn/da-nang/com-tam-ba-hoa-com-tam-le-tan-trung.qrhhzb,,,,,,https://shope.ee/30oMSCtlUg,
https://shopeefood.vn/da-nang/com-tam-lien-sa-bi-chuong-126-le-do,,,,,,https://shope.ee/3B7meVt89j,
https://shopeefood.vn/da-nang/com-tam-thy-232-le-thanh-nghi,,,,,,https://shope.ee/3LRCqosUom,
https://shopeefood.vn/da-nang/com-tam-sai-gon-le-do,,,,,,https://shope.ee/3Vkd37rrTp,
https://shopeefood.vn/da-nang/com-tam-be-han,,,,,,https://shope.ee/3g43FQrE8s,
https://shopeefood.vn/da-nang/com-tam-co-lien,,,,,,https://shope.ee/3qNTRjqanv,
https://shopeefood.vn/da-nang/com-tam-68,,,,,,https://shope.ee/40gte2pxSy,
https://shopeefood.vn/da-nang/com-tam-suon-nuong-kim-chi-lien-food,,,,,,https://shope.ee/4B0JqLpK81,
https://shopeefood.vn/da-nang/com-tam-banh-trang-cuon-thit-heo-chao-ga-108-dung-si-thanh-khe,,,,,,https://shope.ee/4LJk2eogn4,
https://shopeefood.vn/da-nang/com-tam-bun-thai-hu-tieu-bo-kho-tiem-an-thanh-ngoc,,,,,,https://shope.ee/4VdAExo3S7,
https://shopeefood.vn/da-nang/quan-597-my-quang-bun-bo-com-tam-nui-thanh,,,,,,https://shope.ee/4fwaRGnQ7A,
https://shopeefood.vn/da-nang/am-thuc-sai-gon-bun-rieu-com-tam-nem-nuong-tang-cao-son-phao,,,,,,https://shope.ee/4qG0dZmmmD,
https://shopeefood.vn/da-nang/tra-sua-dua-mix-nuoc-dua-dam-the-gioi-dua-46-tien-son-8,,,,,,https://shope.ee/50ZQpsm9RG,
https://shopeefood.vn/da-nang/co-thu-food-com-tam-bun-mam-tra-trai-cay,,,,,,https://shope.ee/5Asr2BlW6J,
https://shopeefood.vn/da-nang/com-ga-tam-ky-ba-ut-67-trinh-dinh-thao-cam-le,,,,,,https://shope.ee/5VVhQnkFQO,
https://shopeefood.vn/da-nang/bep-lan-pho-bo-pho-ga-mien-782-tran-cao-van,,,,,,https://shope.ee/5LCHEUkslN,
https://shopeefood.vn/da-nang/pho-bo-nam-dinh-minh-hai-97-cach-mang-thang-8,,,,,,https://shope.ee/5q8XpPiykU,
https://shopeefood.vn/da-nang/tiem-banh-bo-sua-banh-mi-pho-mai-bo-toi-hai-phong,,,,,,https://shope.ee/5fp7d6jc5T,
https://shopeefood.vn/da-nang/mi-mien-pho-ha,,,,,,https://shope.ee/6AlOE1hi4a,
https://shopeefood.vn/da-nang/pho-kho-2-to-gia-lai,,,,,,https://shope.ee/60Ry1iiLPZ,
https://shopeefood.vn/da-nang/tiem-nha-cherry-bo-gia-dua-non-08-dung-si-thanh-khe,,,,,,https://shope.ee/6VOEcdgROg,
https://shopeefood.vn/da-nang/u-milk-tea-tra-sua-tran-chau-pho-mai-nha-lam-dung-si-thanh-khe,,,,,,https://shope.ee/6L4oQKh4jf,
https://shopeefood.vn/da-nang/bo-no-bakery-bong-lan-pho-mai-trung-muoi-nui-thanh,,,,,,https://shope.ee/6q151FfAim,
https://shopeefood.vn/da-nang/bo-kho-bun-rieu-sai-gon-pho-kho-gia-lai-15-phan-thanh,,,,,,https://shope.ee/6fheowfo3l,
https://shopeefood.vn/da-nang/my-long-bo-quang-dong-21-dung-si-thanh-khe,,,,,,https://shope.ee/7AdvPrdu2s,
https://shopeefood.vn/da-nang/koukyu-quan-my-cay-bun-bo-hue-106-dung-si-thanh-khe,,,,,,https://shope.ee/70KVDYeXNr,
https://shopeefood.vn/da-nang/pho-dinh,,,,,,https://shope.ee/7VGloTcdMy,
https://shopeefood.vn/da-nang/pho-ha-thanh-bo-ga,,,,,,https://shope.ee/7KxLcAdGhx,
https://shopeefood.vn/da-nang/bun-bo-nuoc-ep-444-444-dung-si-thanh-khe.zqxgb0,,,,,,https://shope.ee/7ptcD5bMh4,
https://shopeefood.vn/da-nang/cardi-pizzeria-son-tra-pizza-bo-bit-tet-steak-my-y,,,,,,https://shope.ee/7faC0mc023,
https://shopeefood.vn/da-nang/sky-tea-tra-pho-bo,,,,,,https://shope.ee/8AWSbha61A,
https://shopeefood.vn/da-nang/tra-chanh-bui-pho-ngu-hanh-son,,,,,,https://shope.ee/80D2POajM9,
https://shopeefood.vn/da-nang/huacha-tra-sua-o-long-hoa-ngu-hanh-son,,,,,,https://shope.ee/8V9J0JYpLG,
https://shopeefood.vn/da-nang/pannii-house-71-ngu-hanh-son,,,,,,https://shope.ee/8Kpso0ZSgF,
https://shopeefood.vn/da-nang/tra-trai-cay-nhiet-doi-su-zin-250-ngu-hanh-son,,,,,,https://shope.ee/8pm9OvXYfM,
https://shopeefood.vn/da-nang/pho-bo-ha-noi-163-le-quang-chi,,,,,,https://shope.ee/8fSjCcYC0L,
https://shopeefood.vn/da-nang/pho-bo-gia-truyen-nam-dinh-le-tan-trung,,,,,,https://shope.ee/9AOznXWHzS,
https://shopeefood.vn/da-nang/pho-ly-quoc-su-tran-quoc-toan,,,,,,https://shope.ee/905ZbEWvKR,
https://shopeefood.vn/da-nang/banh-my-ba-lan-2-48b-phan-chau-trinh.m5unja,,,,,,https://shope.ee/9V1qC9V1JY,
https://shopeefood.vn/da-nang/banh-mi-moc-chau,,,,,,https://shope.ee/9KiPzqVeeX,
https://shopeefood.vn/da-nang/hue-ngon-banh-mi-thit-rim-209-chau-thi-vinh-te,,,,,,https://shope.ee/9pegalTkde,
https://shopeefood.vn/da-nang/banh-mi-ba-lan-phan-chau-trinh,,,,,,https://shope.ee/9fLGOSUNyd,
https://shopeefood.vn/da-nang/banh-mi-que-tu-hai-bui-huy-bich,,,,,,https://shope.ee/AAHWzNSTxk,
https://shopeefood.vn/da-nang/banh-mi-viet-216-chau-thi-vinh-te,,,,,,https://shope.ee/9zy6n4T7Ij,
https://shopeefood.vn/da-nang/banh-mi-tu-hai-110-to-hieu,,,,,,https://shope.ee/AUuNNzRDHq,
https://shopeefood.vn/da-nang/banh-mi-hoi-an-145-chau-thi-vinh-te,,,,,,https://shope.ee/AKaxBgRqcp,
https://shopeefood.vn/da-nang/bep-me-mia-banh-mi-tho-nhi-ky-hai-son,,,,,,https://shope.ee/BUB504YFs,
https://shopeefood.vn/da-nang/banh-mi-tien-thanh-phan-chau-trinh,,,,,,https://shope.ee/1Aksh5Bar,
https://shopeefood.vn/da-nang/banh-my-cha-ca-soi-ma-hai-60-nguyen-huy-tuong,,,,,,https://shope.ee/W71Tc3HZy,
https://shopeefood.vn/da-nang/banh-mi-que-tu-hai-banh-mi-que-nguyen-huy-tuong,,,,,,https://shope.ee/LnbHJ3uux,
https://shopeefood.vn/da-nang/quan-ba-trang-mi-quang-phu-chiem-banh-trang-thit-heo-chau-thi-vinh-te,,,,,,https://shope.ee/qjrsE20u4,
https://shopeefood.vn/da-nang/banh-mi-banh-bao-ba-hung-bakery-207-chau-thi-vinh-te,,,,,,https://shope.ee/gQRfv2eF3,
https://shopeefood.vn/da-nang/banh-mi-que-tu-hai-an-vat-nuoc-mia-tra-tac-562-trung-nu-vuong,,,,,,https://shope.ee/1BMiGq0kEA,
https://shopeefood.vn/da-nang/banh-mi-cha-ca-ma-hai-chau-thi-vinh-te,,,,,,https://shope.ee/113I4X1NZ9,
https://shopeefood.vn/da-nang/banh-mi-co-be-phan-chau-trinh,,,,,,https://shope.ee/1VzYfRzTYG,
https://shopeefood.vn/da-nang/o-linh-banh-mi-thit-xiu-hue-chau-thi-vinh-te.dcqew7,,,,,,https://shope.ee/1Lg8T906tF,
https://shopeefood.vn/da-nang/banh-mi-ba-lan-54-phan-chau-trinh,,,,,,https://shope.ee/1qcP43yCsM,
https://shopeefood.vn/da-nang/banh-my-que-tu-hai-dn-vo-chi-cong,,,,,,https://shope.ee/1gIyrkyqDL,
https://shopeefood.vn/da-nang/banh-mi-que-tu-hai-552-ngo-quyen,,,,,,https://shope.ee/2BFFSfwwCS,
https://shopeefood.vn/da-nang/my-quang-que-son-ba-hoa-106-dung-sy-thanh-khe,,,,,,https://shope.ee/20vpGMxZXR,
https://shopeefood.vn/da-nang/banh-mi-nuong-lang-son-phan-thanh,,,,,,https://shope.ee/2Vs5rHvfWY,
https://shopeefood.vn/da-nang/moc-coffee-banh-my-xoi-293-tieu-la,,,,,,https://shope.ee/2LYfeywIrX,
https://shopeefood.vn/da-nang/thanh-phong-banh-mi-my-cay-an-vat,,,,,,https://shope.ee/2qUwFtuOqe,
https://shopeefood.vn/da-nang/banh-mi-thanh-thien-xoi-nuoc-mia-dai-hoc-fpt,,,,,,https://shope.ee/2gBW3av2Bd,
https://shopeefood.vn/da-nang/tiem-xoi-va-banh-my-01-quang-thanh-02,,,,,,https://shope.ee/3B7meVt8Ak,
https://shopeefood.vn/da-nang/banh-mi-thinh-nguyen-chi-thanh,,,,,,https://shope.ee/30oMSCtlVj,
https://shopeefood.vn/da-nang/hue-ngon-banh-mi-thit-xiu-rim-67-phan-thanh-premium,,,,,,https://shope.ee/4VdAExu2Fe,
https://shopeefood.vn/da-nang/be-su-banh-canh-ga-mien-mang-ga-chao-ga-171-dung-si-thanh-khe,,,,,,https://shope.ee/4LJk2eufad,
https://shopeefood.vn/da-nang/banh-mi-co-chieu-banh-mi-ly-dao-thanh.uwcm3w,,,,,,https://shope.ee/4qG0dZslZk,
https://shopeefood.vn/da-nang/oanh-oanh-banh-mi-heo-quay-nuoc-ep-trai-cay-ba-huyen-thanh-quan,,,,,,https://shope.ee/4fwaRGtOuj,
https://shopeefood.vn/da-nang/mi-tron-beu-dung-sy-thanh-khe,,,,,,https://shope.ee/5Asr2BrUtq,
https://shopeefood.vn/da-nang/banh-cuon-tay-son-anh-tu-thanh-khe,,,,,,https://shope.ee/50ZQpss8Ep,
https://shopeefood.vn/da-nang/banh-canh-doc-dung-si-thanh-khe,,,,,,https://shope.ee/2qUwFu0NdQ,
https://shopeefood.vn/da-nang/banh-mi-heo-nuong-lu-an-43-dung-si-thanh-khe,,,,,,https://shope.ee/2gBW3b10yP,
https://shopeefood.vn/da-nang/banh-ep-hue-cau-hai-ngan-ha-46-1-dung-si-thanh-khe,,,,,,https://shope.ee/3B7meVz6xW,
https://shopeefood.vn/da-nang/kichi-banh-ca-taiyaki-banh-bach-tuoc-takoyaki-dung-si-thanh-khe,,,,,,https://shope.ee/30oMSCzkIV,
https://shopeefood.vn/da-nang/ga-ran-pizza-my-y-tus-street-food-dung-si-thanh-khe,,,,,,https://shope.ee/3Vkd37xqHc,
https://shopeefood.vn/da-nang/banh-mi-nuong-lang-son,,,,,,https://shope.ee/3LRCqoyTcb,
https://shopeefood.vn/da-nang/banh-cuon-tay-son-sua-hat-tra-trai-cay-195-me-suot,,,,,,https://shope.ee/3qNTRjwZbi,
https://shopeefood.vn/da-nang/bamichu-banh-mi-nuong-lu-banh-cuon-tay-son,,,,,,https://shope.ee/3g43FQxCwh,
https://shopeefood.vn/da-nang/xoi-banh-mi-tra-sua-14-doan-uan,,,,,,https://shope.ee/1VzYfS5SLI,
https://shopeefood.vn/da-nang/banh-mi-tra-sua-nuoc-ep-260-au-co,,,,,,https://shope.ee/1Lg8T965gH,
https://shopeefood.vn/da-nang/tiem-panda-banh-cuon-tay-son-tra-ca-phe,,,,,,https://shope.ee/1qcP444BfO,
https://shopeefood.vn/da-nang/a-ri-banh-trang-kep-sua-chua-nep-cam-tra-tac-122-hoang-bich-son.1r0qwd,,,,,,https://shope.ee/1gIyrl4p0N,
https://shopeefood.vn/da-nang/be-my-quan-banh-mi-tra-sua-chan-ga-sot-thai-so-1-au-co,,,,,,https://shope.ee/2BFFSg2uzU,
https://shopeefood.vn/da-nang/me-tep-banh-mi-nuong-muoi-ot-tra-sua-an-vat,,,,,,https://shope.ee/20vpGN3YKT,
https://shopeefood.vn/da-nang/tu-hai-quan-banh-mi-heo-nuong-lu-banh-cuon-banh-hoi-tay-son,,,,,,https://shope.ee/2Vs5rI1eJa,
https://shopeefood.vn/da-nang/quan-mo-beo-banh-mi-xoi-tra-sua-k44-10-da-son,,,,,,https://shope.ee/2LYfez2HeZ,
https://shopeefood.vn/da-nang/me-mi-tra-trai-cay-nhiet-doi-banh-ca-tau-hu-trinh-cong-son,,,,,,https://shope.ee/BUB50AX3A,
https://shopeefood.vn/da-nang/xe-banh-ran-son-tra,,,,,,https://shope.ee/1AkshBAO9,
https://shopeefood.vn/da-nang/viva-star-coffee-le-thanh-nghi,,,,,,https://shope.ee/W71Tc9GNG,
https://shopeefood.vn/da-nang/tiem-banh-thanh-son-bakery-banh-mi-cha,,,,,,https://shope.ee/LnbHJ9tiF,
https://shopeefood.vn/da-nang/xoi-chien-mi-tron-to-to-banh-cuon-tay-son,,,,,,https://shope.ee/qjrsE7zhM,
https://shopeefood.vn/da-nang/banh-canh-tuyet-nguyen-son-tra,,,,,,https://shope.ee/gQRfv8d2L,
https://shopeefood.vn/da-nang/gia-dinh-hanh-phuc-bun-long-xao-nghe-ca-nuc-cuon-banh-trang-bun-tron-ca-ngu-rim,,,,,,https://shope.ee/1BMiGq6j1S,
https://shopeefood.vn/da-nang/pe-anh-banh-trang-tron-an-vat-phan-hanh-son,,,,,,https://shope.ee/113I4X7MMR,
https://shopeefood.vn/da-nang/banh-my-xoi-hanh-phuc,,,,,,https://shope.ee/9V1qC9b076,
https://shopeefood.vn/da-nang/banh-mi-banh-bao-ba-hung-bakery-155-le-dai-hanh,,,,,,https://shope.ee/9KiPzqbdS5,
https://shopeefood.vn/da-nang/su-bakery-banh-mi-que-pate-hanh-phi-nha-lam-hamburger-tre-hu-nha-lam-ton-that-tung,,,,,,https://shope.ee/9pegalZjRC,
https://shopeefood.vn/da-nang/banh-mi-cam-le,,,,,,https://shope.ee/9fLGOSaMmB,
https://shopeefood.vn/da-nang/banh-mi-ba-hoang-thit-nuong-lu-xien-nuong-le-dinh-ly,,,,,,https://shope.ee/AAHWzNYSlI,
https://shopeefood.vn/da-nang/chieng-food-banh-mi-nguyen-cam-bo-hat-nguyen-chat-70-vu-xuan-thieu,,,,,,https://shope.ee/9zy6n4Z66H,
https://shopeefood.vn/da-nang/family1-kebab-burger-banh-mi-le-hong-phong,,,,,,https://shope.ee/AUuNNzXC5O,
https://shopeefood.vn/da-nang/banh-cuon-nong-bun-cha-ha-noi-my-le,,,,,,https://shope.ee/AKaxBgXpQN,
https://shopeefood.vn/da-nang/banh-mi-peta-140-le-quang-dao,,,,,,https://shope.ee/8AWSbhg4oy,
https://shopeefood.vn/da-nang/banh-mi-banh-bao-ba-hung-bakery-91-le-van-hien,,,,,,https://shope.ee/80D2POgi9x,
https://shopeefood.vn/da-nang/banh-mi-banh-bao-ba-hung-bakery-313-le-van-hien,,,,,,https://shope.ee/8V9J0Jeo94,
https://shopeefood.vn/da-nang/be-map-food-tina-le-mi-tron-sot-cay-banh-ca,,,,,,https://shope.ee/8Kpso0fRU3,
https://shopeefood.vn/da-nang/banh-mi-banh-bao-ba-hung-bakery-40-le-van-hien,,,,,,https://shope.ee/8pm9OvdXTA,
https://shopeefood.vn/da-nang/bun-bo-my-quang-banh-canh-281-le-van-hien,,,,,,https://shope.ee/8fSjCceAo9,
https://shopeefood.vn/da-nang/cam-coffee-xoi-banh-mi-ca-phe,,,,,,https://shope.ee/9AOznXcGnG,
https://shopeefood.vn/da-nang/banh-mi-nha-trang-le-do,,,,,,https://shope.ee/905ZbEcu8F,
https://shopeefood.vn/da-nang/banh-my-co-thao-le-loi,,,,,,https://shope.ee/6q151Fl9Wq,
https://shopeefood.vn/da-nang/banh-mi-ba-lan-424-le-duan,,,,,,https://shope.ee/6fheowlmrp,
https://shopeefood.vn/da-nang/co-lai-banh-beo-my-quang-bun-tai-50-le-phu-tran,,,,,,https://shope.ee/7AdvPrjsqw,
https://shopeefood.vn/da-nang/banh-mi-que-tu-hai-le-do,,,,,,https://shope.ee/70KVDYkWBv,
https://shopeefood.vn/da-nang/banh-mi-bread-k-house-le-thanh-nghi,,,,,,https://shope.ee/7VGloTicB2,
https://shopeefood.vn/da-nang/banh-mi-que-ngon-ngon-banh-my-que-le-do.9rtix0,,,,,,https://shope.ee/7KxLcAjFW1,
https://shopeefood.vn/da-nang/banh-mi-banh-bao-ba-hung-bakery-244-le-thanh-nghi,,,,,,https://shope.ee/7ptcD5hLV8,
https://shopeefood.vn/da-nang/banh-mi-hoang-gia,,,,,,https://shope.ee/7faC0mhyq7,
https://shopeefood.vn/da-nang/banh-mi-co-thoa,,,,,,https://shope.ee/5VVhQnqEEi,
https://shopeefood.vn/da-nang/bun-banh-mi-do-an-me-linh,,,,,,https://shope.ee/5LCHEUqrZh,
https://shopeefood.vn/da-nang/co-lien-banh-my-heo-quay-op-la,,,,,,https://shope.ee/5q8XpPoxYo,
https://shopeefood.vn/da-nang/banh-my-ga-lien-beo-hoang-dieu,,,,,,https://shope.ee/5fp7d6patn,
https://shopeefood.vn/da-nang/mi-cay-seoul-lien-chieu,,,,,,https://shope.ee/6AlOE1ngsu,
https://shopeefood.vn/da-nang/bun-cha-ca-bun-mam-bun-rieu-cua-nini,,,,,,https://shope.ee/60Ry1ioKDt,
https://shopeefood.vn/da-nang/bun-cha-ca-di-nho,,,,,,https://shope.ee/6VOEcdmQD0,
https://shopeefood.vn/da-nang/co-ba-mien-tay-bun-mam-mien-tay-282-nui-thanh,,,,,,https://shope.ee/6L4oQKn3Xz,
https://shopeefood.vn/da-nang/bun-banh-da-cha-ca-ro-hai-duong-hoang-dieu,,,,,,https://shope.ee/40gte2vwHY,
https://shopeefood.vn/da-nang/bun-cha-ca-ty-chau-thuong-van,,,,,,https://shope.ee/4B0JqLvIwb,
https://shopeefood.vn/da-nang/quan-be-ut-2-my-quang-bun-rieu-bun-cha-ca,,,,,,https://shope.ee/4LJk2eufbe,
https://shopeefood.vn/da-nang/ganh-bun-cha-ha-noi,,,,,,https://shope.ee/4VdAExu2Gh,
https://shopeefood.vn/da-nang/bun-cha-ca-rieu-cua-quan-hiep-co-so-2,,,,,,https://shope.ee/4fwaRGtOvk,
https://shopeefood.vn/da-nang/am-thuc-chau-a-bun-cha-ha-noi-298-vo-nguyen-giap,,,,,,https://shope.ee/4qG0dZslan,
https://shopeefood.vn/da-nang/bun-cha-ca-a-chau-85-nui-thanh,,,,,,https://shope.ee/50ZQpss8Fq,
https://shopeefood.vn/da-nang/banh-cuon-cha-muc-ha-long-chi-nhanh-2-chau-thi-vinh-te,,,,,,https://shope.ee/5Asr2BrUut,
https://shopeefood.vn/da-nang/quan-nini-bun-mam-bun-cha-ca-nha-trang-77-yen-khe-2,,,,,,https://shope.ee/2gBW3b10zQ,
https://shopeefood.vn/da-nang/bun-cha-ca-bun-rieu-cua-my-quang-quan-hai-ho,,,,,,https://shope.ee/2qUwFu0NeT,
https://shopeefood.vn/da-nang/bun-cha-ca-bao-ngoc,,,,,,https://shope.ee/30oMSCzkJW,
https://shopeefood.vn/da-nang/hai-duong-quan-bun-rieu-cua-bun-cha-hai-duong-vo-an-ninh,,,,,,https://shope.ee/3B7meVz6yZ,
https://shopeefood.vn/da-nang/bun-cha-2-thi-ngo-thi-nham,,,,,,https://shope.ee/3LRCqoyTdc,
https://shopeefood.vn/da-nang/bun-cha-ca-mi-quang-ong-bay,,,,,,https://shope.ee/3Vkd37xqIf,
https://shopeefood.vn/da-nang/pho-bat-da-bun-cha-hang-quat-216-218-tran-bach-dang,,,,,,https://shope.ee/3g43FQxCxi,
https://shopeefood.vn/da-nang/banh-cuon-bun-cha-pho-ngon-sh05-fpt-plaza-2,,,,,,https://shope.ee/3qNTRjwZcl,
https://shopeefood.vn/da-nang/bun-cha-ha-noi-xua-nguyen-chi-thanh.8oaz9t,,,,,,https://shope.ee/1Lg8T965hI,
https://shopeefood.vn/da-nang/pho-nam-dinh-bun-cha-ha-noi,,,,,,https://shope.ee/1VzYfS5SML,
https://shopeefood.vn/da-nang/thanh-nga-bun-cha-ha-noi-an-vat-nuoc-ep,,,,,,https://shope.ee/1gIyrl4p1O,
https://shopeefood.vn/da-nang/bun-ba-to,,,,,,https://shope.ee/1qcP444BgR,
https://shopeefood.vn/da-nang/ha-thanh-bun-dau-bun-cha-gia-cay,,,,,,https://shope.ee/20vpGN3YLU,
https://shopeefood.vn/da-nang/bun-cha-ha-noi-483-nui-thanh,,,,,,https://shope.ee/2BFFSg2v0X,
https://shopeefood.vn/da-nang/banh-cuon-nong-xu-thanh-bun-cha-ha-noi-thit-nuong-xien,,,,,,https://shope.ee/2LYfez2Hfa,
https://shopeefood.vn/da-nang/bun-cha-ca-ba-trang-ba-huyen-thanh-quan,,,,,,https://shope.ee/2Vs5rI1eKd,
https://shopeefood.vn/da-nang/tuyet-lan-thit-heo-cuon-banh-trang-nui-thanh,,,,,,https://shope.ee/1AkshBAPA,
https://shopeefood.vn/da-nang/be-ngan-bun-rieu-cua-daklak-78-dung-si-thanh-khe,,,,,,https://shope.ee/BUB50AX4D,
https://shopeefood.vn/da-nang/bun-mam-nem-bun-nuoc-tuong-bun-chay-tiem-co-ut-40b-ky-dong-thanh-khe,,,,,,https://shope.ee/LnbHJ9tjG,
https://shopeefood.vn/da-nang/bun-cha-ca-ba-ly,,,,,,https://shope.ee/W71Tc9GOJ,
https://shopeefood.vn/da-nang/nhung-bun-cha-ca-nui-thanh,,,,,,https://shope.ee/gQRfv8d3M,
https://shopeefood.vn/da-nang/quan-ngo-bun-rieu-sai-gon-174-dung-si-thanh-khe,,,,,,https://shope.ee/qjrsE7ziP,
https://shopeefood.vn/da-nang/my-quang-banh-canh-com-trua-nha-nau-tra-giang,,,,,,https://shope.ee/113I4X7MNS,
https://shopeefood.vn/da-nang/vibo-banh-cuon-tay-son-cha-ram-tom-dat-bun-kho-tay-son-truong-chinh.ep34sk,,,,,,https://shope.ee/1BMiGq6j2V,
https://shopeefood.vn/da-nang/pum-bun-dau-bun-cha-tra-sua,,,,,,https://shope.ee/9KiPzqbdT6,
https://shopeefood.vn/da-nang/bun-cha-loc-dinh-bac-son,,,,,,https://shope.ee/9V1qC9b089,
https://shopeefood.vn/da-nang/bun-cha-ca-ly-son-115-nguyen-huy-tuong,,,,,,https://shope.ee/9fLGOSaMnC,
https://shopeefood.vn/da-nang/hong-son-bun-cha-ca-banh-canh-nuoc-giai-khat,,,,,,https://shope.ee/9pegalZjSF,
https://shopeefood.vn/da-nang/bun-cha-ca-220-tran-nhan-tong,,,,,,https://shope.ee/9zy6n4Z67I,
https://shopeefood.vn/da-nang/bun-cha-ca-ly-son-ho-dac-di,,,,,,https://shope.ee/AAHWzNYSmL,
https://shopeefood.vn/da-nang/bun-cha-ca-thuy-nguyen-cong-tru,,,,,,https://shope.ee/5Asr2BqGBL,
https://shopeefood.vn/da-nang/bun-thai-hai-san-thien-nga-04-phan-hanh-son.5fgizl,,,,,,https://shope.ee/1Aksh9vfM,
https://shopeefood.vn/da-nang/ut-hue-bun-cha-ca-rieu-cua-bun-ca-ngu,,,,,,https://shope.ee/BUB509IKP,
https://shopeefood.vn/da-nang/quan-57-bun-cha-ca-rieu-cua-bun-ca-ngu,,,,,,https://shope.ee/LnbHJ8ezS,
https://shopeefood.vn/da-nang/bun-cha-ca-rieu-cha-ca-ngu-ba-lan,,,,,,https://shope.ee/W71Tc81eV,
https://shopeefood.vn/da-nang/bun-mam-nuoc-ep-co-hien-cho-cam-le,,,,,,https://shope.ee/gQRfv7OJY,
https://shopeefood.vn/da-nang/o-he-bun-cha-ca-bun-rieu-cua-02-le-loi,,,,,,https://shope.ee/qjrsE6kyb,
https://shopeefood.vn/da-nang/xoi-khoa-bun-cha-quat-44-le-huu-khanh,,,,,,https://shope.ee/113I4X67de,
https://shopeefood.vn/da-nang/bun-cha-ca-nhung,,,,,,https://shope.ee/1BMiGq5UIh,
https://shopeefood.vn/da-nang/bun-cha-ca-ong-be-le-do,,,,,,https://shope.ee/1Lg8T94qxk,
https://shopeefood.vn/da-nang/bun-cha-ca-trang,,,,,,https://shope.ee/1VzYfS4Dcn,
https://shopeefood.vn/da-nang/bun-cha-ca-nhut,,,,,,https://shope.ee/1gIyrl3aHq,
https://shopeefood.vn/da-nang/bun-cha-ha-noi-a-nho-117-le-dinh-ly,,,,,,https://shope.ee/1qcP442wwt,
https://shopeefood.vn/da-nang/banh-cuon-nong-bun-cha-ha-hoi-le-thinh,,,,,,https://shope.ee/20vpGN2Jbw,
https://shopeefood.vn/da-nang/trang-le-1982-bun-dau-mam-tom-bun-cha-ha-noi-pham-cu-luong,,,,,,https://shope.ee/2BFFSg1gGz,
https://shopeefood.vn/da-nang/quan-thuy-bun-cha-ca-le-thach.3k6fzs,,,,,,https://shope.ee/2LYfez12w2,
https://shopeefood.vn/da-nang/co-lan-anh-bun-cha-ca-bun-mam-le-trong-tan,,,,,,https://shope.ee/2Vs5rI0Pb5,
https://shopeefood.vn/da-nang/bun-cha-ca-so-10-le-do,,,,,,https://shope.ee/80D2POfTRA,
https://shopeefood.vn/da-nang/pho-bun-cha-thay-ly-ha-noi-le-thanh-nghi,,,,,,https://shope.ee/8AWSbheq6D,
https://shopeefood.vn/da-nang/bun-cha-ca-giang-hue-73-le-thanh-nghi,,,,,,https://shope.ee/8Kpso0eClG,
https://shopeefood.vn/da-nang/quan-bun-cha-ca-374-374-le-van-hien,,,,,,https://shope.ee/8V9J0JdZQJ,
https://shopeefood.vn/da-nang/nhan-bun-cha-ca-le-dinh-ly,,,,,,https://shope.ee/8fSjCccw5M,
https://shopeefood.vn/da-nang/bun-cha-ca-di-hoa-le-dinh-ly,,,,,,https://shope.ee/8pm9OvcIkP,
https://shopeefood.vn/da-nang/duy-tan-bun-cha-ca-rieu-cua,,,,,,https://shope.ee/905ZbEbfPS,
https://shopeefood.vn/da-nang/bun-cha-ca-lien-18-ton-dan,,,,,,https://shope.ee/9AOznXb24V,
https://shopeefood.vn/da-nang/lien-bun-cha-ca-rieu-cua,,,,,,https://shope.ee/9KiPzqaOjY,
https://shopeefood.vn/da-nang/co-lien-banh-beo-nong-bun-cha-ca-bun-mam,,,,,,https://shope.ee/9V1qC9ZlOb,
https://shopeefood.vn/da-nang/bun-cha-ca-loi-nguyen-chanh,,,,,,https://shope.ee/9fLGOSZ83e,
https://shopeefood.vn/da-nang/quan-lien-bun-banh-canh,,,,,,https://shope.ee/9pegalYUih,
https://shopeefood.vn/da-nang/sashimi-ca-hoi-nauy-ca-trich-ep-trung-mon-nhat-hoang-dieu,,,,,,https://shope.ee/9zy6n4XrNk,
https://shopeefood.vn/da-nang/sashimi-ca-hoi-nauy-ca-trich-ep-trung-mon-nhat-nguyen-van-huyen,,,,,,https://shope.ee/AAHWzNXE2n,
https://shopeefood.vn/da-nang/sashimi-ca-hoi-nauy-ca-trich-ep-trung-mon-nhat-bui-duong-lich,,,,,,https://shope.ee/AKaxBgWahq,
https://shopeefood.vn/da-nang/sashimi-ca-hoi-ca-trich-mon-nhat-toan-farm-tran-le,,,,,,https://shope.ee/AUuNNzVxMt,
https://shopeefood.vn/da-nang/sashimi-ca-hoi-nauy-ca-trich-ep-trung-mon-nhat-phuoc-my-3,,,,,,https://shope.ee/5LCHEUpcqu,
https://shopeefood.vn/da-nang/sashimi-ca-hoi-nauy-ca-trich-ep-trung-mon-nhat-ba-huyen-thanh-quan,,,,,,https://shope.ee/5VVhQnozVx,
https://shopeefood.vn/da-nang/sashimi-ca-hoi-ca-trich-mon-nhat-toan-farm-dang-dung,,,,,,https://shope.ee/5fp7d6oMB0,
https://shopeefood.vn/da-nang/sashimi-ca-hoi-ca-trich-mon-nhat-toan-farm-pham-van-nghi,,,,,,https://shope.ee/5q8XpPniq3,
https://shopeefood.vn/da-nang/sashimi-ca-hoi-ca-trich-mon-nhat-toan-farm-cu-chinh-lan,,,,,,https://shope.ee/60Ry1in5V6,
https://shopeefood.vn/da-nang/oliu-bistro-my-y-com-ca-hoi,,,,,,https://shope.ee/6AlOE1mSA9,
https://shopeefood.vn/da-nang/yen-yakiniku-sushi-sashimi-com-nhat-nguyen-van-thoai,,,,,,https://shope.ee/6L4oQKlopC,
https://shopeefood.vn/da-nang/sashimi-ca-hoi-nauy-ca-trich-ep-trung-mon-nhat-hoa-an-1,,,,,,https://shope.ee/6VOEcdlBUF,
https://shopeefood.vn/da-nang/sashimi-ca-hoi-ca-trich-mon-nhat-toan-farm-le-tan-trung,,,,,,https://shope.ee/6fheowkY9I,
https://shopeefood.vn/da-nang/sashimi-ca-hoi-nauy-ca-trich-ep-trung-mon-nhat-le-huu-trac,,,,,,https://shope.ee/6q151FjuoL,
https://shopeefood.vn/da-nang/sashimi-ca-hoi-ca-trich-mon-nhat-toan-farm-tran-dinh-tri,,,,,,https://shope.ee/70KVDYjHTO,
https://shopeefood.vn/da-nang/tiem-chao-3t-banh-hoi-thit-nuong-com-suon-cot-lech-nuong-com-thit-ca-kho-khu-do-thi-fpt,,,,,,https://shope.ee/7AdvPrie8R,
https://shopeefood.vn/da-nang/nhim-s-house-ca-phe-muoi-bac-xiu-kem-man-hoi-an-tra-sen-vang-macchiato,,,,,,https://shope.ee/7KxLcAi0nU,
https://shopeefood.vn/da-nang/lyn-sua-hat-ca-phe-hai-chau.hz81kb,,,,,,https://shope.ee/7VGloThNSX,
https://shopeefood.vn/da-nang/phe-la-tra-ca-phe-dac-san-aeon-mall-thanh-khe-da-nang,,,,,,https://shope.ee/7faC0mgk7a,
https://shopeefood.vn/da-nang/me-coffee-ca-phe-muoi-02-thanh-khe-6,,,,,,https://shope.ee/7ptcD5g6md,
https://shopeefood.vn/da-nang/tiem-ca-phe-dino-91a-dung-si-thanh-khe,,,,,,https://shope.ee/2qUwFtz8vg,
https://shopeefood.vn/da-nang/ghe-ca-phe-coffee-and-tea-thanh-khe,,,,,,https://shope.ee/2gBW3azmGf,
https://shopeefood.vn/da-nang/ca-phe-mang-di-boon-bum-118-dung-si-thanh-khe,,,,,,https://shope.ee/3B7meVxsFm,
https://shopeefood.vn/da-nang/yen-sao-thanh-khe-vo-gia-nest-64-ngoc-hoi,,,,,,https://shope.ee/30oMSCyVal,
https://shopeefood.vn/da-nang/nguyet-khe-vien-ca-phe-tra-trai-cay-k122-14a-phan-thanh,,,,,,https://shope.ee/3Vkd37wbZs,
https://shopeefood.vn/da-nang/ut-ca-phe-dung-si-thanh-khe,,,,,,https://shope.ee/3LRCqoxEur,
https://shopeefood.vn/da-nang/mr-coffee-ca-phe-tra-sua-390-dung-sy-thanh-khe.x8ilwm,,,,,,https://shope.ee/3qNTRjvKty,
https://shopeefood.vn/da-nang/quan-thuy-bun-cha-ca-rieu-cua-bun-mam-dung-si-thanh-khe.djzl3w,,,,,,https://shope.ee/3g43FQvyEx,
https://shopeefood.vn/da-nang/goc-vuon-ca-phe-tra-60-son-thuy-1,,,,,,https://shope.ee/4B0JqLu4E4,
https://shopeefood.vn/da-nang/phu-son-cafe-ca-phe-tra-sua-nuoc-ep-149-mai-chi-tho,,,,,,https://shope.ee/40gte2uhZ3,
https://shopeefood.vn/da-nang/tiem-cua-be-ca-phe-tra-sua-an-vat-10a-hai-son,,,,,,https://shope.ee/4VdAExsnYA,
https://shopeefood.vn/da-nang/tiem-son-ca-phe-tra-sua-an-vat,,,,,,https://shope.ee/4LJk2etQt9,
https://shopeefood.vn/da-nang/ca-phe-tra-sua-trung-thanh-87-bac-son,,,,,,https://shope.ee/4qG0dZrWsG,
https://shopeefood.vn/da-nang/bi-dua-tiem-nuoc-dua-ca-phe-muoi-xoi-cam-le,,,,,,https://shope.ee/4fwaRGsADF,
https://shopeefood.vn/da-nang/3tete-ca-phe-muoi-tra-trai-cay-lien-chieu,,,,,,https://shope.ee/5Asr2BqGCM,
https://shopeefood.vn/da-nang/an-garden-ca-phe-tra-va-nuoc-dua-tuoi-lien-chieu,,,,,,https://shope.ee/50ZQpsqtXL,
https://shopeefood.vn/da-nang/tmore-tiem-tra-chanh-lien-chieu-tiem-tra-ca-phe-ngo-thi-nham.jytmik,,,,,,https://shope.ee/BUB509ILQ,
https://shopeefood.vn/da-nang/al-fresco-s-pizza-my-y-suon-steak-bo-bit-tet-tran-phu,,,,,,https://shope.ee/1Aksh9vgP,
https://shopeefood.vn/da-nang/pizza-huu-pizza-spaghetti-le-duan,,,,,,https://shope.ee/W71Tc81fW,
https://shopeefood.vn/da-nang/the-pizza-company-dong-da-da-nang,,,,,,https://shope.ee/LnbHJ8f0V,
https://shopeefood.vn/da-nang/the-pizza-company-co-opmart,,,,,,https://shope.ee/qjrsE6kzc,
https://shopeefood.vn/da-nang/the-pizza-company-nguyen-van-thoai,,,,,,https://shope.ee/gQRfv7OKb,
https://shopeefood.vn/da-nang/the-pizza-company-lotte-mart-da-nang,,,,,,https://shope.ee/1BMiGq5UJi,
https://shopeefood.vn/da-nang/the-pizza-company-1-nguyen-van-linh,,,,,,https://shope.ee/113I4X67eh,
https://shopeefood.vn/da-nang/pizza-sister-s-pizza-my-y-burger-ha-thi-than,,,,,,https://shope.ee/1VzYfS4Ddo,
https://shopeefood.vn/da-nang/snow-pizza,,,,,,https://shope.ee/1Lg8T94qyn,
https://shopeefood.vn/da-nang/vua-hai-san-thinh-chau-duong-dinh-nghe,,,,,,https://shope.ee/1qcP442wxu,
https://shopeefood.vn/da-nang/te-fe-tea-ong-ich-khiem-hai-chau,,,,,,https://shope.ee/1gIyrl3aIt,
https://shopeefood.vn/da-nang/coffee-1989-do-uong-2-chau-thi-vinh-te.jgsicr,,,,,,https://shope.ee/2BFFSg1gI0,
https://shopeefood.vn/da-nang/taiho-coffee-tea-2-125-chau-thi-vinh-te,,,,,,https://shope.ee/20vpGN2Jcz,
https://shopeefood.vn/da-nang/bep-cua-my-pizza-chau-thuong-van,,,,,,https://shope.ee/2Vs5rI0Pc6,
https://shopeefood.vn/da-nang/pizza-me-nam-chau-thuong-van,,,,,,https://shope.ee/2LYfez12x5,
https://shopeefood.vn/da-nang/yen-sao-khanh-chau-thuc-pham-hai-phong.8cyw40,,,,,,https://shope.ee/8AWSbheq7E,
https://shopeefood.vn/da-nang/hang-tran-goi-thai-lan-du-du-ba-khia-hai-san-chau-thi-vinh-te,,,,,,https://shope.ee/80D2POfTSD,
https://shopeefood.vn/da-nang/okela-s-food,,,,,,https://shope.ee/8V9J0JdZRK,
https://shopeefood.vn/da-nang/bap-cute-nuoc-ep-trai-cay-sinh-to-75-2-chau-thi-vinh-te,,,,,,https://shope.ee/8Kpso0eCmJ,
https://shopeefood.vn/da-nang/momoyo-hai-chau,,,,,,https://shope.ee/8pm9OvcIlQ,
https://shopeefood.vn/da-nang/hoi-s-pizza-phan-chau-trinh,,,,,,https://shope.ee/8fSjCccw6P,
https://shopeefood.vn/da-nang/tra-sua-shuyi-aeonmall-thanh-khe,,,,,,https://shope.ee/9AOznXb25W,
https://shopeefood.vn/da-nang/chicky-licky-ga-ran-han-quoc-59-dung-si-thanh-khe,,,,,,https://shope.ee/905ZbEbfQV,
https://shopeefood.vn/da-nang/xoi-che-suong-cho-thanh-khe,,,,,,https://shope.ee/9V1qC9ZlPc,
https://shopeefood.vn/da-nang/mr-pizza-33-phan-thanh-tai,,,,,,https://shope.ee/9KiPzqaOkb,
https://shopeefood.vn/da-nang/tuc-tac-tea-dung-si-thanh-khe,,,,,,https://shope.ee/9pegalYUji,
https://shopeefood.vn/da-nang/vit-quay-la-mac-mat-dung-si-thanh-khe,,,,,,https://shope.ee/9fLGOSZ84h,
https://shopeefood.vn/da-nang/wonder-coffee-tea-dung-si-thanh-khe,,,,,,https://shope.ee/AAHWzNXE3o,
https://shopeefood.vn/da-nang/nabi-food-drink-kimbap-hotdog-tra-sua-dung-si-thanh-khe,,,,,,https://shope.ee/9zy6n4XrOn,
https://shopeefood.vn/da-nang/nuta-tea-coffee-tho-quang-son-tra,,,,,,https://shope.ee/AUuNNzVxNu,
https://shopeefood.vn/da-nang/xoi-viet-cac-loai-tra-matcha-tien-son-17,,,,,,https://shope.ee/AKaxBgWait,
https://shopeefood.vn/da-nang/che-lien-son-tra-03-dang-vu-hy,,,,,,https://shope.ee/5VVhQnozWy,
https://shopeefood.vn/da-nang/sua-hat-tra-sua-hat-tiem-nha-sam-son-tra,,,,,,https://shope.ee/5LCHEUpcrx,
https://shopeefood.vn/da-nang/tra-sua-kem-cooler-city-trinh-cong-son,,,,,,https://shope.ee/5q8XpPnir4,
https://shopeefood.vn/da-nang/tra-sua-melo-mela-34-thanh-son,,,,,,https://shope.ee/2BFFSg2zFY,
https://shopeefood.vn/da-nang/nha-tui-thit-xien-nuong-son-tra,,,,,,https://shope.ee/20vpGN3caX,
https://shopeefood.vn/da-nang/xoi-chien-goi-ga-son-tra,,,,,,https://shope.ee/2Vs5rI1iZe,
https://shopeefood.vn/da-nang/clara-pizza-03-trinh-cong-son,,,,,,https://shope.ee/2LYfez2Lud,
https://shopeefood.vn/da-nang/chao-vit-xoi-ga-goi-son-tra,,,,,,https://shope.ee/1VzYfS5WbU,
https://shopeefood.vn/da-nang/mieng-pizza-132-hoang-bich-son,,,,,,https://shope.ee/1Lg8T969wT,
https://shopeefood.vn/da-nang/che-mai-son-tra,,,,,,https://shope.ee/1qcP444Fva,
https://shopeefood.vn/da-nang/cafe-tra-sua-bac-son,,,,,,https://shope.ee/1gIyrl4tGZ,
https://shopeefood.vn/da-nang/tra-bi-dao-chia-chia-ngu-hanh-son,,,,,,https://shope.ee/3Vkd37xuXw,
https://shopeefood.vn/da-nang/bep-son-tra,,,,,,https://shope.ee/3LRCqoyXsv,
https://shopeefood.vn/da-nang/goldfish-tra-sua-ngu-hanh-son,,,,,,https://shope.ee/3qNTRjwds2,
https://shopeefood.vn/da-nang/verona-coffee-pizza,,,,,,https://shope.ee/3g43FQxHD1,
https://shopeefood.vn/da-nang/tram-anh-quan-2-lo-26-dinh-gia-trinh-nam-cau-cam-le,,,,,,https://shope.ee/2qUwFu0Rts,
https://shopeefood.vn/da-nang/vua-cam-sanh-co-hai-166-le-dinh-ly,,,,,,https://shope.ee/2gBW3b15Er,
https://shopeefood.vn/da-nang/tung-xoi-cho-cam-le,,,,,,https://shope.ee/3B7meVzBDy,
https://shopeefood.vn/da-nang/taste-pizza-burger-le-trong-tan,,,,,,https://shope.ee/30oMSCzoYx,
https://shopeefood.vn/da-nang/mr-quy-nuoc-dua-tra-sua-kdc-nam-cau-cam-le,,,,,,https://shope.ee/4qG0dZspqK,
https://shopeefood.vn/da-nang/king-pizza-burger-ga-ran-202-le-quang-chi,,,,,,https://shope.ee/4fwaRGtTBJ,
https://shopeefood.vn/da-nang/tiem-che-moc-che-dau-do-cot-dua-che-thap-cam-le-sat,,,,,,https://shope.ee/5Asr2BrZAQ,
https://shopeefood.vn/da-nang/pizza-ga-ran-vfood-le-duan,,,,,,https://shope.ee/50ZQpssCVP,
https://shopeefood.vn/da-nang/hem-xoi-ha-noi-so-08-02-kiet-1068-ton-dan-cam-le,,,,,,https://shope.ee/4B0JqLvNCG,
https://shopeefood.vn/da-nang/cam-sanh-dai-phuc-tran-le-cho-hoa-xuan,,,,,,https://shope.ee/40gte2w0XF,
https://shopeefood.vn/da-nang/chao-dinh-duong-panda-cam-le,,,,,,https://shope.ee/4VdAExu6WM,
https://shopeefood.vn/da-nang/pizza-de-mong-12h-dem-pizza-200-le-thanh-nghi.h5kskc,,,,,,https://shope.ee/4LJk2eujrL,
https://shopeefood.vn/da-nang/zot-cam-ep-mu-trom-sieu-sach,,,,,,https://shope.ee/6AlOE1nl8i,
https://shopeefood.vn/da-nang/cao-lau-89-ca-m-le.dlbzhu,,,,,,https://shope.ee/60Ry1ioOTh,
https://shopeefood.vn/da-nang/pizza-banh-bao-tuoi-mi-y-le-trong-tan,,,,,,https://shope.ee/6VOEcdmUSo,
https://shopeefood.vn/da-nang/kimpap-lien-chieu-132-tran-tan,,,,,,https://shope.ee/6L4oQKn7nn,
https://shopeefood.vn/da-nang/dalatmilk-lien-chieu,,,,,,https://shope.ee/5VVhQnqIUe,
https://shopeefood.vn/da-nang/yen-sao-lien-chieu-da-nang,,,,,,https://shope.ee/5LCHEUqvpd,
https://shopeefood.vn/da-nang/noa-bistro-pizza,,,,,,https://shope.ee/5q8XpPp1ok,
https://shopeefood.vn/da-nang/sua-hat-lien-chieu,,,,,,https://shope.ee/5fp7d6pf9j,
https://shopeefood.vn/da-nang/tiem-chao-babuu-lien-chieu,,,,,,https://shope.ee/7VGloTigR6,
https://shopeefood.vn/da-nang/ga-ran-va-mi-y-jollibee-phan-dang-luu,,,,,,https://shope.ee/7KxLcAjJm5,
https://shopeefood.vn/da-nang/tasting-ga-ran-hamburger-chau-thi-vinh-te,,,,,,https://shope.ee/7ptcD5hPlC,
https://shopeefood.vn/da-nang/chickentalk-ga-ran-chau-thi-vinh-te,,,,,,https://shope.ee/7faC0mi36B,
https://shopeefood.vn/da-nang/nha-ga-bun-dau-nem-ran-hai-phong,,,,,,https://shope.ee/6q151FlDn2,
https://shopeefood.vn/da-nang/hali-food-ga-ran-mi-cay-chau-thuong-van,,,,,,https://shope.ee/6fheowlr81,
https://shopeefood.vn/da-nang/pizza-ga-ran-genz-ton-dan,,,,,,https://shope.ee/7AdvPrjx78,
https://shopeefood.vn/da-nang/bam-ga-ran-hamburger-khoai-tay-chien-phan-chau-trinh,,,,,,https://shope.ee/70KVDYkaS7,
https://shopeefood.vn/da-nang/ga-ran-koke-hoa-son-2,,,,,,https://shope.ee/8pm9OvdbjU,
https://shopeefood.vn/da-nang/mr-thinh-khoai-lang-lac-ga-ran-chau-thi-vinh-te,,,,,,https://shope.ee/8fSjCceF4T,
https://shopeefood.vn/da-nang/mewmew-foods-mi-tron-com-nam-ga-cay-duong-2-9,,,,,,https://shope.ee/9AOznXcL3a,
https://shopeefood.vn/da-nang/ga-ran-va-mi-y-jollibee-ly-thai-to,,,,,,https://shope.ee/905ZbEcyOZ,
https://shopeefood.vn/da-nang/tasting-ga-ran-hamburger-phan-thanh,,,,,,https://shope.ee/8AWSbhg95Q,
https://shopeefood.vn/da-nang/ga-go-hamburger-ga-ran-91-phan-thanh,,,,,,https://shope.ee/80D2POgmQP,
https://shopeefood.vn/da-nang/ga-ran-choong-man-chicken-239-le-thanh-nghi,,,,,,https://shope.ee/8V9J0JesPW,
https://shopeefood.vn/da-nang/won-ga-ran-do-an-han-quoc-dung-si-thanh-khe,,,,,,https://shope.ee/8Kpso0fVkV,
https://shopeefood.vn/da-nang/chan-ga-be-linh-394-dung-si-thanh-khe,,,,,,https://shope.ee/AAHWzNYX1s,
https://shopeefood.vn/da-nang/bep-thanh-phu-ga-ran-com-ga-hoi-an-an-vat,,,,,,https://shope.ee/9zy6n4ZAMr,
https://shopeefood.vn/da-nang/am-thuc-sach-ngon-ga-ran-kem-dua-315-le-thanh-nghi.nje8oc,,,,,,https://shope.ee/AUuNNzXGLy,
https://shopeefood.vn/da-nang/ga-ran-khoai-lang-lac-chin-chin-213-le-thanh-nghi.azcr2q,,,,,,https://shope.ee/AKaxBgXtgx,
https://shopeefood.vn/da-nang/com-ga-a-beo-dung-si-thanh-khe,,,,,,https://shope.ee/9V1qC9b4No,
https://shopeefood.vn/da-nang/pizza-ga-ran-genz-bac-son,,,,,,https://shope.ee/9KiPzqbhin,
https://shopeefood.vn/da-nang/nha-hang-chicken-plus,,,,,,https://shope.ee/9pegalZnhu,
https://shopeefood.vn/da-nang/mr-thinh-khoai-lang-lac-ga-ran-nui-thanh,,,,,,https://shope.ee/9fLGOSaR2t,
https://shopeefood.vn/da-nang/ga-ran-tra-bi-dao-hat-chia-217-ong-ich-duong,,,,,,https://shope.ee/gQRfv8hJA,
https://shopeefood.vn/da-nang/quan-bo-mi-cay-ga-ran-tra-sua,,,,,,https://shope.ee/qjrsE83yD,
https://shopeefood.vn/da-nang/ga-ran-haru-korean-bistro-nguyen-son-ha,,,,,,https://shope.ee/113I4X7QdG,
https://shopeefood.vn/da-nang/ga-ran-pizza-my-y-tus-street-food-au-co,,,,,,https://shope.ee/1BMiGq6nIJ,
https://shopeefood.vn/da-nang/ga-ran-khoai-lac-tra-bi-dao-tu-food,,,,,,https://shope.ee/1AkshBEf6,
https://shopeefood.vn/da-nang/gimichicken-ga-ran-vi-han-114-bac-son,,,,,,https://shope.ee/BUB50AbK9,
https://shopeefood.vn/da-nang/hong-cha-ga-ran-tra-xi-muoi-han-quoc,,,,,,https://shope.ee/LnbHJ9xzC,
https://shopeefood.vn/da-nang/fusion-ga-ran-coffee-duong-son-10,,,,,,https://shope.ee/W71Tc9KeF,
https://shopeefood.vn/da-nang/tiem-ramie-tra-chanh-an-vat-ga-ran,,,,,,https://shope.ee/20vpGN3cbY,
https://shopeefood.vn/da-nang/ca-phe-ga-ran-tra-sua-cau-ba,,,,,,https://shope.ee/2BFFSg2zGb,
https://shopeefood.vn/da-nang/mimu-chicken-ga-ran-gion-sot-tien-son-19,,,,,,https://shope.ee/2LYfez2Lve,
https://shopeefood.vn/da-nang/kang-s-chicken,,,,,,https://shope.ee/2Vs5rI1iah,
https://shopeefood.vn/da-nang/ga-ran-tra-sua-pham-viet-chanh,,,,,,https://shope.ee/1Lg8T969xU,
https://shopeefood.vn/da-nang/ga-ran-mr-thinh-tra-sua-51-ha-huy-tap,,,,,,https://shope.ee/1VzYfS5WcX,
https://shopeefood.vn/da-nang/mon-ga-ran-tra-sua-au-co,,,,,,https://shope.ee/1gIyrl4tHa,
https://shopeefood.vn/da-nang/japanese-chicken-dutch-pancakes-ga-ran-nhat-va-banh-pancake-ha-lan-ngu-hanh-son.l6k1nw,,,,,,https://shope.ee/1qcP444Fwd,
https://shopeefood.vn/da-nang/doo-foods-burger-ga-ran-com-ga-le-duan,,,,,,https://shope.ee/3LRCqoyXtw,
https://shopeefood.vn/da-nang/mr-thinh-khoai-lang-lac-ga-ran-le-van-hien,,,,,,https://shope.ee/3Vkd37xuYz,
https://shopeefood.vn/da-nang/street-food-135-nguyen-huy-tuong,,,,,,https://shope.ee/3g43FQxHE2,
https://shopeefood.vn/da-nang/ga-ran-hfc-shop-online,,,,,,https://shope.ee/3qNTRjwdt5,
https://shopeefood.vn/da-nang/ga-ran-lolli-le-van-thu,,,,,,https://shope.ee/2gBW3b15Fs,
https://shopeefood.vn/da-nang/ga-ran-nguyen-con-kfv-99k-ga-ran-102-le-dai-hanh,,,,,,https://shope.ee/2qUwFu0Ruv,
https://shopeefood.vn/da-nang/ari-foods-pizza-my-y-ga-ran-bap-bo-sot-thai-191-le-thanh-nghi.sean0c,,,,,,https://shope.ee/30oMSCzoZy,
https://shopeefood.vn/da-nang/ga-ran-va-mi-y-jollibee-pham-nhu-xuong,,,,,,https://shope.ee/3B7meVzBF1,
https://shopeefood.vn/da-nang/an-vat-ga-ran-com-our-shop-online,,,,,,https://shope.ee/4fwaRGtTCK,
https://shopeefood.vn/da-nang/thieng-lien-quan-an-vat-xoi-kep-ga-ran,,,,,,https://shope.ee/4qG0dZsprN,
https://shopeefood.vn/da-nang/ga-ran-so-1-nguyen-canh-chan,,,,,,https://shope.ee/50ZQpssCWQ,
https://shopeefood.vn/da-nang/pizza-ga-ran-genz-ngo-thi-nham,,,,,,https://shope.ee/5Asr2BrZBT,
https://shopeefood.vn/da-nang/ga-ran-so-1-ngo-thi-nham,,,,,,https://shope.ee/40gte2w0YG,
https://shopeefood.vn/da-nang/minh-chau-com-chay-han-quoc-coffee-ton-duc-thang,,,,,,https://shope.ee/4B0JqLvNDJ,
https://shopeefood.vn/da-nang/quan-chay-binh-yen-dung-si-thanh-khe,,,,,,https://shope.ee/4LJk2eujsM,
https://shopeefood.vn/da-nang/banh-xeo-chay-ong-tho-do-an-chay-k21-07-06-dung-si-thanh-khe.egbo1i,,,,,,https://shope.ee/4VdAExu6XP,
https://shopeefood.vn/da-nang/chi-be-com-banh-canh-vit-dung-sy-thanh-khe,,,,,,https://shope.ee/60Ry1ioOUi,
https://shopeefood.vn/da-nang/chicken-lucky-com-ga-xoi-mo-thanh-khe.ghj7wl,,,,,,https://shope.ee/6AlOE1nl9l,
https://shopeefood.vn/da-nang/com-ga-xoi-mo-24k-hung-com-ga-chay-bo-ngu-hanh-son.ry5xty,,,,,,https://shope.ee/6L4oQKn7oo,
https://shopeefood.vn/da-nang/nito-house-quan-an-han-quoc-nui-thanh,,,,,,https://shope.ee/6VOEcdmUTr,
https://shopeefood.vn/da-nang/tokbokki-ly-quan-an-tran-cao-van,,,,,,https://shope.ee/5LCHEUqvqe,
https://shopeefood.vn/da-nang/tokbokki-56-ho-huan-nghiep,,,,,,https://shope.ee/5VVhQnqIVh,
https://shopeefood.vn/da-nang/rice-s-house-mon-an-han-quoc,,,,,,https://shope.ee/5fp7d6pfAk,
https://shopeefood.vn/da-nang/ga-ran-chicken-plus-77-nguyen-nhan-da-nang,,,,,,https://shope.ee/5q8XpPp1pn,
https://shopeefood.vn/da-nang/mr-korean-food-40-pham-nhu-xuong,,,,,,https://shope.ee/7KxLcAjJn6,
https://shopeefood.vn/da-nang/tiem-an-py-s-fud,,,,,,https://shope.ee/7VGloTigS9,
https://shopeefood.vn/da-nang/my-cay-seouly-chau-thi-vinh-te,,,,,,https://shope.ee/7faC0mi37C,
https://shopeefood.vn/da-nang/25cc-ga-ran-korean-food-383-ong-ich-khiem,,,,,,https://shope.ee/7ptcD5hPmF,
https://shopeefood.vn/da-nang/kakao-do-an-han-quoc-shop-online,,,,,,https://shope.ee/6VOEcdlBVG,
https://shopeefood.vn/da-nang/mi-cay-seoul-hai-chau,,,,,,https://shope.ee/6L4oQKloqF,
https://shopeefood.vn/da-nang/the-led-hai-chau,,,,,,https://shope.ee/6q151FjupM,
https://shopeefood.vn/da-nang/nuoc-ep-misu-92-dung-si-thanh-khe,,,,,,https://shope.ee/6fheowkYAL,
https://shopeefood.vn/da-nang/xoi-man-son-tra.qyphtg,,,,,,https://shope.ee/7AdvPrie9S,
https://shopeefood.vn/da-nang/tra-sua-xuan-trang-cao-son-phao-do-an-thuc-uong.vpzsw4,,,,,,https://shope.ee/70KVDYjHUR,
https://shopeefood.vn/da-nang/bee-an-vat-88-ngu-hanh-son,,,,,,https://shope.ee/7VGloThNTY,
https://shopeefood.vn/da-nang/kebab-torki-chung-cu-nam-cam-le,,,,,,https://shope.ee/7KxLcAi0oX,
https://shopeefood.vn/da-nang/chao-dinh-duong-for-you-hoang-xuan-han,,,,,,https://shope.ee/7ptcD5g6ne,
https://shopeefood.vn/da-nang/com-tam-bun-thit-nuong-pho-hoi-an-157-huy-can,,,,,,https://shope.ee/7faC0mgk8d,
https://shopeefood.vn/da-nang/quan-loc-phat-com-tam-bun-thit-nuong-pho-hoi-an,,,,,,https://shope.ee/30oMSCyVbk,
https://shopeefood.vn/da-nang/an-hoi-coffee-cafe-com-tam-pho,,,,,,https://shope.ee/3B7meVxsGn,
https://shopeefood.vn/da-nang/com-ga-hoi-an-com-suon-nuong-05-ha-van-tinh,,,,,,https://shope.ee/2gBW3azmHi,
https://shopeefood.vn/da-nang/tiem-an-paco-com-ga-hoi-an-cao-lau-banh-beo,,,,,,https://shope.ee/2qUwFtz8wl,
https://shopeefood.vn/da-nang/com-ga-hoi-an-xoi-mien-ga-pham-nhu-tang,,,,,,https://shope.ee/3g43FQvyFw,
https://shopeefood.vn/da-nang/am-thuc-xu-quang-com-ga-quay-cao-lau-hoi-an-mi-xa-xiu-le-trong-tan,,,,,,https://shope.ee/3qNTRjvKuz,
https://shopeefood.vn/da-nang/com-ga-nhu-y-ngu-hanh-son,,,,,,https://shope.ee/3LRCqoxEvu,
https://shopeefood.vn/da-nang/be-map-com-ga-com-mon-272-ngu-hanh-son,,,,,,https://shope.ee/3Vkd37wbax,
https://shopeefood.vn/da-nang/phuong-map-com-ga-hoi-an,,,,,,https://shope.ee/4LJk2etQu8,
https://shopeefood.vn/da-nang/banh-canh-o-chi,,,,,,https://shope.ee/4VdAExsnZB,
https://shopeefood.vn/da-nang/bun-bo-hue-tram-anh-2,,,,,,https://shope.ee/40gte2uha6,
https://shopeefood.vn/da-nang/bun-bo-hue-ms-thao-78-chau-thi-vinh-te,,,,,,https://shope.ee/4B0JqLu4F9,
https://shopeefood.vn/da-nang/bun-bo-hue-le-gia,,,,,,https://shope.ee/50ZQpsqtYK,
https://shopeefood.vn/da-nang/bun-bo-hue-le-gia-2,,,,,,https://shope.ee/5Asr2BqGDN,
https://shopeefood.vn/da-nang/bun-bo-hue-co-hai-tran-dai-nghia,,,,,,https://shope.ee/4fwaRGsAEI,
https://shopeefood.vn/da-nang/bun-bo-hue-gia-truyen-gia-hoi-2,,,,,,https://shope.ee/4qG0dZrWtL,
https://shopeefood.vn/da-nang/bun-bo-hue-hai-ly-255-bui-trang-chuoc,,,,,,https://shope.ee/LnbHJ8f1U,
https://shopeefood.vn/da-nang/bun-bo-hue-na-2-151-huynh-tan-phat,,,,,,https://shope.ee/W71Tc81gX,
https://shopeefood.vn/da-nang/bun-bo-hue-cau-hai,,,,,,https://shope.ee/1Aksh9vhS,
https://shopeefood.vn/da-nang/bun-rieu-cua-banh-nam-loc-hue-com-chien-duong-chau-bui-ta-han,,,,,,https://shope.ee/BUB509IMV,
https://shopeefood.vn/da-nang/bun-bo-hue-le-gia-3,,,,,,https://shope.ee/113I4X67fg,
https://shopeefood.vn/da-nang/bun-bo-hue-hang-2-phan-dang-luu,,,,,,https://shope.ee/1BMiGq5UKj,
https://shopeefood.vn/da-nang/bun-bo-hue-hang-2-37-dang-dung,,,,,,https://shope.ee/gQRfv7OLe,
https://shopeefood.vn/da-nang/bep-hue-bun-bo-bun-mam-bun-hen-phan-boi-chau,,,,,,https://shope.ee/qjrsE6l0h,
https://shopeefood.vn/da-nang/bun-bo-hue-co-do-cs2,,,,,,https://shope.ee/1gIyrl3aJs,
https://shopeefood.vn/da-nang/can-tin-nha-khach-j-258-bun-hai-san-bun-bo-hue-87-phan-van-dinh,,,,,,https://shope.ee/1qcP442wyv,
https://shopeefood.vn/da-nang/lam-vy-da-bun-bo-hue-919-nguyen-tat-thanh,,,,,,https://shope.ee/1Lg8T94qzq,
https://shopeefood.vn/da-nang/be-mai-bun-bo-hue,,,,,,https://shope.ee/1VzYfS4Det,
https://shopeefood.vn/da-nang/bep-cuc-bun-bo-hue-com-hen-le-thanh-nghi,,,,,,https://shope.ee/2LYfez12y4,
https://shopeefood.vn/da-nang/bun-bo-be-thui-hong-nga-303-yen-khe-2,,,,,,https://shope.ee/2Vs5rI0Pd7,
https://shopeefood.vn/da-nang/bun-bo-hue-o-hue-bun-ong-ich-khiem,,,,,,https://shope.ee/20vpGN2Je2,
https://shopeefood.vn/da-nang/bun-bo-hue-ba-dieu-nui-thanh,,,,,,https://shope.ee/2BFFSg1gJ5,
https://shopeefood.vn/da-nang/bun-bo-hue-ba-phuong-le-dinh-ly,,,,,,https://shope.ee/8Kpso0eCnI,
https://shopeefood.vn/da-nang/bun-bo-247-yen-khe-2,,,,,,https://shope.ee/8V9J0JdZSL,
https://shopeefood.vn/da-nang/bun-bo-hue-o-gai-an-cuu-16-phan-thanh,,,,,,https://shope.ee/80D2POfTTG,
https://shopeefood.vn/da-nang/quan-hue-bun-bo-bun-mam-bun-thit-nuong-181-le-thanh-nghi,,,,,,https://shope.ee/8AWSbheq8J,
https://shopeefood.vn/da-nang/bun-bo-hue-1999,,,,,,https://shope.ee/905ZbEbfRU,
https://shopeefood.vn/da-nang/bun-bo-hue-bun-reu-co-thao,,,,,,https://shope.ee/9AOznXb26X,
https://shopeefood.vn/da-nang/bun-bo-hue-mu-roi-bun-bo-ton-dan.l41skl,,,,,,https://shope.ee/8fSjCccw7S,
https://shopeefood.vn/da-nang/son-thuy-bun-bo-hue-banh-canh-ca-loc-com-hen,,,,,,https://shope.ee/8pm9OvcImV,
https://shopeefood.vn/da-nang/quan-my-bun-bo-my-ga-que-son,,,,,,https://shope.ee/9fLGOSZ85g,
https://shopeefood.vn/da-nang/bun-bo-hue-o-phu,,,,,,https://shope.ee/9pegalYUkj,
https://shopeefood.vn/da-nang/bun-bo-hue-co-hanh,,,,,,https://shope.ee/9KiPzqaOle,
https://shopeefood.vn/da-nang/bun-bo-co-nga-48-tay-son,,,,,,https://shope.ee/9V1qC9ZlQh,
https://shopeefood.vn/da-nang/bep-na-banh-canh-nha-trang-bun-bo-hue-bun-ca-ngu-le-quy-don,,,,,,https://shope.ee/AKaxBgWajs,
https://shopeefood.vn/da-nang/banh-cuon-bun-dau-mam-tom-minh-ngoc-43-ngu-hanh-son,,,,,,https://shope.ee/AUuNNzVxOv,
https://shopeefood.vn/da-nang/bun-bo-hue-ben-ngu-hoang-dieu,,,,,,https://shope.ee/9zy6n4XrPq,
https://shopeefood.vn/da-nang/quan-ong-thanh-bun-thai-bun-hai-san,,,,,,https://shope.ee/AAHWzNXE4t,
https://shopeefood.vn/da-nang/bun-bo-hue-ngu-binh-bun-bo-hue-131-nui-thanh.a1quan,,,,,,https://shope.ee/5fp7d6oMD2,
https://shopeefood.vn/da-nang/bo-ly-em-am-thuc-bo-viet-308-ngu-hanh-son.bgrtyx,,,,,,https://shope.ee/5q8XpPnis5,
https://shopeefood.vn/da-nang/bun-bo-hanh-170-huynh-ngoc-hue,,,,,,https://shope.ee/5LCHEUpct0,
https://shopeefood.vn/da-nang/bun-bo-suon-bo-thap-cam-40-dong-da,,,,,,https://shope.ee/5VVhQnozY3,
https://shopeefood.vn/da-nang/bun-bo-hue-o-thuong-143-le-do,,,,,,https://shope.ee/6L4oQKlorE,
https://shopeefood.vn/da-nang/bun-bo-hue-bun-rieu-cua-dong-sai-gon-quan-o-le-me-suot,,,,,,https://shope.ee/6VOEcdlBWH,
https://shopeefood.vn/da-nang/bun-bo-hue-na-le-quang-dao,,,,,,https://shope.ee/60Ry1in5XC,
https://shopeefood.vn/da-nang/bun-bo-hue-van-anh-321-le-quang-chi,,,,,,https://shope.ee/6AlOE1mSCF,
https://shopeefood.vn/da-nang/quan-o-thuy-bun-bo-hue-bun-rieu-tom-ca-phe-muoi-122-le-thach,,,,,,https://shope.ee/70KVDYjHVQ,
https://shopeefood.vn/da-nang/quan-61-bun-bo-hue-mi-quang-61-le-van-hien,,,,,,https://shope.ee/7AdvPrieAT,
https://shopeefood.vn/da-nang/quan-ba-cam-banh-canh-ca-loc-bun-bo-hue,,,,,,https://shope.ee/6fheowkYBO,
https://shopeefood.vn/da-nang/bun-bo-suon-bo-thap-cam,,,,,,https://shope.ee/6q151FjuqR,
https://shopeefood.vn/da-nang/chi-le-bun-mam-va-banh-beo,,,,,,https://shope.ee/7faC0mgk9c,
https://shopeefood.vn/da-nang/quan-hue-bun-bo-bun-long-xao-nghe-71-le-huu-trac,,,,,,https://shope.ee/7ptcD5g6of,
https://shopeefood.vn/da-nang/le-xo-bun-bo-hue-nguyen-nhu-dai,,,,,,https://shope.ee/7KxLcAi0pa,
https://shopeefood.vn/da-nang/ba-lien-bun-bo-truong-chinh.kebl5l,,,,,,https://shope.ee/7VGloThNUd,
https://shopeefood.vn/da-nang/bun-rieu-oc-moc-lien-huynh-ngoc-hue,,,,,,https://shope.ee/3B7meVxsHo,
https://shopeefood.vn/da-nang/bun-bo-chieu-k7,,,,,,https://shope.ee/30oMSCyVcn,
https://shopeefood.vn/da-nang/bun-bo-long-tron-pha-lau-co-lien,,,,,,https://shope.ee/2qUwFtz8xm,
https://shopeefood.vn/da-nang/bun-bo-co-lien,,,,,,https://shope.ee/2gBW3azmIl,
https://shopeefood.vn/da-nang/lien-bun-rieu-cua-dong-hue-hung-vuong,,,,,,https://shope.ee/3qNTRjvKw0,
https://shopeefood.vn/da-nang/quan-me-nau-hu-tieu-xa-xiu-hu-tieu-muc-mi-hoanh-thanh-xa-xiu,,,,,,https://shope.ee/3g43FQvyGz,
https://shopeefood.vn/da-nang/quynh-anh-hu-tieu-nam-vang-248-phan-chau-trinh,,,,,,https://shope.ee/3Vkd37wbby,
https://shopeefood.vn/da-nang/hu-tieu-nam-vang-hai-anh-em-137-le-quang-chi,,,,,,https://shope.ee/3LRCqoxEwx,
https://shopeefood.vn/da-nang/hu-tieu-my-loc-ky-2-30-thang-4,,,,,,https://shope.ee/4VdAExsnaC,
https://shopeefood.vn/da-nang/hu-tieu-sai-gon-chau-thi-vinh-te,,,,,,https://shope.ee/4LJk2etQvB,
https://shopeefood.vn/da-nang/hu-tieu-mi-xiu-trung-nu-vuong,,,,,,https://shope.ee/4B0JqLu4GA,
https://shopeefood.vn/da-nang/minh-chau-quan-hu-tieu-bo-ne-op-la-tran-phuoc-thanh,,,,,,https://shope.ee/40gte2uhb9,
https://shopeefood.vn/da-nang/hu-tieu-77-199-chau-thi-vinh-te,,,,,,https://shope.ee/5Asr2BqGEO,
https://shopeefood.vn/da-nang/hu-tieu-bun-rieu-cua-dong-mi-cay-kim-chi-tiem-an-nha-go-99-dinh-chau,,,,,,https://shope.ee/50ZQpsqtZN,
https://shopeefood.vn/da-nang/hu-tieu-phuoc-2-dang-chat.mz273r,,,,,,https://shope.ee/4qG0dZrWuM,
https://shopeefood.vn/da-nang/hu-tieu-hai-san-bo-kho-thanh-mai-67-ly-thai-tong,,,,,,https://shope.ee/4fwaRGsAFL,
https://shopeefood.vn/da-nang/hu-tieu-gia-vy-76-co-so-2,,,,,,https://shope.ee/W71Tc81hY,
https://shopeefood.vn/da-nang/hu-tieu-nam-vang-minh-ky-108-chau-thi-vinh-te,,,,,,https://shope.ee/LnbHJ8f2X,
https://shopeefood.vn/da-nang/tieng-quy-mi-quang-hu-tieu-muc,,,,,,https://shope.ee/BUB509INW,
https://shopeefood.vn/da-nang/hu-tieu-huynh-de-96-chau-thi-vinh-te,,,,,,https://shope.ee/1Aksh9viV,
https://shopeefood.vn/da-nang/thuan-thanh-hu-tieu-muc-le-hong-phong,,,,,,https://shope.ee/1BMiGq5ULk,
https://shopeefood.vn/da-nang/thuan-thanh-mi-xiu-banh-canh-ghe-hu-tieu-tomyum-hoang-dieu,,,,,,https://shope.ee/113I4X67gj,
https://shopeefood.vn/da-nang/thuan-thanh-hu-tieu-muc-bun-ca-tuoi-banh-canh-ghe-ho-nghinh,,,,,,https://shope.ee/qjrsE6l1i,
https://shopeefood.vn/da-nang/hu-tieu-nam-vang-hoanh-thanh-mi-xa-xiu-ho-ky-113-dang-dung,,,,,,https://shope.ee/gQRfv7OMh,
https://shopeefood.vn/da-nang/hu-tieu-banh-canh-mi-xiu-thanh-hien,,,,,,https://shope.ee/1qcP442wzw,
https://shopeefood.vn/da-nang/bao-bao-hu-tieu-bo-vien-le-thanh-nghi,,,,,,https://shope.ee/1gIyrl3aKv,
https://shopeefood.vn/da-nang/quan-co-linh-hu-tieu-nam-vang-mi-xiu,,,,,,https://shope.ee/5fp7d6o9Ne,
https://shopeefood.vn/da-nang/mala-jiangjiang-dau-hu-cay-te-118-dung-sy-thanh-khe,,,,,,https://shope.ee/5q8XpPnW2h,
https://shopeefood.vn/da-nang/hu-tieu-hien-banh-canh-hoanh-thanh-nui,,,,,,https://shope.ee/9zy6n4XeaW,
https://shopeefood.vn/da-nang/hu-tieu-dai-da-thanh-cu-chinh-lan,,,,,,https://shope.ee/AAHWzNX1FZ,
https://shopeefood.vn/da-nang/hu-tieu-11-thanh-khe-6,,,,,,https://shope.ee/AKaxBgWNuc,
https://shopeefood.vn/da-nang/mi-hing-ky-hu-tieu-hoanh-thanh-sui-cao-le-thanh-nghi,,,,,,https://shope.ee/AUuNNzVkZf,
https://shopeefood.vn/da-nang/hu-tieu-kim-anh-ly-dao-thanh,,,,,,https://shope.ee/9KiPzqaBwS,
https://shopeefood.vn/da-nang/van-van-hu-tieu-quang-ngai-nui-hoanh-thanh-04-dinh-gia-trinh,,,,,,https://shope.ee/9V1qC9ZYbV,
https://shopeefood.vn/da-nang/hong-kim-bao-hu-tieu-my-tho-le-thanh-nghi,,,,,,https://shope.ee/9fLGOSYvGY,
https://shopeefood.vn/da-nang/hong-phat-hu-tieu-nam-vang-le-thanh-nghi,,,,,,https://shope.ee/9pegalYHvb,
https://shopeefood.vn/da-nang/hu-tieu-mi-xiu-phuong,,,,,,https://shope.ee/8fSjCccjIO,
https://shopeefood.vn/da-nang/anh-son-hu-tieu-an-vat,,,,,,https://shope.ee/8pm9Ovc5xR,
https://shopeefood.vn/da-nang/quan-mi-xiu-hu-tieu-pho,,,,,,https://shope.ee/905ZbEbScU,
https://shopeefood.vn/da-nang/huong-tra-pho-mien-hu-tieu,,,,,,https://shope.ee/9AOznXapHX,
https://shopeefood.vn/da-nang/phat-loc-ln-com-suon-hu-tieu-muc-met-ga-huyen-bi,,,,,,https://shope.ee/80D2POfGeK,
https://shopeefood.vn/da-nang/chang-com-nha-29-ngu-hanh-son,,,,,,https://shope.ee/8AWSbhedJN,
https://shopeefood.vn/da-nang/hu-tieu-cui-le-van-hien,,,,,,https://shope.ee/8Kpso0dzyQ,
https://shopeefood.vn/da-nang/tiem-hu-tieu-mi-hung-phat-le-van-hien,,,,,,https://shope.ee/8V9J0JdMdT,
https://shopeefood.vn/da-nang/hu-tieu-go-76-104-le-van-huu,,,,,,https://shope.ee/20vpGN26pE,
https://shopeefood.vn/da-nang/hu-tieu-tran-le,,,,,,https://shope.ee/2BFFSg1TUH,
https://shopeefood.vn/da-nang/a-vinh-sai-gon-hu-tieu-mi-71-le-huu-trac,,,,,,https://shope.ee/2LYfez0q9K,
https://shopeefood.vn/da-nang/nga-le-quan-hu-tieu-mi-quang-banh-canh-chay,,,,,,https://shope.ee/2Vs5rI0CoN,
https://shopeefood.vn/da-nang/huyen-le-sai-gon-banh-canh-ghe-hu-tieu-muc,,,,,,https://shope.ee/1Lg8T94eBA,
https://shopeefood.vn/da-nang/quan-309-chao-long-hu-tieu-bun-moc-309-le-van-hien,,,,,,https://shope.ee/1VzYfS40qD,
https://shopeefood.vn/da-nang/chu-tam-hu-tieu-cn2-125-le-van-thu.sqg7rt,,,,,,https://shope.ee/1gIyrl3NVG,
https://shopeefood.vn/da-nang/rua-siam-hu-tieu-thuyen-le-hong-phong,,,,,,https://shope.ee/1qcP442kAJ,
https://shopeefood.vn/da-nang/quan-204-hu-tieu-mi-ly-nhan-tong,,,,,,https://shope.ee/gQRfv7BX6,
https://shopeefood.vn/da-nang/hu-tieu-a-duong-ngo-si-lien,,,,,,https://shope.ee/qjrsE6YC9,
https://shopeefood.vn/da-nang/quan-293-mi-quang-bun-bo-bun-mam,,,,,,https://shope.ee/113I4X5urC,
https://shopeefood.vn/da-nang/my-quang-ba-chau-337-le-van-hien,,,,,,https://shope.ee/1BMiGq5HWF,
https://shopeefood.vn/da-nang/mi-quang-ba-mua-vo-van-kiet,,,,,,https://shope.ee/1Aksh9it2,
https://shopeefood.vn/da-nang/my-quang-que-xua-hai-phong,,,,,,https://shope.ee/BUB5095Y5,
https://shopeefood.vn/da-nang/my-quang-hai-anh-em-my-quang-167-nguyen-phuoc-lan.hv3guc,,,,,,https://shope.ee/LnbHJ8SD8,
https://shopeefood.vn/da-nang/my-quang-ga-132-dien-bien-phu-my-ga-k130-2-dien-bien-phu.vdprds,,,,,,https://shope.ee/W71Tc7osB,
https://shopeefood.vn/da-nang/my-quang-my-hanh-31-nai-tu-2,,,,,,https://shope.ee/4fwaRGrxQ0,
https://shopeefood.vn/da-nang/my-quang-my-ny-banh-mi-banh-trang-thit-heo,,,,,,https://shope.ee/4qG0dZrK53,
https://shopeefood.vn/da-nang/dai-loc-2-banh-trang-thit-heo-mi-quang-huynh-thuc-khang,,,,,,https://shope.ee/50ZQpsqgk6,
https://shopeefood.vn/da-nang/my-quang-co-hai-khu-do-thi-fpt,,,,,,https://shope.ee/5Asr2Bq3P9,
https://shopeefood.vn/da-nang/194-tran-bach-dang-com-pho-my-quang-hai-san-194-tran-bach-dang.wsjorn,,,,,,https://shope.ee/40gte2uUlw,
https://shopeefood.vn/da-nang/ba-an-my-quang-dam-thanh-2.t0lome,,,,,,https://shope.ee/4B0JqLtrQz,
https://shopeefood.vn/da-nang/tiem-my-quang-ong-chau-71-dang-dung,,,,,,https://shope.ee/4LJk2etE62,
https://shopeefood.vn/da-nang/mi-quang-huong,,,,,,https://shope.ee/4VdAExsal5,
https://shopeefood.vn/da-nang/bao-phuc-bun-bo-mi-quang,,,,,,https://shope.ee/3LRCqox27s,
https://shopeefood.vn/da-nang/mi-quang-2-chi-em-chung-cu-12t1-tran-thanh-tong,,,,,,https://shope.ee/3Vkd37wOmv,
https://shopeefood.vn/da-nang/my-quang-goc-phu-chiem-my-quang-2-nguyen-thi-dinh.quf2wn,,,,,,https://shope.ee/3g43FQvlRy,
https://shopeefood.vn/da-nang/my-quang-que-xua-nui-thanh,,,,,,https://shope.ee/3qNTRjv871,
https://shopeefood.vn/da-nang/dac-san-mi-quang-co-sau-104-ba-huyen-thanh-quan,,,,,,https://shope.ee/2gBW3azZTo,
https://shopeefood.vn/da-nang/my-quang-net-quang-tran-phuoc-thanh,,,,,,https://shope.ee/2qUwFtyw8r,
https://shopeefood.vn/da-nang/thanh-phuong-mi-quang-bun-bo-97-ha-ki-ngo,,,,,,https://shope.ee/30oMSCyInu,
https://shopeefood.vn/da-nang/co-de-my-quang-bun-bo-da-thanh-cach-mang-thang-tam.z9tqqn,,,,,,https://shope.ee/3B7meVxfSx,
https://shopeefood.vn/da-nang/mi-quang-phu-chiem-phan-thanh,,,,,,https://shope.ee/7VGloThAfo,
https://shopeefood.vn/da-nang/my-quang-hoa-101-thanh-nghi,,,,,,https://shope.ee/7KxLcAho0n,
https://shopeefood.vn/da-nang/trung-dac-san-xu-quang-mi-quang-bun-mam-dung-si-thanh-khe,,,,,,https://shope.ee/7ptcD5ftzu,
https://shopeefood.vn/da-nang/mi-quang-hoa-xuan-by-le-huynh-dai-loc-53-tran-van-tra,,,,,,https://shope.ee/7faC0mgXKt,
https://shopeefood.vn/da-nang/my-quang-que-son-bui-hien,,,,,,https://shope.ee/6q151Fji1k,
https://shopeefood.vn/da-nang/mi-quang-anh-que-son-63-tan-an-3,,,,,,https://shope.ee/6fheowkLMj,
https://shopeefood.vn/da-nang/my-quang-que-son-ba-hoa-mi-quang-ga-my-quang-ca-loc-127-pham-nhu-xuong.ygxftu,,,,,,https://shope.ee/7AdvPriRLq,
https://shopeefood.vn/da-nang/my-quang-ba-y-my-son-252-van-tien-dung,,,,,,https://shope.ee/70KVDYj4gp,
https://shopeefood.vn/da-nang/dong-son-27-mi-quang-tran-bach-dang,,,,,,https://shope.ee/6AlOE1mFNg,
https://shopeefood.vn/da-nang/mi-quang-my-son-tran-anh-tong,,,,,,https://shope.ee/60Ry1imsif,
https://shopeefood.vn/da-nang/quan-diem-hen-bun-rieu-cua-my-quang-com-binh-dan-113-duong-hai-son,,,,,,https://shope.ee/6VOEcdkyhm,
https://shopeefood.vn/da-nang/bep-me-pon-mi-quang-tra-sua,,,,,,https://shope.ee/6L4oQKlc2l,
https://shopeefood.vn/da-nang/my-quang-my-son-dong-da.myzmar,,,,,,https://shope.ee/5VVhQnomjc,
https://shopeefood.vn/da-nang/my-quang-ba-hien-my-son-luong-truc-dam,,,,,,https://shope.ee/5LCHEUpQ4b,
https://shopeefood.vn/da-nang/mi-quang-phu-chiem-hanh-271-nguyen-tri-phuong,,,,,,https://shope.ee/5q8XpPnW3i,
https://shopeefood.vn/da-nang/di-le-duong-ray-mi-quang-bun-mam-bun-thit-nuong,,,,,,https://shope.ee/5fp7d6o9Oh,
https://shopeefood.vn/da-nang/my-quang-ba-muoi-le-van-hien,,,,,,https://shope.ee/AAHWzNX1Ga,
https://shopeefood.vn/da-nang/my-quang-net-quang-le-quang-chi,,,,,,https://shope.ee/9zy6n4XebZ,
https://shopeefood.vn/da-nang/quan-an-co-vy-my-xiu-cao-lau-le-quang-chi,,,,,,https://shope.ee/AUuNNzVkag,
https://shopeefood.vn/da-nang/my-quang-huong-que-my-quang-ga-my-quang-ca-le-quang-chi,,,,,,https://shope.ee/AKaxBgWNvf,
https://shopeefood.vn/da-nang/khanh-tien-my-quang-cao-lau-chu-cam-phong.n5aomv,,,,,,https://shope.ee/9V1qC9ZYcW,
https://shopeefood.vn/da-nang/mi-quang-ba-vi-le-dinh-duong,,,,,,https://shope.ee/9KiPzqaBxV,
https://shopeefood.vn/da-nang/ba-cam-my-quang-ca-chinh-pham-cu-luong,,,,,,https://shope.ee/9pegalYHwc,
https://shopeefood.vn/da-nang/my-quang-phu-chiem-32a-le-huu-trac,,,,,,https://shope.ee/9fLGOSYvHb,
https://shopeefood.vn/da-nang/cam-nhung-mi-quang-chao-long,,,,,,https://shope.ee/8pm9Ovc5yS,
https://shopeefood.vn/da-nang/quan-an-25k-bun-bo-bun-mam-my-quang-le-sat,,,,,,https://shope.ee/8fSjCccjJR,
https://shopeefood.vn/da-nang/mi-quang-be-lien,,,,,,https://shope.ee/9AOznXapIY,
https://shopeefood.vn/da-nang/quan-lien-my-quang-phu-chiem,,,,,,https://shope.ee/905ZbEbSdX,
https://shopeefood.vn/da-nang/quan-o-lien-bun-rieu-cua-dong-sup-cua-my-quang,,,,,,https://shope.ee/8AWSbhedKO,
https://shopeefood.vn/da-nang/my-quang-be-lien-pham-cu-luong,,,,,,https://shope.ee/80D2POfGfN,
https://shopeefood.vn/da-nang/my-quang-chao-long-dai-loc-01-duong-bich-lien,,,,,,https://shope.ee/8V9J0JdMeU,
https://shopeefood.vn/da-nang/mi-quang-ga-lien-cho-hoa-tho-tay,,,,,,https://shope.ee/8Kpso0dzzT,
https://shopeefood.vn/da-nang/quan-lien-mi-quang-sua,,,,,,https://shope.ee/2BFFSg1TVI,
https://shopeefood.vn/da-nang/my-quang-bun-mam-co-lien,,,,,,https://shope.ee/20vpGN26qH,
https://shopeefood.vn/da-nang/mi-quang-331,,,,,,https://shope.ee/2Vs5rI0CpO,
https://shopeefood.vn/da-nang/co-lien-com-mi-quang-ca-phe-muoi,,,,,,https://shope.ee/2LYfez0qAN,
https://shopeefood.vn/da-nang/mi-quang-thu-dong-bai-2,,,,,,https://shope.ee/1VzYfS40rE,
https://shopeefood.vn/da-nang/ba-chi-bun-bo-my-quang-135-ho-tung-mau,,,,,,https://shope.ee/1Lg8T94eCD,
https://shopeefood.vn/da-nang/co-nhi-banh-hoi-bun-thit-nuong-xoi-thit-nuong,,,,,,https://shope.ee/1qcP442kBK,
https://shopeefood.vn/da-nang/co-hai-com-bun-thit-nuong-xoi-thit,,,,,,https://shope.ee/1gIyrl3NWJ,
https://shopeefood.vn/da-nang/chi-hai-bun-thit-nuong-bun-mam-banh-xeo,,,,,,https://shope.ee/qjrsE6YDA,
https://shopeefood.vn/da-nang/tiem-an-1998-banh-hoi-thit-nuong-ram-bap-bun-thit-nuong,,,,,,https://shope.ee/gQRfv7BY9,
https://shopeefood.vn/da-nang/bun-thit-nuong-bun-mam-banh-cuon-thanh-van,,,,,,https://shope.ee/1BMiGq5HXG,
https://shopeefood.vn/da-nang/quan-khoai-banh-beo-banh-cuon-sua-73-nam-cao.pae2nv,,,,,,https://shope.ee/113I4X5usF,
https://shopeefood.vn/da-nang/bun-thit-nuong-an-vat-bep-di-oanh-co-so-2,,,,,,https://shope.ee/BUB5095Z6,
https://shopeefood.vn/da-nang/hong-nguyet-2-bun-thit-nuong-duong-2-9,,,,,,https://shope.ee/1Aksh9iu5,
https://shopeefood.vn/da-nang/quan-xuan-bun-thit-nuong-hai-phong-chinh-hieu-tu-1984,,,,,,https://shope.ee/W71Tc7otC,
https://shopeefood.vn/da-nang/bun-thit-nuong-co-tam-129-hai-phong,,,,,,https://shope.ee/LnbHJ8SEB,
https://shopeefood.vn/da-nang/minh-dung-bun-thit-nuong-phan-chau-trinh.3rvkte,,,,,,https://shope.ee/4qG0dZrK64,
https://shopeefood.vn/da-nang/phuong-bakery-banh-my-thit-nuong-nuoc-giai-khat-169-hai-phong,,,,,,https://shope.ee/4fwaRGrxR3,
https://shopeefood.vn/da-nang/bun-thit-nuong-co-tam-cs1-135-hai-phong,,,,,,https://shope.ee/5fp7d6pJpz,
https://shopeefood.vn/da-nang/quan-xuan-com-suon-bun-thit-nuong-hai-phong,,,,,,https://shope.ee/6AlOE1nPp6,
https://shopeefood.vn/da-nang/thit-nuong-lu-a-phan-hai-phong,,,,,,https://shope.ee/60Ry1io3A5,
https://shopeefood.vn/da-nang/be-ut-nem-lui-bun-thit-nuong-90-an-hai-dong-1,,,,,,https://shope.ee/6VOEcdm99C,
https://shopeefood.vn/da-nang/dac-san-bo-lui-be-na-bun-thit-nuong,,,,,,https://shope.ee/6L4oQKmmUB,
https://shopeefood.vn/da-nang/thanh-nga-bun-thit-nuong-cho-dong-da,,,,,,https://shope.ee/9V1qC9aj3o,
https://shopeefood.vn/da-nang/quan-thanh-dung-bun-thit-nuong-bun-mam-banh-can,,,,,,https://shope.ee/9KiPzqbMOn,
https://shopeefood.vn/da-nang/bau-xi-dun-thanh-thi-bun-xi-dau-bun-tron-thit-vien,,,,,,https://shope.ee/9pegalZSNu,
https://shopeefood.vn/da-nang/bun-thit-nuong-banh-hoi-banh-cuon-thanh-van-1,,,,,,https://shope.ee/9fLGOSa5it,
https://shopeefood.vn/da-nang/bun-thit-nuong-nem-lui-bo-la-lot-co-thanh,,,,,,https://shope.ee/AAHWzNYBi0,
https://shopeefood.vn/da-nang/be-tien-banh-cuon-tay-son-bun-thit-nuong-bun-xi-dau,,,,,,https://shope.ee/9zy6n4Yp2z,
https://shopeefood.vn/da-nang/bun-thit-nuong-banh-cuon-tay-son-vo-nhu-hung,,,,,,https://shope.ee/AUuNNzWv26,
https://shopeefood.vn/da-nang/quan-ty-diem-banh-cuon-tay-son-bun-thit-nuong-nem-lui,,,,,,https://shope.ee/AKaxBgXYN5,
https://shopeefood.vn/da-nang/dac-san-binh-dinh-banh-cuon-tay-son-bun-thit-nuong-tran-cao-van,,,,,,https://shope.ee/8AWSbhfnlg,
https://shopeefood.vn/da-nang/co-huong-bun-thit-nuong-14-nam-son-5.exf8vj,,,,,,https://shope.ee/80D2POgR6f,
https://shopeefood.vn/da-nang/hai-san-bien-rang-son-tra-banh-trang-thit-heo-hoang-sa,,,,,,https://shope.ee/8V9J0JeX5m,
https://shopeefood.vn/da-nang/bun-thit-nuong-banh-mi-nuoc-ep-ut-hanh,,,,,,https://shope.ee/8Kpso0fAQl,
https://shopeefood.vn/da-nang/ga-heo-tu-tuyet-ga-nuong-ngu-hanh-son,,,,,,https://shope.ee/8pm9OvdGPs,
https://shopeefood.vn/da-nang/ga-nuong-lu-dat-3-ngon-ga-nuong-ngu-hanh-son,,,,,,https://shope.ee/8fSjCcdtkr,
https://shopeefood.vn/da-nang/dac-san-quang-tri-banh-uot-bun-mam-bun-thit-nuong-263-le-quang-chi,,,,,,https://shope.ee/9AOznXbzjy,
https://shopeefood.vn/da-nang/loan-bun-thit-nuong-bun-mam-le-duan,,,,,,https://shope.ee/905ZbEcd4x,
https://shopeefood.vn/da-nang/bun-thit-nuong-47-bun-104-le-van-huu,,,,,,https://shope.ee/1VzYfS5BIW,
https://shopeefood.vn/da-nang/cam-van-bun-thit-nuong-nuoc-ep-phan-khoang,,,,,,https://shope.ee/1Lg8T95odV,
https://shopeefood.vn/da-nang/quan-26-nem-lui-bun-thit-nuong,,,,,,https://shope.ee/1qcP443ucc,
https://shopeefood.vn/da-nang/bich-lien-banh-hoi-bun-thit-nguyen-trung-truc.vjmxsj,,,,,,https://shope.ee/1gIyrl4Xxb,
https://shopeefood.vn/da-nang/bun-thit-nuong-nem-lui-van,,,,,,https://shope.ee/2BFFSg2dwi,
https://shopeefood.vn/da-nang/bun-thit-nuong-co-lien,,,,,,https://shope.ee/20vpGN3HHh,
https://shopeefood.vn/da-nang/khang-banh-cuon-tay-son,,,,,,https://shope.ee/2Vs5rI1NGo,
https://shopeefood.vn/da-nang/sup-cua-banh-cuon-xoi-ga-nguyet-pham-cu-luong.euekx2,,,,,,https://shope.ee/2LYfez20bn,
https://shopeefood.vn/da-nang/quan-co-dieu-banh-can-banh-cuon-banh-hoi,,,,,,https://shope.ee/BUB50AG0O,
https://shopeefood.vn/da-nang/co-phuong-banh-cuon-nong-gia-truyen-ha-noi-chau-thi-vinh-te,,,,,,https://shope.ee/1AkshAtLN,
https://shopeefood.vn/da-nang/ram-cuon-cai-banh-xeo-quang-ngai-duong-2-9,,,,,,https://shope.ee/W71Tc8zKU,
https://shopeefood.vn/da-nang/banh-cuon-tay-son-goc-97-cs-2,,,,,,https://shope.ee/LnbHJ9cfT,
https://shopeefood.vn/da-nang/bep-nghi-nghi-banh-can-goi-cuon-ram-cuon-cai-chau-thuong-van,,,,,,https://shope.ee/qjrsE7iea,
https://shopeefood.vn/da-nang/banh-cuon-tien-hung-co-so-2,,,,,,https://shope.ee/gQRfv8LzZ,
https://shopeefood.vn/da-nang/banh-cuon-hong-kong-37-5-hai-ho,,,,,,https://shope.ee/1BMiGq6Ryg,
https://shopeefood.vn/da-nang/banh-cuon-tien-hai-gia-truyen-an-hai-8,,,,,,https://shope.ee/113I4X75Jf,
https://shopeefood.vn/da-nang/banh-cuon-tay-son-08-chau-thi-vinh-te,,,,,,https://shope.ee/4B0JqLv1tI,
https://shopeefood.vn/da-nang/quan-mau-2-banh-trang-cuon-thit-heo-do-thuc-tinh,,,,,,https://shope.ee/40gte2vfEH,
https://shopeefood.vn/da-nang/goi-cuon-tom-thit-banh-canh-ghe-quan-nhat-duong-2-9,,,,,,https://shope.ee/4VdAExtlDO,
https://shopeefood.vn/da-nang/minh-chau-quan-banh-cuon-nong,,,,,,https://shope.ee/4LJk2euOYN,
https://shopeefood.vn/da-nang/quan-ba-hai-bun-mam-banh-cuon-bui-hien,,,,,,https://shope.ee/4qG0dZsUXU,
https://shopeefood.vn/da-nang/banh-cuon-nong-203-chau-thi-vinh-te,,,,,,https://shope.ee/4fwaRGt7sT,
https://shopeefood.vn/da-nang/tau-hu-tra-sua-an-vat-ngon,,,,,,https://shope.ee/5Asr2BrDra,
https://shopeefood.vn/da-nang/banh-cuon-cao-bang-214-le-thanh-nghi,,,,,,https://shope.ee/50ZQpsrrCZ,
https://shopeefood.vn/da-nang/bun-long-xao-nghe-banh-cuon-banh-beo-20-thanh-huy-3,,,,,,https://shope.ee/2qUwFu06bA,
https://shopeefood.vn/da-nang/banh-cuon-nong-thuan-95-nguyen-chi-thanh,,,,,,https://shope.ee/2gBW3b0jw9,
https://shopeefood.vn/da-nang/banh-cuon-nong-chi-thanh-dong-ke,,,,,,https://shope.ee/3B7meVypvG,
https://shopeefood.vn/da-nang/banh-cuon-thanh-tri,,,,,,https://shope.ee/30oMSCzTGF,
https://shopeefood.vn/da-nang/quan-dieu-banh-cuon-nong-xoi-hoai-thanh,,,,,,https://shope.ee/3Vkd37xZFM,
https://shopeefood.vn/da-nang/jummy-trinh-banh-trang-tay-ninh-11-dung-si-thanh-khe,,,,,,https://shope.ee/3LRCqoyCaL,
https://shopeefood.vn/da-nang/quan-thanh-hang-bun-cha-ha-noi-banh-cuon-nong-khuc-hao,,,,,,https://shope.ee/3qNTRjwIZS,
https://shopeefood.vn/da-nang/banh-cuon-binh-dinh-389-nui-thanh,,,,,,https://shope.ee/3g43FQwvuR,
https://shopeefood.vn/da-nang/anh-nguyen-bakery-banh-mi-dung-si-thanh-khe.qag6ko,,,,,,https://shope.ee/6fheowlVp2,
https://shopeefood.vn/da-nang/thanh-yen-foods-ram-cuon-cai-banh-trang-cuon-thit-heo-k69-49-trieu-quoc-dat,,,,,,https://shope.ee/6q151FksU5,
https://shopeefood.vn/da-nang/banh-trang-cuon-tay-son-binh-dinh-68-do-doc-tuyet,,,,,,https://shope.ee/70KVDYkF98,
https://shopeefood.vn/da-nang/ghe-nau-banh-cuon-tay-son,,,,,,https://shope.ee/7AdvPrjboB,
https://shopeefood.vn/da-nang/banh-cuon-tay-son-goc-97,,,,,,https://shope.ee/7KxLcAiyTE,
https://shopeefood.vn/da-nang/nau-2k1-banh-cuon-tay-son,,,,,,https://shope.ee/7VGloTiL8H,
https://shopeefood.vn/da-nang/banh-cuon-bun-kho-tay-son-318-kinh-duong-vuong,,,,,,https://shope.ee/7faC0mhhnK,
https://shopeefood.vn/da-nang/nau-cuon-banh-cuon-tay-son-binh-dinh,,,,,,https://shope.ee/7ptcD5h4SN,
https://shopeefood.vn/da-nang/nau-oi-banh-cuon-binh-dinh-tay-son-77,,,,,,https://shope.ee/5LCHEUqaWu,
https://shopeefood.vn/da-nang/banh-trang-cuon-tay-son,,,,,,https://shope.ee/5VVhQnpxBx,
https://shopeefood.vn/da-nang/tho-truong-banh-cuon-thit-nuong-le-tan-trung,,,,,,https://shope.ee/5fp7d6pJr0,
https://shopeefood.vn/da-nang/banh-cuon-nong-trung-gio-cao-bang-167-le-quang-chi,,,,,,https://shope.ee/5q8XpPogW3,
https://shopeefood.vn/da-nang/co-phuong-banh-cuon-nong-gia-truyen-ha-noi-171-le-tan-trung,,,,,,https://shope.ee/60Ry1io3B6,
https://shopeefood.vn/da-nang/kim-loc-banh-cuon-nong-xoi-nuoc-ep-nguyen-chat-126-le-dai-hanh,,,,,,https://shope.ee/6AlOE1nPq9,
https://shopeefood.vn/da-nang/banh-cuon-nong-24-le-do,,,,,,https://shope.ee/6L4oQKmmVC,
https://shopeefood.vn/da-nang/banh-cuon-nong-doi-dien-580-le-van-hien,,,,,,https://shope.ee/6VOEcdm9AF,
https://shopeefood.vn/da-nang/banh-cuon-quynh-lan-le-van-thu,,,,,,https://shope.ee/9KiPzqbMPo,
https://shopeefood.vn/da-nang/me-bim-goi-cuon-an-vat-banh-trang-le-dinh-ly,,,,,,https://shope.ee/9V1qC9aj4r,
https://shopeefood.vn/da-nang/banh-cuon-lien-107-dong-da,,,,,,https://shope.ee/9fLGOSa5ju,
https://shopeefood.vn/da-nang/banh-cuon-nong-banh-beo-ngo-si-lien,,,,,,https://shope.ee/9pegalZSOx,
https://shopeefood.vn/da-nang/bep-co-lien-sup-ngu-vi-banh-cuon-thit-nuong,,,,,,https://shope.ee/9zy6n4Yp40,
https://shopeefood.vn/da-nang/bun-dau-mam-tom-mi-tron-an-vat-lan-anh-quan,,,,,,https://shope.ee/AAHWzNYBj3,
https://shopeefood.vn/da-nang/bep-nha-linh-banh-cuon-bun-cha-bun-dau-mam-tom,,,,,,https://shope.ee/AKaxBgXYO6,
https://shopeefood.vn/da-nang/bep-me-cun-bun-dau-mam-tom-bun-long-xao-nghe-an-vat,,,,,,https://shope.ee/AUuNNzWv39,
https://shopeefood.vn/da-nang/bun-dau-mam-tom-gia-di-2-thang-9,,,,,,https://shope.ee/80D2POgR7g,
https://shopeefood.vn/da-nang/bun-dau-mam-tom-pho-co-131-phan-chau-trinh,,,,,,https://shope.ee/8AWSbhfnmj,
https://shopeefood.vn/da-nang/bun-dau-mam-tom-677-bun-dau-ton-dan.cxfaaf,,,,,,https://shope.ee/8Kpso0fARm,
https://shopeefood.vn/da-nang/bun-dau-mam-tom-bep-tien-5-598-hoang-dieu,,,,,,https://shope.ee/8V9J0JeX6p,
https://shopeefood.vn/da-nang/quan-xua-bun-dau-mam-tom-87-tan-da,,,,,,https://shope.ee/8fSjCcdtls,
https://shopeefood.vn/da-nang/am-thuc-ganh-bun-dau-mam-tom-phan-dang-luu,,,,,,https://shope.ee/8pm9OvdGQv,
https://shopeefood.vn/da-nang/bun-dau-mam-tom-thanh-nhan-ly-tu-trong,,,,,,https://shope.ee/905ZbEcd5y,
https://shopeefood.vn/da-nang/dau-viet-bun-dau-mam-tom,,,,,,https://shope.ee/9AOznXbzl1,
https://shopeefood.vn/da-nang/bun-dau-mam-tom-bep-tien-4-95-nam-cao,,,,,,https://shope.ee/1Lg8T95oeW,
https://shopeefood.vn/da-nang/quat-mo-bun-dau-mam-tom,,,,,,https://shope.ee/1VzYfS5BJZ,
https://shopeefood.vn/da-nang/bun-dau-mam-tom-thang-long-bun-dau-trinh-cong-son.wpzyl2,,,,,,https://shope.ee/1gIyrl4Xyc,
https://shopeefood.vn/da-nang/bun-dau-mam-tom-29-an-vat-93-tran-le,,,,,,https://shope.ee/1qcP443udf,
https://shopeefood.vn/da-nang/quan-xua-bun-dau-mam-tom-326-dong-da,,,,,,https://shope.ee/20vpGN3HIi,
https://shopeefood.vn/da-nang/bun-dau-mam-tom-bep-tien-6-van-tien-dung,,,,,,https://shope.ee/2BFFSg2dxl,
https://shopeefood.vn/da-nang/bun-dau-mam-tom-nia-1996,,,,,,https://shope.ee/2LYfez20co,
https://shopeefood.vn/da-nang/bun-dau-mam-tom-a-giao,,,,,,https://shope.ee/2Vs5rI1NHr,
https://shopeefood.vn/da-nang/com-ga-ngan-310-dong-da,,,,,,https://shope.ee/1AkshAtMO,
https://shopeefood.vn/da-nang/com-nha-kieu-thi,,,,,,https://shope.ee/BUB50AG1R,
https://shopeefood.vn/da-nang/lau-bo-na-no-lau-bo-71-lac-long-quan,,,,,,https://shope.ee/LnbHJ9cgU,
https://shopeefood.vn/da-nang/luc-lac-coffee-an-vat-k21-29-duong-2-thang-9,,,,,,https://shope.ee/W71Tc8zLX,
https://shopeefood.vn/da-nang/quan-bun-ba-luc-bun-bo-mi-quang-goi-vit,,,,,,https://shope.ee/gQRfv8M0a,
https://shopeefood.vn/da-nang/dong-nhan-goi-thai-hai-san-tomyum-hai-san-bo-luc-lac-khoai-tay,,,,,,https://shope.ee/qjrsE7ifd,
https://shopeefood.vn/da-nang/banh-xeo-be-no-dai-loc-banh-xeo-lon-banh-trang-thit-heo-ca-nuc-hap,,,,,,https://shope.ee/113I4X75Kg,
https://shopeefood.vn/da-nang/quan-co-hong-dac-san-da-nang-le-hong-phong,,,,,,https://shope.ee/gQRfv7jce,
https://shopeefood.vn/da-nang/bun-bo-banh-xeo-thanh-hai,,,,,,https://shope.ee/qjrsE76Hh,
https://shopeefood.vn/da-nang/banh-xeo-minh-luan-chau-thi-vinh-te,,,,,,https://shope.ee/113I4X6Swk,
https://shopeefood.vn/da-nang/chi-hai-bun-thit-nuong-banh-xeo-nem-lui-16-phan-tu,,,,,,https://shope.ee/1BMiGq5pbn,
https://shopeefood.vn/da-nang/quan-thuy-bun-mam-banh-xeo-binh-thai-2,,,,,,https://shope.ee/1AkshAGya,
https://shopeefood.vn/da-nang/banh-xeo-2-chi-em-nguyen-thi-dinh,,,,,,https://shope.ee/BUB509ddd,
https://shopeefood.vn/da-nang/banh-xeo-nem-lui-428-2-ton-dan,,,,,,https://shope.ee/LnbHJ90Ig,
https://shopeefood.vn/da-nang/banh-xeo-da-thanh-91-cach-mang-thang-tam,,,,,,https://shope.ee/W71Tc8Mxj,
https://shopeefood.vn/da-nang/quan-thuy-dao-duy-tu,,,,,,https://shope.ee/4fwaRGsVVY,
https://shopeefood.vn/da-nang/banh-xeo-quang-ngai-ut-lien-63-le-thanh-nghi,,,,,,https://shope.ee/4qG0dZrsAb,
https://shopeefood.vn/da-nang/tiem-banh-minh-quang-dung-si-thanh-khe,,,,,,https://shope.ee/50ZQpsrEpe,
https://shopeefood.vn/da-nang/banh-canh-giang-dung-si-thanh-khe,,,,,,https://shope.ee/5Asr2BqbUh,
https://shopeefood.vn/da-nang/tiem-banh-xeo-206-nui-thanh,,,,,,https://shope.ee/40gte2v2rU,
https://shopeefood.vn/da-nang/co-tien-banh-xeo-nem-lui,,,,,,https://shope.ee/4B0JqLuPWX,
https://shopeefood.vn/da-nang/tiem-tra-an-vat-ca-rot-an-vat-ram-cuon-banh-xeo-nem-lui-dinh-liet,,,,,,https://shope.ee/4LJk2etmBa,
https://shopeefood.vn/da-nang/banh-xeo-quang-ngai-150-le-tan-trung,,,,,,https://shope.ee/4VdAExt8qd,
https://shopeefood.vn/da-nang/banh-xeo-cho-69-le-huu-trac,,,,,,https://shope.ee/3LRCqoxaDQ,
https://shopeefood.vn/da-nang/banh-xeo-trang-le-dinh-ly,,,,,,https://shope.ee/3Vkd37wwsT,
https://shopeefood.vn/da-nang/quan-truong-chay-03-nguyen-chanh,,,,,,https://shope.ee/3g43FQwJXW,
https://shopeefood.vn/da-nang/quan-ny-banh-xeo-nem-lui,,,,,,https://shope.ee/3qNTRjvgCZ,
https://shopeefood.vn/da-nang/tam-anh-banh-da-cua-bun-rieu-cua-ton-dan,,,,,,https://shope.ee/2gBW3b07ZM,
https://shopeefood.vn/da-nang/goc-pho-ha-thanh-banh-da-cua-bun-ca-cay-bun-rieu-cua-21-nguyen-huu-tho,,,,,,https://shope.ee/2qUwFtzUEP,
https://shopeefood.vn/da-nang/bun-ca-cay-banh-da-cua-bun-hai-190-192-ly-thai-tong,,,,,,https://shope.ee/30oMSCyqtS,
https://shopeefood.vn/da-nang/dac-san-hai-phong-banh-da-bun-rieu-cua,,,,,,https://shope.ee/3B7meVyDYV,
https://shopeefood.vn/da-nang/quan-hai-huyen-lau-cua-banh-da-60-thanh-son,,,,,,https://shope.ee/7KxLcAiM6K,
https://shopeefood.vn/da-nang/quan-hai-chi-em-banh-canh-cha-cua-da-nang,,,,,,https://shope.ee/7VGloThilN,
https://shopeefood.vn/da-nang/thu-yen-banh-da-mien-cua-dong,,,,,,https://shope.ee/7faC0mh5QQ,
https://shopeefood.vn/da-nang/banh-canh-cua-gio-xuong-cha-358-phan-chau-trinh,,,,,,https://shope.ee/7ptcD5gS5T,
https://shopeefood.vn/da-nang/banh-trang-kep-di-ngoc-da-son,,,,,,https://shope.ee/6fheowktSG,
https://shopeefood.vn/da-nang/bep-banh-ta-lien-do-banh-bo-banh-da-lon-banh-chuoi-cot-dua,,,,,,https://shope.ee/6q151FkG7J,
https://shopeefood.vn/da-nang/bo-ne-mi-xao-nui-xao-110-doan-khue,,,,,,https://shope.ee/70KVDYjcmM,
https://shopeefood.vn/da-nang/xe-my-cay-lau-dung-si-thanh-khe,,,,,,https://shope.ee/7AdvPrizRP,
https://shopeefood.vn/da-nang/ho-s-mi-quang-an-vat-dung-si-thanh-khe,,,,,,https://shope.ee/60Ry1inQoC,
https://shopeefood.vn/da-nang/nha-bep-chao-hau-mi-quang-ngu-hanh-son,,,,,,https://shope.ee/6AlOE1mnTF,
https://shopeefood.vn/da-nang/song-han-quan-bun-ca-cham-bun-rieu-bun-cha-ha-noi,,,,,,https://shope.ee/6L4oQKmA8I,
https://shopeefood.vn/da-nang/bun-ca-cay-hai-phong-hien-beo-115-mai-thuc-lan,,,,,,https://shope.ee/6VOEcdlWnL,
https://shopeefood.vn/da-nang/bun-ca-chau-doc-ly-thuong-kiet,,,,,,https://shope.ee/5LCHEUpyA8,
https://shopeefood.vn/da-nang/bun-ca-cay-hai-phong-ngoc-vy-nguyen-phuoc-lan,,,,,,https://shope.ee/5VVhQnpKpB,
https://shopeefood.vn/da-nang/bun-ca-cay-hai-phong-kinh-duong-vuong,,,,,,https://shope.ee/5fp7d6ohUE,
https://shopeefood.vn/da-nang/bun-ca-ro-34-dac-san-hai-duong,,,,,,https://shope.ee/5q8XpPo49H,
https://shopeefood.vn/da-nang/bun-ca-tuoi-mien-trung-chau-thi-vinh-te,,,,,,https://shope.ee/9zy6n4YCh6,
https://shopeefood.vn/da-nang/ha-to-bun-ca-cay-hai-phong,,,,,,https://shope.ee/AAHWzNXZM9,
https://shopeefood.vn/da-nang/bun-ca-cay-hai-phong-ngoc-vy,,,,,,https://shope.ee/AKaxBgWw1C,
https://shopeefood.vn/da-nang/bun-ca-cay-hai-phong-thuy-linh,,,,,,https://shope.ee/AUuNNzWIgF,
https://shopeefood.vn/da-nang/chu-veo-bun-ca-tuoi-tra-sua-up-nguoc,,,,,,https://shope.ee/9KiPzqak32,
https://shopeefood.vn/da-nang/cua-ngon-ca-mau-cua-sot-cac-loai-phan-hanh-son,,,,,,https://shope.ee/9V1qC9a6i5,
https://shopeefood.vn/da-nang/cay-me-pon-theo-heo-ca-nuc-cuon-banh-trang-bun-ca-ngu-ot-cay,,,,,,https://shope.ee/9fLGOSZTN8,
https://shopeefood.vn/da-nang/bun-ca-cay-banh-da-cua-hai-phong-tu-duy-165-le-loi,,,,,,https://shope.ee/9pegalYq2B,
https://shopeefood.vn/da-nang/nha-xin-ca-vien-chien-mi-tron-bun-xi-dau-le-do,,,,,,https://shope.ee/8fSjCcdHOy,
https://shopeefood.vn/da-nang/bun-ca-cham-gion-ngoc-lan,,,,,,https://shope.ee/8pm9Ovce41,
https://shopeefood.vn/da-nang/banh-canh-ba-doi-bun-mam-sup-cua-goi-cuon,,,,,,https://shope.ee/905ZbEc0j4,
https://shopeefood.vn/da-nang/goi-cuon-me-su-2-le-thi-xuyen,,,,,,https://shope.ee/9AOznXbNO7,
https://shopeefood.vn/da-nang/an-vat-quan-vo-chi-cong,,,,,,https://shope.ee/80D2POfoku,
https://shopeefood.vn/da-nang/vot-cafe-cafe-kem-trung-cafe-vot,,,,,,https://shope.ee/8AWSbhfBPx,
https://shopeefood.vn/da-nang/kaki-quan-tra-trai-cay-an-vat-goi-cuon-chan-ga-280-hai-phong,,,,,,https://shope.ee/8Kpso0eY50,
https://shopeefood.vn/da-nang/chi-be-bo-bun-long-xao-nghe-goi-cuon-do-uong-cn-ly-dao-thanh,,,,,,https://shope.ee/8V9J0Jduk3,
https://shopeefood.vn/da-nang/lem-food-goi-cuon-an-vat-tra-trai-cay,,,,,,https://shope.ee/2BFFSg21aq,
https://shopeefood.vn/da-nang/pon-pon-goi-cuon-banh-can-tra,,,,,,https://shope.ee/20vpGN2evp,
https://shopeefood.vn/da-nang/me-nam-food-bun-ca-ngu-cay-bun-mam-nem-banh-trang-cuon-thit-heo-goi-cuon-tom-thit,,,,,,https://shope.ee/2Vs5rI0kuw,
https://shopeefood.vn/da-nang/goi-cuon-rio-lau-ly-31-le-duy-luong,,,,,,https://shope.ee/2LYfez1OFv,
https://shopeefood.vn/da-nang/nau-quan-banh-trang-cuon-cha-ram,,,,,,https://shope.ee/1VzYfS4Ywm,
https://shopeefood.vn/da-nang/dua-quan-chao-ech-singapore-chao-hau-chao-suon,,,,,,https://shope.ee/1Lg8T95CHl,
https://shopeefood.vn/da-nang/chao-quay-suon-sun-be-bi-phan-thanh,,,,,,https://shope.ee/1qcP443IGs,
https://shopeefood.vn/da-nang/chao-dinh-duong-cao-cap-mami-baby-son-tra,,,,,,https://shope.ee/1gIyrl3vbr,
https://shopeefood.vn/da-nang/tiem-ha-noi-chao-suon-quay-le-duc-tho,,,,,,https://shope.ee/qjrsE76Ii,
https://shopeefood.vn/da-nang/go-go-ramen-mi-ramen-com-cari-ga-com-trung-thit-heo,,,,,,https://shope.ee/gQRfv7jdh,
https://shopeefood.vn/da-nang/udon-ya-quan-mi-udon-mi-ramen-com-kieu-nhat,,,,,,https://shope.ee/1BMiGq5pco,
https://shopeefood.vn/da-nang/ramen-quan-chan-ga-oc-hut-an-vat-dao-duy-tu,,,,,,https://shope.ee/113I4X6Sxn,
https://shopeefood.vn/da-nang/sushi-ya-mon-an-nhat-86-nguyen-du,,,,,,https://shope.ee/BUB509dee,
https://shopeefood.vn/da-nang/ca-ri-vi-nhat-thom-lung,,,,,,https://shope.ee/1AkshAGzd,
https://shopeefood.vn/da-nang/umami-ca-ri-nhat-ban-36-ton-that-thiep,,,,,,https://shope.ee/W71Tc8Myk,
https://shopeefood.vn/da-nang/huong-quan-bun-dau-tra-sua-an-vat,,,,,,https://shope.ee/LnbHJ90Jj,
https://shopeefood.vn/da-nang/thien-binh-ca-phe-hamburger-an-vat,,,,,,https://shope.ee/4qG0dZrsBc,
https://shopeefood.vn/da-nang/moc-quan-bo-kho-mi-y-kebab,,,,,,https://shope.ee/4fwaRGsVWb,
https://shopeefood.vn/da-nang/al-fresco-s-pizza-my-y-suon-steak-bo-bit-tet-vincom-center-da-nang,,,,,,https://shope.ee/5Asr2BqbVi,
https://shopeefood.vn/da-nang/al-fresco-s-pizza-my-y-suon-steak-bo-bit-tet-tran-hung-dao,,,,,,https://shope.ee/50ZQpsrEqh,
https://shopeefood.vn/da-nang/cardi-pizzeria-steak-bo-bit-tet-pizza-my-y,,,,,,https://shope.ee/4B0JqLuPXY,
https://shopeefood.vn/da-nang/cardi-pizzeria-bach-dang-steak-bo-bit-tet-pizza-my-y-nha-hang-124-bach-dang-quan-hai-chau-tp-da-nang.zuyadf,,,,,,https://shope.ee/40gte2v2sX,
https://shopeefood.vn/da-nang/bo-house-hamburger-my-y-ga-ran,,,,,,https://shope.ee/4VdAExt8re,
https://shopeefood.vn/da-nang/thai-market-restaurant-tang-4-vincom-plaza,,,,,,https://shope.ee/4LJk2etmCd,
https://shopeefood.vn/da-nang/tiem-chay-hanh-phuc,,,,,,https://shope.ee/3Vkd37wwtU,
https://shopeefood.vn/da-nang/bun-tomyum-thai-lan-pad-thai-chay-man-486-nguyen-tri-phuong.m1mlu2,,,,,,https://shope.ee/3LRCqoxaET,
https://shopeefood.vn/da-nang/tiem-chay-an-tinh-pad-thai-chay-pho-san-que-son-lau-tran-huu-trang,,,,,,https://shope.ee/3qNTRjvgDa,
https://shopeefood.vn/da-nang/tra-trai-cay-tra-sua-thai-lan-zenda-cao-son-phao,,,,,,https://shope.ee/3g43FQwJYZ,
https://shopeefood.vn/da-nang/bun-thai-hai-san-cua-ghe-chua-cay-phan-hanh-son,,,,,,https://shope.ee/2qUwFtzUFQ,
https://shopeefood.vn/da-nang/chao-nha-tom-banh-mi-chao-xoi-dui-ga-xoi-thit-xiu,,,,,,https://shope.ee/2gBW3b07aP,
https://shopeefood.vn/da-nang/mi-quang-55-mi-ca-loc-mi-ga-mi-tom-thit-55-nguyen-thong,,,,,,https://shope.ee/3B7meVyDZW,
https://shopeefood.vn/da-nang/yum-tin-kay-food-chan-ga-sot-thai-my-tron-ca-vien-chien,,,,,,https://shope.ee/30oMSCyquV,
https://shopeefood.vn/da-nang/quan-nhung-bun-bo-hue-my-quang-bun-dau-mam-tom-bui-tan-dien.avyekv,,,,,,https://shope.ee/7VGloThimO,
https://shopeefood.vn/da-nang/ny-food-banh-my-ca-phe-sang-goi-cuon-tom-thit,,,,,,https://shope.ee/7KxLcAiM7N,
https://shopeefood.vn/da-nang/bep-nha-tom-xoi-man-banh-mi-chao-mi-xa-xiu-kho,,,,,,https://shope.ee/7ptcD5gS6U,
https://shopeefood.vn/da-nang/quan-an-ba-mien-com-tam-bun-dau-mam-tom-my-cay,,,,,,https://shope.ee/7faC0mh5RT,
https://shopeefood.vn/da-nang/tiem-an-vat-tom-dung-si-thanh-khe,,,,,,https://shope.ee/6q151FkG8K,
https://shopeefood.vn/da-nang/hai-lam-bun-dau-mam-tom-dung-si-thanh-khe,,,,,,https://shope.ee/6fheowktTJ,
https://shopeefood.vn/da-nang/nam-tra-sua-an-vat-dung-si-thanh-khe,,,,,,https://shope.ee/7AdvPrizSQ,
https://shopeefood.vn/da-nang/quan-thu-chay-com-mi-quang-bun-can-nuong-pham-cu-luong,,,,,,https://shope.ee/70KVDYjcnP,
https://shopeefood.vn/da-nang/a-beo-my-tron-indomie-19-hoa-nam-2.eq5o0q,,,,,,https://shope.ee/6AlOE1mnUG,
https://shopeefood.vn/da-nang/gom-garden-my-khe-5,,,,,,https://shope.ee/60Ry1inQpF,
https://shopeefood.vn/da-nang/banh-may-souffle-hai-chi-em-466-nui-thanh,,,,,,https://shope.ee/6VOEcdlWoM,
https://shopeefood.vn/da-nang/quan-my-banh-loc-nam,,,,,,https://shope.ee/6L4oQKmA9L,
https://shopeefood.vn/da-nang/mi-tron-mi-cay-ca-vien-chien-mam-3b-kitchen-cam-nam-5,,,,,,https://shope.ee/1BMiGqB7nW,
https://shopeefood.vn/da-nang/banh-nam-uot-banh-mi-bot-loc-hue-34-le-thien-tri.n49r7x,,,,,,https://shope.ee/113I4XBl8V,
https://shopeefood.vn/da-nang/quan-chay-uu-dam-my-quang-banh-xeo-bun-mam-dau,,,,,,https://shope.ee/BUB50EvpM,
https://shopeefood.vn/da-nang/xoi-banh-mi-cam-oi,,,,,,https://shope.ee/1AkshFZAL,
https://shopeefood.vn/da-nang/lun-no-ne-goi-cuon-bun-xi-dau-bun-mam,,,,,,https://shope.ee/W71TcDf9S,
https://shopeefood.vn/da-nang/ram-cuon-cai-goi-cuon-banh-goi-be-ny-food-68,,,,,,https://shope.ee/LnbHJEIUR,
https://shopeefood.vn/da-nang/goi-cuon-com-cuon-chan-ga-rut-xuong-huynh-van-nghe,,,,,,https://shope.ee/2BFFSg7Jlo,
https://shopeefood.vn/da-nang/nao-com-binh-dan-banh-xeo-nem-lui,,,,,,https://shope.ee/20vpGN7x6n,
https://shopeefood.vn/da-nang/bep-xua-com-binh-dan-bun-mam-ca-phe-giai-khat,,,,,,https://shope.ee/2Vs5rI635u,
https://shopeefood.vn/da-nang/quan-ut-chao-long-bun-long-com-binh-dan-phan-xich-long,,,,,,https://shope.ee/2LYfez6gQt,
https://shopeefood.vn/da-nang/am-thuc-quan-em,,,,,,https://shope.ee/1VzYfS9r7k,
https://shopeefood.vn/da-nang/com-binh-dan-bun-gio-my-quang-co-ba,,,,,,https://shope.ee/1Lg8T9AUSj,
https://shopeefood.vn/da-nang/co-ba-com-binh-dan-bun-gio-my-quang-nam-ky-khoi-nghia,,,,,,https://shope.ee/1qcP448aRq,
https://shopeefood.vn/da-nang/thao-thaoo-com-to-binh-dan-khau-vi-mien-trung,,,,,,https://shope.ee/1gIyrl9Dmp,
https://shopeefood.vn/da-nang/quan-cu-de-nhau-binh-dan-nguyen-thanh-long,,,,,,https://shope.ee/3Vkd382F4C,
https://shopeefood.vn/da-nang/com-ga-xoi-mo-family-rice-com-ga-xoi-mo-hoang-dieu.ivaxce,,,,,,https://shope.ee/3LRCqp2sPB,
https://shopeefood.vn/da-nang/phe-com-ga-xoi-mo-le-thanh-nghi,,,,,,https://shope.ee/3qNTRk0yOI,
https://shopeefood.vn/da-nang/hong-phat-com-ga-xoi-mo-nui-thanh,,,,,,https://shope.ee/3g43FR1bjH,
https://shopeefood.vn/da-nang/com-ga-xoi-mo-shiki,,,,,,https://shope.ee/2qUwFu4mQ8,
https://shopeefood.vn/da-nang/com-ga-xoi-mo-02-phan-hanh-son,,,,,,https://shope.ee/2gBW3b5Pl7,
https://shopeefood.vn/da-nang/com-ga-3-mau-com-ga-xoi-mo-203-le-dai-hanh,,,,,,https://shope.ee/3B7meW3VkE,
https://shopeefood.vn/da-nang/xoi-a-beu-xoi-man-xoi-ga-194-6-ngu-hanh-son,,,,,,https://shope.ee/30oMSD495D,
https://shopeefood.vn/da-nang/com-ga-xoi-mo-co-van-131-le-dinh-ly,,,,,,https://shope.ee/4qG0dZxAMa,
https://shopeefood.vn/da-nang/com-ga-xoi-mo-a-quy-le-thien-tri,,,,,,https://shope.ee/4fwaRGxnhZ,
https://shopeefood.vn/da-nang/gio-heo-gia-cay-bun-rieu-sai-gon-hai-thanh,,,,,,https://shope.ee/5Asr2Bvtgg,
https://shopeefood.vn/da-nang/quan-ong-hoang-my-quang-bun-rieu,,,,,,https://shope.ee/50ZQpswX1f,
https://shopeefood.vn/da-nang/bep-co-hai-bun-rieu-cua-dong-duong-3-thang-2,,,,,,https://shope.ee/4B0JqLzhiW,
https://shopeefood.vn/da-nang/quan-ut-bun-rieu-sai-gon-21-phan-boi-chau,,,,,,https://shope.ee/40gte30L3V,
https://shopeefood.vn/da-nang/bun-rieu-sai-gon-322-39-hai-phong,,,,,,https://shope.ee/4VdAExyR2c,
https://shopeefood.vn/da-nang/bun-rieu-cua-ha-noi-le-thanh-nghi,,,,,,https://shope.ee/4LJk2ez4Nb,
https://shopeefood.vn/da-nang/bun-dau-68-dung-sy-thanh-khe,,,,,,https://shope.ee/6AlOE1s5ey,
https://shopeefood.vn/da-nang/bun-rieu-oc-thanh-nhi,,,,,,https://shope.ee/60Ry1isizx,
https://shopeefood.vn/da-nang/banh-mi-thit-xiu-hue-o-linh-chau-thi-vinh-te,,,,,,https://shope.ee/6VOEcdqoz4,
https://shopeefood.vn/da-nang/bun-rieu-dak-lak-167-le-thanh-nghi,,,,,,https://shope.ee/6L4oQKrSK3,
https://shopeefood.vn/da-nang/soha-s-cafe-bun-rieu-sai-gon,,,,,,https://shope.ee/5VVhQnud0u,
https://shopeefood.vn/da-nang/bun-rieu-sai-gon-03-le-trong-tan,,,,,,https://shope.ee/5LCHEUvGLt,
https://shopeefood.vn/da-nang/huyen-anh-bun-rieu-cua-top-mo-le-quang-chi,,,,,,https://shope.ee/5q8XpPtML0,
https://shopeefood.vn/da-nang/bun-rieu-do-daklak-le-quang-chi,,,,,,https://shope.ee/5fp7d6tzfz,
https://shopeefood.vn/da-nang/41-le-van-thu-bun-thit-nuong-sai-gon-bun-rieu-41-le-van-thu.s56oo7,,,,,,https://shope.ee/7VGloTn0xM,
https://shopeefood.vn/da-nang/bun-rieu-cua-co-lien,,,,,,https://shope.ee/7KxLcAneIL,
https://shopeefood.vn/da-nang/quan-ba-lien-bun-rieu-cua,,,,,,https://shope.ee/7ptcD5lkHS,
https://shopeefood.vn/da-nang/bun-rieu-o-nhi-sai-gon,,,,,,https://shope.ee/7faC0mmNcR,
https://shopeefood.vn/da-nang/banh-canh-cua-phuc-ngo-15-ngo-thi-nham,,,,,,https://shope.ee/6q151FpYJI,
https://shopeefood.vn/da-nang/banh-canh-co-diem-banh-canh-cua-xay-duong-3-2.3fqi19,,,,,,https://shope.ee/6fheowqBeH,
https://shopeefood.vn/da-nang/banh-canh-thu-chau-thi-vinh-te,,,,,,https://shope.ee/7AdvProHdO,
https://shopeefood.vn/da-nang/tiem-banh-canh-cua-hai-chi-em-102-van-tien-dung,,,,,,https://shope.ee/70KVDYouyN,
https://shopeefood.vn/da-nang/quan-thuy-banh-canh-ca-loc-cha-cua-hue,,,,,,https://shope.ee/8pm9OvhwFk,
https://shopeefood.vn/da-nang/banh-canh-cua-dong-ca-loc-26-truong-minh-ky,,,,,,https://shope.ee/8fSjCciZaj,
https://shopeefood.vn/da-nang/banh-canh-nieu-04-phan-boi-chau,,,,,,https://shope.ee/9AOznXgfZq,
https://shopeefood.vn/da-nang/bep-ngoc-suong-banh-canh-com-chau-thi-vinh-te,,,,,,https://shope.ee/905ZbEhIup,
https://shopeefood.vn/da-nang/bep-dung-banh-canh-cua-nguyen-con-bun-hai-san,,,,,,https://shope.ee/8AWSbhkTbg,
https://shopeefood.vn/da-nang/banh-canh-bich-chau-thi-vinh-te,,,,,,https://shope.ee/80D2POl6wf,
https://shopeefood.vn/da-nang/quan-74-banh-canh-ca-loc-bot-lao-74-chau-thi-vinh-te,,,,,,https://shope.ee/8V9J0JjCvm,
https://shopeefood.vn/da-nang/banh-canh-ca-son-thuy,,,,,,https://shope.ee/8Kpso0jqGl,
https://shopeefood.vn/da-nang/co-nguyen-banh-canh-ca-loc-quang-tri-76-da-son-2,,,,,,https://shope.ee/AAHWzNcrY8,
https://shopeefood.vn/da-nang/banh-canh-ly-son-dac-san-ly-son,,,,,,https://shope.ee/9zy6n4dUt7,
https://shopeefood.vn/da-nang/tiem-an-89-banh-canh-com-cao-son-phao.xf2dml,,,,,,https://shope.ee/AUuNNzbasE,
https://shopeefood.vn/da-nang/le-gia-banh-canh-gia-truyen-hue-258-ha-huy-tap.nav3n3,,,,,,https://shope.ee/AKaxBgcEDD,
https://shopeefood.vn/da-nang/banh-canh-cua-ghe-tom-tit-xay-36-le-van-huu,,,,,,https://shope.ee/9V1qC9fOu4,
https://shopeefood.vn/da-nang/banh-canh-ca-loc-ba-cam-ton-duc-thang,,,,,,https://shope.ee/9KiPzqg2F3,
https://shopeefood.vn/da-nang/banh-canh-vit-quang-tri-lien-hoa-minh-16.onmw11,,,,,,https://shope.ee/9pegale8EA,
https://shopeefood.vn/da-nang/banh-canh-banh-can-an-vat-di-lien-tran-cao-van,,,,,,https://shope.ee/9fLGOSelZ9,
https://shopeefood.vn/da-nang/bep-cua-ba-bo-kho-bo-ne-banh-mi-chao,,,,,,https://shope.ee/gQRfvD1pQ,
https://shopeefood.vn/da-nang/bo-ne-3-ngon-le-tan-trung,,,,,,https://shope.ee/qjrsECOUT,
https://shopeefood.vn/da-nang/quan-be-vi-banh-beo-bo-ne-bo-kho,,,,,,https://shope.ee/113I4XBl9W,
https://shopeefood.vn/da-nang/pho-com-chien-bo-ne-sv-ngheo,,,,,,https://shope.ee/1BMiGqB7oZ,
https://shopeefood.vn/da-nang/tiem-mao-bo-ne-bo-kho-bo-sot-tieu-den,,,,,,https://shope.ee/1AkshFZBM,
https://shopeefood.vn/da-nang/banh-my-hambuger-bo-ne-co-ba,,,,,,https://shope.ee/BUB50EvqP,
https://shopeefood.vn/da-nang/anfood-bo-ne-bo-kho-op-la-270-tran-bach-dang,,,,,,https://shope.ee/LnbHJEIVS,
https://shopeefood.vn/da-nang/quan-moc-bo-ne-cao-lau-my-xiu-362-duong-kinh-duong-vuong.or1tsk,,,,,,https://shope.ee/W71TcDfAV,
https://shopeefood.vn/da-nang/quan-ngon-banh-mi-hu-tieu-bo-kho-bo-ne,,,,,,https://shope.ee/20vpGN7x7o,
https://shopeefood.vn/da-nang/bo-ne-3-ngon-bo-bit-tet-mi-cay-7-cap-do-tra-sua-105-le-hien-mai,,,,,,https://shope.ee/2BFFSg7Jmr,
https://shopeefood.vn/da-nang/quan-no-sup-cua-dau-hu-rong-bien-da,,,,,,https://shope.ee/2LYfez6gRu,
https://shopeefood.vn/da-nang/bo-ne-3-ngon-chau-thi-vinh-te,,,,,,https://shope.ee/2Vs5rI636x,
https://shopeefood.vn/da-nang/bo-ne-hai-bin,,,,,,https://shope.ee/1Lg8T9AUTk,
https://shopeefood.vn/da-nang/coffee-bo-ne-4-0,,,,,,https://shope.ee/1VzYfS9r8n,
https://shopeefood.vn/da-nang/bo-ne-a-hai-453-tran-nhan-tong,,,,,,https://shope.ee/1gIyrl9Dnq,
https://shopeefood.vn/da-nang/bo-ne-3-ngon-di-bao-nam-60-chau-thi-vinh-te,,,,,,https://shope.ee/1qcP448aSt,
https://shopeefood.vn/da-nang/bo-ne-3-ngon-137-le-thanh-nghi,,,,,,https://shope.ee/3LRCqp2sQC,
https://shopeefood.vn/da-nang/bo-ne-3-ngon-72-le-thanh-nghi,,,,,,https://shope.ee/3Vkd382F5F,
https://shopeefood.vn/da-nang/bo-ne-bo-kho-217-le-thanh-nghi,,,,,,https://shope.ee/3g43FR1bkI,
https://shopeefood.vn/da-nang/kali-house-diem-tam-sang,,,,,,https://shope.ee/3qNTRk0yPL,
https://shopeefood.vn/da-nang/bo-ne-com-ga-3-ngon-ton-dan,,,,,,https://shope.ee/2gBW3b5Pm8,
https://shopeefood.vn/da-nang/bo-ne-3-ngon-11-le-quy-don,,,,,,https://shope.ee/2qUwFu4mRB,
https://shopeefood.vn/da-nang/bo-ne-3-ngon-com-ga,,,,,,https://shope.ee/30oMSD496E,
https://shopeefood.vn/da-nang/nha-ngoai-mi-quang-bo-ne-cafe,,,,,,https://shope.ee/3B7meW3VlH,
https://shopeefood.vn/da-nang/am-thuc-me-john-ngo-thi-nham,,,,,,https://shope.ee/4fwaRGxnia,
https://shopeefood.vn/da-nang/com-suon-nuong-ga-thap-cam-236-hai-phong,,,,,,https://shope.ee/4qG0dZxANd,
https://shopeefood.vn/da-nang/com-ga-com-suon-be-thao-2,,,,,,https://shope.ee/50ZQpswX2g,
https://shopeefood.vn/da-nang/com-ga-gia-khang-02-chau-thi-vinh-te,,,,,,https://shope.ee/5Asr2Bvthj,
https://shopeefood.vn/da-nang/quan-chau-com-ga-suon-nuong-xo-viet-nghe-tinh,,,,,,https://shope.ee/40gte30L4W,
https://shopeefood.vn/da-nang/com-ga-tu-hai-57-pham-van-nghi,,,,,,https://shope.ee/4B0JqLzhjZ,
https://shopeefood.vn/da-nang/anh-em-com-ga-phan-chau-trinh,,,,,,https://shope.ee/4LJk2ez4Oc,
https://shopeefood.vn/da-nang/com-ga-ma-hai-03-tran-van-du,,,,,,https://shope.ee/4VdAExyR3f,
https://shopeefood.vn/da-nang/com-ga-kim-ngan-le-thanh-nghi,,,,,,https://shope.ee/60Ry1isj0y,
https://shopeefood.vn/da-nang/com-ga-trang-le-thanh-nghi,,,,,,https://shope.ee/6AlOE1s5g1,
https://shopeefood.vn/da-nang/com-ga-phuong-ky-122-27a-2b-phan-thanh,,,,,,https://shope.ee/6L4oQKrSL4,
https://shopeefood.vn/da-nang/com-ga-com-suon-60-le-thanh-nghi,,,,,,https://shope.ee/6VOEcdqp07,
https://shopeefood.vn/da-nang/thao-moc-90-com-suon-nuong-com-ga-tran-thanh-tong,,,,,,https://shope.ee/5LCHEUvGMu,
https://shopeefood.vn/da-nang/pho-ga-com-ha-thanh-me-nhu,,,,,,https://shope.ee/5VVhQnud1x,
https://shopeefood.vn/da-nang/com-ga-tan-tra-86-nguyen-huy-tuong,,,,,,https://shope.ee/8V9J0Jhct9,
https://shopeefood.vn/da-nang/tiem-an-faifo-com-ga-cao-lau-trinh-cong-son,,,,,,https://shope.ee/8fSjCcgzYC,
https://shopeefood.vn/da-nang/com-ga-bi-em-le-van-hien,,,,,,https://shope.ee/8pm9OvgMDF,
https://shopeefood.vn/da-nang/com-ga-ba-nguyet-le-hong-phong,,,,,,https://shope.ee/905ZbEfisI,
https://shopeefood.vn/da-nang/com-ga-co-binh-com-suon-82-le-van-hien,,,,,,https://shope.ee/9AOznXf5XL,
https://shopeefood.vn/da-nang/com-ga-ba-bi-le-quang-chi,,,,,,https://shope.ee/6fheowobbs,
https://shopeefood.vn/da-nang/com-ga-ba-cam,,,,,,https://shope.ee/6q151FnyGv,
https://shopeefood.vn/da-nang/com-ga-bi-404-le-van-hien,,,,,,https://shope.ee/70KVDYnKvy,
https://shopeefood.vn/da-nang/ga-lao-nong-com-ga-dac-san-ga-que-le-lo,,,,,,https://shope.ee/7AdvPrmhb1,
https://shopeefood.vn/da-nang/com-ga-6-viet-169-le-dinh-duong,,,,,,https://shope.ee/7KxLcAm4G4,
https://shopeefood.vn/da-nang/com-ga-khanh-le,,,,,,https://shope.ee/7VGloTlQv7,
https://shopeefood.vn/da-nang/com-ga-tuyet-thanh-le-thach,,,,,,https://shope.ee/7faC0mknaA,
https://shopeefood.vn/da-nang/com-ga-lien,,,,,,https://shope.ee/7ptcD5kAFD,
https://shopeefood.vn/da-nang/xi-zo-xot-com-xi-xeo-mien-tron-ga-ran,,,,,,https://shope.ee/5LCHEUtgJk,
https://shopeefood.vn/da-nang/quan-an-han-quoc-thang-bom,,,,,,https://shope.ee/5VVhQnt2yn,
https://shopeefood.vn/da-nang/green-coffee-banh-mi-bo-ca-phe-muoi-kem-bo,,,,,,https://shope.ee/5fp7d6sPdq,
https://shopeefood.vn/da-nang/quay-lau-hai-san-lau-com-chien-an-vat-tang-2-sieu-thi-coopmart-da-nang.20qzdt,,,,,,https://shope.ee/5q8XpPrmIt,
https://shopeefood.vn/da-nang/chang-ne-com-hen-bun-mam-bun-oc-hen-dac-san-xu-hue-k4-1-duong-2-thang-9,,,,,,https://shope.ee/60Ry1ir8xw,
https://shopeefood.vn/da-nang/ba-thuy-2-com-chien-mi-xao-mien-xao,,,,,,https://shope.ee/6AlOE1qVcz,
https://shopeefood.vn/da-nang/com-van-phong-quan-nhau-hai-san-kathy-249-nguyen-tat-thanh,,,,,,https://shope.ee/6L4oQKpsI2,
https://shopeefood.vn/da-nang/bep-hoang-ngu-2-diem-tam-sang-com-gia-dinh-hai-san-ho-nghinh,,,,,,https://shope.ee/6VOEcdpEx5,
https://shopeefood.vn/da-nang/tiem-ga-gia-khang-com-ga-met-ga-vit-heo-quay,,,,,,https://shope.ee/40gte2yl1c,
https://shopeefood.vn/da-nang/tiem-nha-ti-ti-trung-ga-lon-ga-vit-vua-an-vat-drink,,,,,,https://shope.ee/4B0JqLy7gf,
https://shopeefood.vn/da-nang/tiem-an-metal-com-suon-ba-chi-vit-quay-lu-hongkong-le-thanh-nghi,,,,,,https://shope.ee/4LJk2exULi,
https://shopeefood.vn/da-nang/tiem-an-malifarm-com-ga-banh-canh-vit-my-quang,,,,,,https://shope.ee/4VdAExwr0l,
https://shopeefood.vn/da-nang/tiem-my-pom-pim-35-chon-tam-2,,,,,,https://shope.ee/4fwaRGwDfo,
https://shopeefood.vn/da-nang/tiem-mi-tron-haomi-224-chau-thi-vinh-te,,,,,,https://shope.ee/4qG0dZvaKr,
https://shopeefood.vn/da-nang/tiem-lau-nha-non-quan-lau-mi-cay-va-an-vat-2-thanh-huy-2,,,,,,https://shope.ee/50ZQpsuwzu,
https://shopeefood.vn/da-nang/tiem-chu-hai-my-cay-ram-cuon-cai-com-cuon,,,,,,https://shope.ee/5Asr2BuJex,
https://shopeefood.vn/da-nang/tiem-my-hongkong-my-tron-my-cay-251-hai-phong.lscel2,,,,,,https://shope.ee/2gBW3b3pjU,
https://shopeefood.vn/da-nang/tiem-banh-mi-ba-co-chau-thi-vinh-te,,,,,,https://shope.ee/2qUwFu3COX,
https://shopeefood.vn/da-nang/tiem-mi-tron-haomi-183-phan-thanh,,,,,,https://shope.ee/30oMSD2Z3a,
https://shopeefood.vn/da-nang/tiem-nuoc-mapu-tra-sua-nuoc-dua-tra-trai-cay-tuoi-dung-si-thanh-khe,,,,,,https://shope.ee/3B7meW1vid,
https://shopeefood.vn/da-nang/vit-quay-thanh-tram-87-dung-si-thanh-khe,,,,,,https://shope.ee/3LRCqp1INg,
https://shopeefood.vn/da-nang/chill-tiem-tra-chanh-dung-si-thanh-khe,,,,,,https://shope.ee/3Vkd380f2j,
https://shopeefood.vn/da-nang/tiem-tra-nha-heo-my-cay-tra-sua-tra-trai-cay-215-ha-huy-tap,,,,,,https://shope.ee/3g43FR01hm,
https://shopeefood.vn/da-nang/tiem-mi-tron-anh-dau-bep-105-le-thach,,,,,,https://shope.ee/3qNTRjzOMp,
https://shopeefood.vn/da-nang/tiem-banh-mi-xiu-le-dinh-duong,,,,,,https://shope.ee/1Lg8T98uRM,
https://shopeefood.vn/da-nang/tiem-com-co-lien-com-my-soup-ly-van-to,,,,,,https://shope.ee/1VzYfS8H6P,
https://shopeefood.vn/da-nang/tiem-an-hongkong-mi-xiu-ngo-sy-lien,,,,,,https://shope.ee/1gIyrl7dlS,
https://shopeefood.vn/da-nang/street-monster-kimbap-tokbokki-banh-mi-han-quoc,,,,,,https://shope.ee/1qcP4470QV,
https://shopeefood.vn/da-nang/tiem-an-3s-sandwich-kimbap-mi-y,,,,,,https://shope.ee/20vpGN6N5Y,
https://shopeefood.vn/da-nang/mama-s-bento-kimbap-sushi-my-y,,,,,,https://shope.ee/2BFFSg5jkb,
https://shopeefood.vn/da-nang/quan-hai-co-kimbap-bo-kho-mi-tron,,,,,,https://shope.ee/2LYfez56Pe,
https://shopeefood.vn/da-nang/mimi-kitchen-fastfood-drinks-kimbap-my-tron-ga-vien-le-dinh-duong,,,,,,https://shope.ee/2Vs5rI4T4h,
https://shopeefood.vn/da-nang/an-vat-na-na-tokbokki-ga-ran-kimbap-ton-duc-thang,,,,,,https://shope.ee/1AkshDz9E,
https://shopeefood.vn/da-nang/bep-o-nin-kimbap-tokbokki-an-vat,,,,,,https://shope.ee/BUB50DLoH,
https://shopeefood.vn/da-nang/miu-an-vat-kimbap-tra-sua,,,,,,https://shope.ee/LnbHJCiTK,
https://shopeefood.vn/da-nang/dogi-food-com-tron-ga-sot-cay-kimbap,,,,,,https://shope.ee/W71TcC58N,
https://shopeefood.vn/da-nang/trang-food-drink,,,,,,https://shope.ee/gQRfvBRnQ,
https://shopeefood.vn/da-nang/che-hoa-xu-thanh-khe-6,,,,,,https://shope.ee/qjrsEAoST,
https://shopeefood.vn/da-nang/nhung-tra-sua-my-cay-do-an-vat-han-quoc,,,,,,https://shope.ee/113I4XAB7W,
https://shopeefood.vn/da-nang/tiem-nha-mit-ram-cuon-cai-bun-long-xao-nghe-com-tron-han-quoc-pham-van-bach.tjyhtg,,,,,,https://shope.ee/1BMiGq9XmZ,
https://shopeefood.vn/da-nang/toktok-chicken-ga-ran-han-quoc-mi-cay-com-tron,,,,,,https://shope.ee/9V1qC9dosC,
https://shopeefood.vn/da-nang/com-tron-han-quoc-banh-gao-tobokki-han-quoc-chan-ga-rut-xuong-sot-thai-tram-s-kitchen,,,,,,https://shope.ee/9KiPzqeSDB,
https://shopeefood.vn/da-nang/cafe-muoi-tra-sua-kem-trung-nuong-mi-cay-han-quoc,,,,,,https://shope.ee/9pegalcYCI,
https://shopeefood.vn/da-nang/dana-mon-an-han-quoc-canh-dau-hu-non-canh-kim-chi-com-tron,,,,,,https://shope.ee/9fLGOSdBXH,
https://shopeefood.vn/da-nang/com-han-quoc-mi-cay-tra-sua-ume-nguyen-hien.npsvhb,,,,,,https://shope.ee/AAHWzNbHWO,
https://shopeefood.vn/da-nang/tiem-an-an-com-my-salad,,,,,,https://shope.ee/9zy6n4burN,
https://shopeefood.vn/da-nang/bao-fam-banh-bao-kep-com-my-mien,,,,,,https://shope.ee/AUuNNza0qU,
https://shopeefood.vn/da-nang/tiem-nha-moon-my-y-sot-kem-foods-and-drinks,,,,,,https://shope.ee/AKaxBgaeBT,
https://shopeefood.vn/da-nang/mia-food-drink-panini-pizza-burger-monarchy,,,,,,https://shope.ee/8AWSbhita4,
https://shopeefood.vn/da-nang/meet-n-eat-homemade-burger-pizza-vegetarian-fusion-food,,,,,,https://shope.ee/80D2POjWv3,
https://shopeefood.vn/da-nang/ti-muoi-com-suon-xoi-suon-bo-kho-chau-thi-vinh-te.oqe6xv,,,,,,https://shope.ee/8V9J0JhcuA,
https://shopeefood.vn/da-nang/com-gia-dinh-bun-bo-ba-loc-05-le-duy-dinh,,,,,,https://shope.ee/8Kpso0iGF9,
https://shopeefood.vn/da-nang/bo-ken-tiem-com-ga-le-huu-trac,,,,,,https://shope.ee/8pm9OvgMEG,
https://shopeefood.vn/da-nang/bun-cha-ca-com-ga-hoang-van-thai,,,,,,https://shope.ee/8fSjCcgzZF,
https://shopeefood.vn/da-nang/bun-mam-bun-ca-ngu-bun-long-bep-yen,,,,,,https://shope.ee/9AOznXf5YM,
https://shopeefood.vn/da-nang/vua-toi-ca-ngu-nuong-oc-ly-son-che-rong-bien,,,,,,https://shope.ee/905ZbEfitL,
https://shopeefood.vn/da-nang/tiem-an-be-heo-bun-ca-ngu-tron-236-10-26-tran-cao-van.ye6z3q,,,,,,https://shope.ee/6q151FnyHw,
https://shopeefood.vn/da-nang/bep-nha-chang-bo-ham-pate-bun-ca-ngu-tron-cay-chan-ga-ca-ri-sai-gon,,,,,,https://shope.ee/6fheowobcv,
https://shopeefood.vn/da-nang/tra-sua-sen-ngu-hanh-son,,,,,,https://shope.ee/7AdvPrmhc2,
https://shopeefood.vn/da-nang/mochi-kawayui-27-loseby,,,,,,https://shope.ee/70KVDYnKx1,
https://shopeefood.vn/da-nang/mifu-s-healthy-salad-sandwich-korean-food-tran-huy-lieu,,,,,,https://shope.ee/7VGloTlQw8,
https://shopeefood.vn/da-nang/bep-que-com-ga-mien-ga-mien-luon-dong-da,,,,,,https://shope.ee/7KxLcAm4H7,
https://shopeefood.vn/da-nang/quan-com-de-nhat-61-chau-thi-vinh-te,,,,,,https://shope.ee/7ptcD5kAGE,
https://shopeefood.vn/da-nang/hanaya-sushi-che-lan-vien,,,,,,https://shope.ee/7faC0mknbD,
https://shopeefood.vn/da-nang/com-nam-anh-bo-food-drink-05-xuan-quynh,,,,,,https://shope.ee/5VVhQnt2zo,
https://shopeefood.vn/da-nang/japa-sushi-187-duong-30-4,,,,,,https://shope.ee/5LCHEUtgKn,
https://shopeefood.vn/da-nang/umi-izakaya-91-hoang-van-thu,,,,,,https://shope.ee/5q8XpPrmJu,
https://shopeefood.vn/da-nang/an-sushi-sashimi-276-le-thanh-nghi,,,,,,https://shope.ee/5fp7d6sPet,
https://shopeefood.vn/da-nang/paris-sushi-sasimi-com-cuon-ly-tu-trong,,,,,,https://shope.ee/6AlOE1qVe0,
https://shopeefood.vn/da-nang/shin-meshiya-quan-an-dem-nhat-ban-08-le-dinh-duong.e6xzz4,,,,,,https://shope.ee/60Ry1ir8yz,
https://shopeefood.vn/da-nang/com-tam-chay-suon-bi-cha-bun-thit-nuong-bun-mam-chay-191-37-do-quang,,,,,,https://shope.ee/6VOEcdpEy6,
https://shopeefood.vn/da-nang/com-suon-nuong-sai-gon-704-ton-dan,,,,,,https://shope.ee/6L4oQKpsJ5,
https://shopeefood.vn/da-nang/com-suon-nuong-co-van-204-hai-phong,,,,,,https://shope.ee/4B0JqLy7hg,
https://shopeefood.vn/da-nang/com-suon-nuong-02-lo-6-thanh-son,,,,,,https://shope.ee/40gte2yl2f,
https://shopeefood.vn/da-nang/com-tam-thanh-hieu-com-tam-suon-nuong-18-me-nhu,,,,,,https://shope.ee/4VdAExwr1m,
https://shopeefood.vn/da-nang/com-suon-nuong-le-vy,,,,,,https://shope.ee/4LJk2exUMl,
https://shopeefood.vn/da-nang/bun-hai-san-banh-da-chao-hai-san-188-do-ba,,,,,,https://shope.ee/4qG0dZvaLs,
https://shopeefood.vn/da-nang/hai-san-nut-phinh-hai-san-nam-tran,,,,,,https://shope.ee/4fwaRGwDgr,
https://shopeefood.vn/da-nang/hai-san-tam-anh-hai-san-le-van-duyet.pzvrfx,,,,,,https://shope.ee/5Asr2BuJfy,
https://shopeefood.vn/da-nang/quan-nhau-xuyen-da-thanh-hai-san-cac-loai,,,,,,https://shope.ee/50ZQpsux0x,
https://shopeefood.vn/da-nang/quan-thanh-map-hai-san-tuoi-song,,,,,,https://shope.ee/2qUwFu3CPY,
https://shopeefood.vn/da-nang/fuha-foods-lau-hai-san-phan-thanh,,,,,,https://shope.ee/2gBW3b3pkX,
https://shopeefood.vn/da-nang/dac-san-hue-dung-si-thanh-khe,,,,,,https://shope.ee/3B7meW1vje,
https://shopeefood.vn/da-nang/quan-thanh-chao-hai-san-bun-mam,,,,,,https://shope.ee/30oMSD2Z4d,
https://shopeefood.vn/da-nang/hai-san-ba-lep-2-nguyen-tat-thanh,,,,,,https://shope.ee/3Vkd380f3k,
https://shopeefood.vn/da-nang/the-gioi-hai-san-02-phan-hanh-son,,,,,,https://shope.ee/3LRCqp1IOj,
https://shopeefood.vn/da-nang/hai-thao-fruit-trai-cay-cat-san-tra-ca-phe,,,,,,https://shope.ee/3qNTRjzONq,
https://shopeefood.vn/da-nang/son-tra-hill-dac-san-xu-nghe,,,,,,https://shope.ee/9V1qC9dxNp,
https://shopeefood.vn/da-nang/hai-san-dinh-son-thang-long,,,,,,https://shope.ee/9fLGOSdK2s,
https://shopeefood.vn/da-nang/tra-sua-chao-lau-hai-san-hoang-gia-dong-da,,,,,,https://shope.ee/9pegalcghv,
https://shopeefood.vn/da-nang/oc-le-hai-san-may-huynh-49-vu-quynh,,,,,,https://shope.ee/9zy6n4c3My,
https://shopeefood.vn/da-nang/hai-san-sach-dung-le,,,,,,https://shope.ee/AAHWzNbQ21,
https://shopeefood.vn/da-nang/hai-san-a-sam-12-le-duc-tho,,,,,,https://shope.ee/AKaxBgamh4,
https://shopeefood.vn/da-nang/oc-ngon-68-hai-san-lau-nuong-68-le-quy-don,,,,,,https://shope.ee/AUuNNza9M7,
https://shopeefood.vn/da-nang/xingfu-mi-cay-tra-sua-do-an-vat-152-van-tien-dung,,,,,,https://shope.ee/5LCHEUtoq8,
https://shopeefood.vn/da-nang/ben-bo-quan-hai-san-ga-ca-9-my-an-9,,,,,,https://shope.ee/5VVhQntBVB,
https://shopeefood.vn/da-nang/co-zy-bun-thai-hai-san-my-tron-an-vat,,,,,,https://shope.ee/5fp7d6sYAE,
https://shopeefood.vn/da-nang/sea-bo-hai-san-sot-cay-my-cay-hoang-thi-loan,,,,,,https://shope.ee/5q8XpPrupH,
https://shopeefood.vn/da-nang/ut-ki-quan-lau-bo-lau-ca-tam-ca-tam-nuong-2-thang-9,,,,,,https://shope.ee/60Ry1irHUK,
https://shopeefood.vn/da-nang/tiem-trang-an-pho-ga-bun-cha-ha-noi,,,,,,https://shope.ee/6AlOE1qe9N,
https://shopeefood.vn/da-nang/to-quan-bun-cha-ha-noi-pho-ga,,,,,,https://shope.ee/6L4oQKq0oQ,
https://shopeefood.vn/da-nang/pho-ga-thang-long-ho-nghinh,,,,,,https://shope.ee/6VOEcdpNTT,
https://shopeefood.vn/da-nang/pho-phuong-duong-pho-ga-ta-148-tran-cao-van,,,,,,https://shope.ee/6fheowok8W,
https://shopeefood.vn/da-nang/pho-ga-dong-tao-pho-hoang-gia-187-le-thanh-nghi,,,,,,https://shope.ee/6q151Fo6nZ,
https://shopeefood.vn/da-nang/manh-pho-co-pho-ga-ngan-chay-toi,,,,,,https://shope.ee/70KVDYnTSc,
https://shopeefood.vn/da-nang/manh-pho-co-pho-ga-ngan-chay-toi-tran-phu,,,,,,https://shope.ee/7AdvPrmq7f,
https://shopeefood.vn/da-nang/tiem-an-coshi-banh-ga-pho-mai-tra-sua-an-vat,,,,,,https://shope.ee/7KxLcAmCmi,
https://shopeefood.vn/da-nang/banh-mi-pho-banh-mi-heo-quay-banh-mi-thit-nuong-xoi-ga-79-le-huu-trac,,,,,,https://shope.ee/7VGloTlZRl,
https://shopeefood.vn/da-nang/quan-moc-bun-2-vi-nuoc-leu,,,,,,https://shope.ee/7faC0mkw6o,
https://shopeefood.vn/da-nang/bun-vit-binh-dinh-vit-nuong-chao-goi-vit-chao-ga,,,,,,https://shope.ee/7ptcD5kIlr,
https://shopeefood.vn/da-nang/bun-mang-ga-mien-ga-xoi-ga-di-10,,,,,,https://shope.ee/2gBW3b3yFs,
https://shopeefood.vn/da-nang/xoi-bun-mien-mang-ga-ty-ngon,,,,,,https://shope.ee/2qUwFu3Kuv,
https://shopeefood.vn/da-nang/ba-vui-xoi-ga-bun-mang-ga,,,,,,https://shope.ee/30oMSD2hZy,
https://shopeefood.vn/da-nang/quan-tien-bun-mang-ga-xoi-ga-goi-ga-tron,,,,,,https://shope.ee/3B7meW24F1,
https://shopeefood.vn/da-nang/quan-trang-cao-lau-bun-mang-ga-mien,,,,,,https://shope.ee/3LRCqp1Qu4,
https://shopeefood.vn/da-nang/anh-ky-mi-quang-mien-mang-ga-chao-vit-tran-duy-chien,,,,,,https://shope.ee/3Vkd380nZ7,
https://shopeefood.vn/da-nang/com-ga-pho-ngon-bun-mang-an-ky,,,,,,https://shope.ee/3g43FR0AEA,
https://shopeefood.vn/da-nang/my-quang-bun-bo-bun-mang-ga-01-huynh-tan-phat,,,,,,https://shope.ee/3qNTRjzWtD,
https://shopeefood.vn/da-nang/quan-76-bun-mam-nem-mien-ga-bun-mang-ga-01-phan-hanh-son,,,,,,https://shope.ee/40gte2ytYG,
https://shopeefood.vn/da-nang/vi-ha-noi-bun-mang-moc-bun-cha-nem-xoi-xeo-15-me-thu,,,,,,https://shope.ee/4B0JqLyGDJ,
https://shopeefood.vn/da-nang/bun-bo-25k-do-an-sang-161-chau-thi-vinh-te,,,,,,https://shope.ee/4LJk2excsM,
https://shopeefood.vn/da-nang/an-vat-nha-bo-nam-thanh,,,,,,https://shope.ee/4VdAExwzXP,
https://shopeefood.vn/da-nang/bun-bo-chi-nam,,,,,,https://shope.ee/4fwaRGwMCS,
https://shopeefood.vn/da-nang/cut-chien-bo-mo-nam-139-le-quang-dao.um40me,,,,,,https://shope.ee/4qG0dZvirV,
https://shopeefood.vn/da-nang/dinh-thi-linh-giang-bun-mam-thit-heo-cuon-goi-cuon-doi-cung.519uxx,,,,,,https://shope.ee/50ZQpsv5WY,
https://shopeefood.vn/da-nang/bun-bo-my-quang-bun-mam-97dstk,,,,,,https://shope.ee/5Asr2BuSBb,
https://shopeefood.vn/da-nang/chang-snacks-com-hen-bun-oc-hen-bun-mam-hue,,,,,,https://shope.ee/1AkshE7fc,
https://shopeefood.vn/da-nang/bep-nho-com-bun-mam-bun-nuoc-tuong-nguyen-cong-hoan,,,,,,https://shope.ee/BUB50DUKf,
https://shopeefood.vn/da-nang/hien-nho-ca-nuc-cuon-banh-trang-bun-long-bun-mam,,,,,,https://shope.ee/LnbHJCqzi,
https://shopeefood.vn/da-nang/bep-hue-co-thom-banh-trang-thit-heo-bun-mam-bun-long-xao-nghe,,,,,,https://shope.ee/W71TcCDel,
https://shopeefood.vn/da-nang/bi-my-cho-con-banh-trang-thit-heo-bun-mam-nuoc-ep,,,,,,https://shope.ee/gQRfvBaJo,
https://shopeefood.vn/da-nang/quan-suong-283-bun-thit-nuong-bun-mam-nem-lui,,,,,,https://shope.ee/qjrsEAwyr,
https://shopeefood.vn/da-nang/bep-online-bun-cha-ha-noi-bun-mam-bun-thit-nuong,,,,,,https://shope.ee/113I4XAJdu,
https://shopeefood.vn/da-nang/quan-nga-bun-thit-nuong-banh-xeo-bun-mam,,,,,,https://shope.ee/1BMiGq9gIx,
https://shopeefood.vn/da-nang/quan-nguyen-my-quang-bun-bo-bun-mam,,,,,,https://shope.ee/1Lg8T992y0,
https://shopeefood.vn/da-nang/co-my-banh-can-bun-mam-hai-phong.w0qoc8,,,,,,https://shope.ee/1VzYfS8Pd3,
https://shopeefood.vn/da-nang/bun-mam-nha-ken-co-so-2,,,,,,https://shope.ee/1gIyrl7mI6,
https://shopeefood.vn/da-nang/bun-sua-mam-ruoc-man-e-2-288-huynh-ngoc-hue,,,,,,https://shope.ee/1qcP4478x9,
https://shopeefood.vn/da-nang/bun-dau-mam-tom-ha-noi-pho-2-luong-the-vinh,,,,,,https://shope.ee/20vpGN6VcC,
https://shopeefood.vn/da-nang/bun-dau-mam-tom-nha-tho-2-huynh-van-nghe,,,,,,https://shope.ee/2BFFSg5sHF,
https://shopeefood.vn/da-nang/chi-be-bun-mam-heo-quay-banh-uot-nam-goi-loc-210-chau-thi-vinh-te,,,,,,https://shope.ee/2LYfez5EwI,
https://shopeefood.vn/da-nang/bun-dau-mam-tom-2-ut-au-co,,,,,,https://shope.ee/2Vs5rI4bbL,
https://shopeefood.vn/da-nang/bun-cha-ca-bun-mam-03,,,,,,https://shope.ee/8AWSbhj26S,
https://shopeefood.vn/da-nang/nhi-banh-canh-bun-mam-165-2-nguyen-hoang,,,,,,https://shope.ee/80D2POjfRR,
https://shopeefood.vn/da-nang/chao-long-banh-hoi-long-bun-mam-long-nui-thanh,,,,,,https://shope.ee/8V9J0JhlQY,
https://shopeefood.vn/da-nang/tiem-an-cay-khe-bun-mam-be-thui-nuoc-ep,,,,,,https://shope.ee/8Kpso0iOlX,
https://shopeefood.vn/da-nang/bun-mam-nem-bi-sam-61-to-hien-thanh,,,,,,https://shope.ee/8pm9OvgUke,
https://shopeefood.vn/da-nang/bun-mam-van-18-5-phan-thanh,,,,,,https://shope.ee/8fSjCch85d,
https://shopeefood.vn/da-nang/bun-mam-banh-beo-k382-22-nui-thanh,,,,,,https://shope.ee/9AOznXfE4k,
https://shopeefood.vn/da-nang/bun-dau-mam-tom-nang-lam-an-vat-tra-cafe-giai-khat,,,,,,https://shope.ee/905ZbEfrPj,
https://shopeefood.vn/da-nang/be-da-bun-dau-mam-tom-an-vat-tra-sua,,,,,,https://shope.ee/9V1qC9dxOq,
https://shopeefood.vn/da-nang/be-meo-tra-sua-an-vat-bun-dau-mam-tom,,,,,,https://shope.ee/9KiPzqeajp,
https://shopeefood.vn/da-nang/bun-mam-tra-chanh-yaourt-tuoi-nha-lil-99-me-thu,,,,,,https://shope.ee/9pegalcgiw,
https://shopeefood.vn/da-nang/bun-mam-tra-chanh-yaourt-tuoi-nha-lil,,,,,,https://shope.ee/9fLGOSdK3v,
https://shopeefood.vn/da-nang/bun-mam-tuyet-phuong,,,,,,https://shope.ee/AAHWzNbQ32,
https://shopeefood.vn/da-nang/bun-dau-mam-tom-tra-sua-an-vat-momtea,,,,,,https://shope.ee/9zy6n4c3O1,
https://shopeefood.vn/da-nang/bun-mam-son-duong-an-trung-dong-7,,,,,,https://shope.ee/AUuNNza9N8,
https://shopeefood.vn/da-nang/xoi-ga-hambuger-bun-mam-143-nguyen-son,,,,,,https://shope.ee/AKaxBgami7,
https://shopeefood.vn/da-nang/tiem-hoang-yen-bun-mam-tra-xanh-nuoc-sam-nguyen-van-hue.94ylya,,,,,,https://shope.ee/5VVhQntBWC,
https://shopeefood.vn/da-nang/bun-mam-duong-ray-co-hau-27-54-le-do,,,,,,https://shope.ee/5LCHEUtorB,
https://shopeefood.vn/da-nang/nhung-le-ram-cuon-cai-bun-mam,,,,,,https://shope.ee/5q8XpPruqI,
https://shopeefood.vn/da-nang/bun-mam-banh-uot-banh-dap-568-le-van-hien,,,,,,https://shope.ee/5fp7d6sYBH,
https://shopeefood.vn/da-nang/bun-mam-di-xuan-le-duan,,,,,,https://shope.ee/6AlOE1qeAO,
https://shopeefood.vn/da-nang/bun-mam-di-hang-le-dinh-ly,,,,,,https://shope.ee/60Ry1irHVN,
https://shopeefood.vn/da-nang/o-cam-bun-long-chao-long-bun-mam,,,,,,https://shope.ee/6VOEcdpNUU,
https://shopeefood.vn/da-nang/bun-dau-mam-tom-minh-y-le-huu-trac,,,,,,https://shope.ee/6L4oQKq0pT,
https://shopeefood.vn/da-nang/bun-mam-my-le-trong-tan.l5ufzu,,,,,,https://shope.ee/6q151Fo6oa,
https://shopeefood.vn/da-nang/hanh-bun-mam-le-sat,,,,,,https://shope.ee/6fheowok9Z,
https://shopeefood.vn/da-nang/little-canteen-bun-mam-nuoc-cam-ep-11-nguyen-thuy,,,,,,https://shope.ee/7AdvPrmq8g,
https://shopeefood.vn/da-nang/bep-nha-lien-bun-mam-ruoc,,,,,,https://shope.ee/70KVDYnTTf,
https://shopeefood.vn/da-nang/quan-van-bun-mam-thit-heo,,,,,,https://shope.ee/7VGloTlZSm,
https://shopeefood.vn/da-nang/cao-lau-bun-mam-co-ba,,,,,,https://shope.ee/7KxLcAmCnl,
https://shopeefood.vn/da-nang/tiem-chay-nha-ny-bun-mam-chay-banh-xeo-ca-phe,,,,,,https://shope.ee/7ptcD5kIms,
https://shopeefood.vn/da-nang/bun-sup-cua-pho-chay-thao-tram-cho-an-hai-dong,,,,,,https://shope.ee/7faC0mkw7r,
https://shopeefood.vn/da-nang/bep-chay-co-quyt-banh-loc-chay-bun-nuong-banh-hoi-chay,,,,,,https://shope.ee/2qUwFu3Kvw,
https://shopeefood.vn/da-nang/bep-chay-an-nhien-chuyen-mi-xao-bun-com-trua,,,,,,https://shope.ee/2gBW3b3yGv,
https://shopeefood.vn/da-nang/com-ga-bun-bo-mi-quang-34-tu-mo,,,,,,https://shope.ee/3B7meW24G2,
https://shopeefood.vn/da-nang/quan-thu-banh-canh-ca-loc-bun-bo-hue-banh-uot-thit-heo,,,,,,https://shope.ee/30oMSD2hb1,
https://shopeefood.vn/da-nang/bep-hien-chao-long-tuoi-chao-gio-banh-uot-thit-heo,,,,,,https://shope.ee/3Vkd380na8,
https://shopeefood.vn/da-nang/sieu-thi-am-thuc-usa-bun-mam-heo-quay-my-quang-banh-canh,,,,,,https://shope.ee/3LRCqp1Qv7,
https://shopeefood.vn/da-nang/hello-mien-tay-banh-xeo-mien-tay-bo-kho-com-tam-suon-va-ga,,,,,,https://shope.ee/3qNTRjzWuE,
https://shopeefood.vn/da-nang/my-xiu-hoanh-thanh-mien-ga-38-ong-ich-khiem,,,,,,https://shope.ee/3g43FR0AFD,
https://shopeefood.vn/da-nang/chao-ngon-24-24-chao-ga-u-muoi-mien-xao-my-xao,,,,,,https://shope.ee/4B0JqLyGEK,
https://shopeefood.vn/da-nang/be-nga-bun-ga-mien-tron-xoi-ga,,,,,,https://shope.ee/40gte2ytZJ,
https://shopeefood.vn/da-nang/tiem-an-co-mai-bun-mien-xoi-ga-12-van-tan,,,,,,https://shope.ee/4VdAExwzYQ,
https://shopeefood.vn/da-nang/2a-quan-my-xa-xiu-mien-ga-hoanh-thanh,,,,,,https://shope.ee/4LJk2exctP,
https://shopeefood.vn/da-nang/nga-quan-com-ga-xe-mien-xao-my-xao,,,,,,https://shope.ee/4qG0dZvisW,
https://shopeefood.vn/da-nang/quan-co-hoa-nghe-an-sup-luon-chao-luon-mien-luon,,,,,,https://shope.ee/5Asr2BwAjS,
https://shopeefood.vn/da-nang/tiem-an-ngon-chao-luon-mien-luon-ram-thit-nuong,,,,,,https://shope.ee/50ZQpswo4R,
https://shopeefood.vn/da-nang/luon-xu-nghe-chao-mien-sup-luon-117-nguyen-trung-truc-an-hai-bac-son-tra.jyscbz,,,,,,https://shope.ee/4B0JqLzylI,
https://shopeefood.vn/da-nang/dac-san-nghe-an-98-bac-son-xao-long-sup-luon-banh-dong-xu-pho-mai-han-quoc,,,,,,https://shope.ee/40gte30c6H,
https://shopeefood.vn/da-nang/luon-xu-nghe-luong-nhu-hoc,,,,,,https://shope.ee/4VdAExyi5O,
https://shopeefood.vn/da-nang/luon-dong-xu-nghe-nguyen-dinh-tu,,,,,,https://shope.ee/4LJk2ezLQN,
https://shopeefood.vn/da-nang/lan-chao-vit-chao-ga-chao-long-heo,,,,,,https://shope.ee/qjrsECfWi,
https://shopeefood.vn/da-nang/quan-minh-thanh-chao-thit-vit-vit-quay-la-mac-mat-xoi-ga-462-nui-thanh,,,,,,https://shope.ee/gQRfvDIrh,
https://shopeefood.vn/da-nang/quan-thiet-chao-vit-chao-long-xuong-ma-ham-tu-mo,,,,,,https://shope.ee/1BMiGqBOqo,
https://shopeefood.vn/da-nang/quan-nha-trang-com-ga-com-vit-chao-vit,,,,,,https://shope.ee/113I4XC2Bn,
https://shopeefood.vn/da-nang/hieu-thao-chao-vit-vit-que-vit-co-214-thanh-hoa,,,,,,https://shope.ee/BUB50FCse,
https://shopeefood.vn/da-nang/chao-long-chao-vit-goi-vit-65-le-huu-trac,,,,,,https://shope.ee/1AkshFqDd,
https://shopeefood.vn/da-nang/mi-na-com-ga-tai-mui-tron-chao-ga-vit,,,,,,https://shope.ee/W71TcDwCk,
https://shopeefood.vn/da-nang/74-quan-banh-canh-vit-chao-ga-vit-nguyen-cong-tru,,,,,,https://shope.ee/LnbHJEZXj,
https://shopeefood.vn/da-nang/vit-que-dai-loc-chao-vit-vit-luoc-goi-vit,,,,,,https://shope.ee/2BFFSg7ap6,
https://shopeefood.vn/da-nang/a-tai-vit-quay-ty-ba-ga-nuong-mam-nhi-chao-vit-luoc,,,,,,https://shope.ee/20vpGN8EA5,
https://shopeefood.vn/da-nang/banh-canh-chao-vit-hoa-pham-nhu-xuong,,,,,,https://shope.ee/2Vs5rI6K9C,
https://shopeefood.vn/da-nang/quan-long-nhung-long-tha-lau-long-chao-long,,,,,,https://shope.ee/2LYfez6xUB,
https://shopeefood.vn/da-nang/chao-long-banh-hoi-met-long-82-kon-tum,,,,,,https://shope.ee/1VzYfSA8B2,
https://shopeefood.vn/da-nang/quan-linh-dan-chao-long-chao-xuong-banh-hoi,,,,,,https://shope.ee/1Lg8T9AlW1,
https://shopeefood.vn/da-nang/chao-binh-dan-chao-long-chao-gio-chao-xuong-12b-bac-son,,,,,,https://shope.ee/1qcP448rV8,
https://shopeefood.vn/da-nang/chao-long-xoi-ga-nguyen-thi-minh-khai,,,,,,https://shope.ee/1gIyrl9Uq7,
https://shopeefood.vn/da-nang/hai-nguyen-chao-long-gio-cha-bac-nguyen-tat-thanh.iicooz,,,,,,https://shope.ee/8pm9OviDIW,
https://shopeefood.vn/da-nang/quan-hien-banh-hoi-chao-long-chau-thi-vinh-te,,,,,,https://shope.ee/8fSjCciqdV,
https://shopeefood.vn/da-nang/my-quang-hai-man-my-quang-chao-long-xuong-ma-ham,,,,,,https://shope.ee/9AOznXgwcc,
https://shopeefood.vn/da-nang/quan-trang-chao-long-xuong-ma-ham,,,,,,https://shope.ee/905ZbEhZxb,
https://shopeefood.vn/da-nang/quan-phuong-bun-bo-chao-long,,,,,,https://shope.ee/8AWSbhkkeS,
https://shopeefood.vn/da-nang/chao-long-hoa-chau-tam-ky-pham-tu,,,,,,https://shope.ee/80D2POlNzR,
https://shopeefood.vn/da-nang/quan-thanh-chao-long-banh-hoi,,,,,,https://shope.ee/8V9J0JjTyY,
https://shopeefood.vn/da-nang/bun-long-chao-long-bac-son,,,,,,https://shope.ee/8Kpso0k7JX,
https://shopeefood.vn/da-nang/co-tho-banh-hoi-chao-long-628-nui-thanh,,,,,,https://shope.ee/AAHWzNd8au,
https://shopeefood.vn/da-nang/di-tuong-chao-long-bun-long-xao-nghe-39-nguyen-chi-thanh,,,,,,https://shope.ee/9zy6n4dlvt,
https://shopeefood.vn/da-nang/chao-long-truong-son-nui-thanh,,,,,,https://shope.ee/AUuNNzbrv0,
https://shopeefood.vn/da-nang/co-ba-dai-lanh-my-quang-chao-long-da-son,,,,,,https://shope.ee/AKaxBgcVFz,
https://shopeefood.vn/da-nang/quan-hanh-chao-long-banh-hoi,,,,,,https://shope.ee/9V1qC9ffwq,
https://shopeefood.vn/da-nang/chao-long-o-luu-309-le-quang-chi,,,,,,https://shope.ee/9KiPzqgJHp,
https://shopeefood.vn/da-nang/ha-vy-chao-long-bun-long-xao-nghe-le-do.sxnixn,,,,,,https://shope.ee/9pegalePGw,
https://shopeefood.vn/da-nang/com-suon-nuong-3-ngon-chao-long-tha,,,,,,https://shope.ee/9fLGOSf2bv,
https://shopeefood.vn/da-nang/bep-tay-bac-chao-long-long-doi-14-le-van-huu,,,,,,https://shope.ee/6AlOE1sMiG,
https://shopeefood.vn/da-nang/bep-ngoai-may-banh-hoi-chao-long-le-dinh-ly,,,,,,https://shope.ee/60Ry1it03F,
https://shopeefood.vn/da-nang/chao-long-538-chao-luon-banh-hoi-long-lon-le-van-hien,,,,,,https://shope.ee/6VOEcdr62M,
https://shopeefood.vn/da-nang/heo-quay-a-fu-banh-mi-banh-hoi-ba-chi-gion-da,,,,,,https://shope.ee/6L4oQKrjNL,
https://shopeefood.vn/da-nang/heo-quay-ba-chi-gion-gia-banh-minh-heo-quay-tran-ngoc-suong,,,,,,https://shope.ee/5VVhQnuu4C,
https://shopeefood.vn/da-nang/banh-mi-o-heo-quay-thit-xiu-da-nang-van-can,,,,,,https://shope.ee/5LCHEUvXPB,
https://shopeefood.vn/da-nang/banh-mi-heo-quay-tin-69a-chau-thi-vinh-te,,,,,,https://shope.ee/5q8XpPtdOI,
https://shopeefood.vn/da-nang/banh-mi-heo-quay-haha-259-nui-thanh,,,,,,https://shope.ee/5fp7d6uGjH,
https://shopeefood.vn/da-nang/banh-beo-banh-uot-bun-mam-heo-quay-ba-huyen-thanh-quan,,,,,,https://shope.ee/7VGloTnI0e,
https://shopeefood.vn/da-nang/khang-nguyen-banh-mi-heo-quay-tra-bi-dao,,,,,,https://shope.ee/7KxLcAnvLd,
https://shopeefood.vn/da-nang/nem-nuong-by-beo-48-chau-thi-vinh-te,,,,,,https://shope.ee/7ptcD5m1Kk,
https://shopeefood.vn/da-nang/nem-nuong-quy-nhon-hai-hao-25-hoang-hoa-tham,,,,,,https://shope.ee/7faC0mmefj,
https://shopeefood.vn/da-nang/nem-nuong-hai-thanh-nguyen-phuoc-lan,,,,,,https://shope.ee/6q151FppMa,
https://shopeefood.vn/da-nang/quan-di-loan-banh-cuon-tay-son-nem-nuong-cho-huyen-sua-chua-mix-2-thang-9,,,,,,https://shope.ee/6fheowqShZ,
https://shopeefood.vn/da-nang/nem-nuong-ninh-hoa-bana-114-le-thanh-nghi,,,,,,https://shope.ee/7AdvProYgg,
https://shopeefood.vn/da-nang/an-vat-ba-bong-an-vat-quang-ngai,,,,,,https://shope.ee/70KVDYpC1f,
https://shopeefood.vn/da-nang/lac-son-ga-vit-ba-chi-hap-nuong-nem-cha-ga-kho-73-ngo-gia-tu,,,,,,https://shope.ee/3LRCqp39Sy,
https://shopeefood.vn/da-nang/ong-nhi-dac-san-nem-nuong-nha-trang-46-le-duy-dinh,,,,,,https://shope.ee/3Vkd382W81,
https://shopeefood.vn/da-nang/nem-di-lai-dac-san-nha-trang,,,,,,https://shope.ee/3g43FR1sn4,
https://shopeefood.vn/da-nang/quan-thao-le-bun-thit-nuong-nem-nuong-ho-quy-ly,,,,,,https://shope.ee/3qNTRk1FS7,
https://shopeefood.vn/da-nang/quan-an-dimsum-pasteur,,,,,,https://shope.ee/2gBW3b5gou,
https://shopeefood.vn/da-nang/dimsum-takeaway-sui-cao-ha-cao,,,,,,https://shope.ee/2qUwFu53Tx,
https://shopeefood.vn/da-nang/dimsum-mi-tron-an-vat-u-u,,,,,,https://shope.ee/30oMSD4Q90,
https://shopeefood.vn/da-nang/dimsum-a-duc-cn-da-nang,,,,,,https://shope.ee/3B7meW3mo3,
https://shopeefood.vn/da-nang/woon-dimsum-32-nui-thanh,,,,,,https://shope.ee/4fwaRGy4lM,
https://shopeefood.vn/da-nang/dimsum-ba-thim,,,,,,https://shope.ee/4qG0dZxRQP,
https://shopeefood.vn/da-nang/bao-dimsum,,,,,,https://shope.ee/50ZQpswo5S,
https://shopeefood.vn/da-nang/dimsum-sinh-to-ca-phe,,,,,,https://shope.ee/5Asr2BwAkV,
https://shopeefood.vn/da-nang/dimsum-ba-thim-62-an-thuong-20,,,,,,https://shope.ee/40gte30c7I,
https://shopeefood.vn/da-nang/dimsum-me-online-tran-cao-van,,,,,,https://shope.ee/4B0JqLzymL,
https://shopeefood.vn/da-nang/dimsum-ha-cao-dolly,,,,,,https://shope.ee/4LJk2ezLRO,
https://shopeefood.vn/da-nang/dimsum-an-vat-79-to-huu,,,,,,https://shope.ee/4VdAExyi6R,
https://shopeefood.vn/da-nang/tiem-cuu-nhi-sua-dau-nanh-say-dimsum-tieu-long-bao,,,,,,https://shope.ee/gQRfvDIsi,
https://shopeefood.vn/da-nang/mom-s-dimsum-ha-cao-sui-cao,,,,,,https://shope.ee/qjrsECfXl,
https://shopeefood.vn/da-nang/dimsum-ha-cao-xiu-mai-co-ba,,,,,,https://shope.ee/113I4XC2Co,
https://shopeefood.vn/da-nang/banh-bao-tho-phat-ong-ich-khiem,,,,,,https://shope.ee/1BMiGqBOrr,
https://shopeefood.vn/da-nang/coi-chicken-feet-dimsum,,,,,,https://shope.ee/1AkshFqEe,
https://shopeefood.vn/da-nang/my-xa-ban-dirty-noodles-dimsum-119-le-dinh-duong,,,,,,https://shope.ee/BUB50FCth,
https://shopeefood.vn/da-nang/tiem-an-cho-lon-phan-dang-luu,,,,,,https://shope.ee/LnbHJEZYk,
https://shopeefood.vn/da-nang/happy-quan-xoi-khau-nhuc-my-xiu-hoanh-thanh-55-thanh-hai,,,,,,https://shope.ee/W71TcDwDn,
https://shopeefood.vn/da-nang/o-tuyet-mi-xiu-hoanh-thanh-cao-lau,,,,,,https://shope.ee/20vpGN8EB6,
https://shopeefood.vn/da-nang/quan-quynh-bun-dau-mam-tom-hoanh-thanh-canh-ga-chien-mam,,,,,,https://shope.ee/2BFFSg7aq9,
https://shopeefood.vn/da-nang/banh-mi-que-tu-hai-le-thanh-nghi,,,,,,https://shope.ee/2LYfez6xVC,
https://shopeefood.vn/da-nang/hanh-an-cook-banh-mi-pate-cot-den-hai-phong--nui-thanh,,,,,,https://shope.ee/2Vs5rI6KAF,
https://shopeefood.vn/da-nang/banh-mi-que-tu-hai-244-nui-thanh,,,,,,https://shope.ee/1Lg8T9AlX2,
https://shopeefood.vn/da-nang/may-hotpot-my-cay-an-vat-tra-sua-nui-thanh,,,,,,https://shope.ee/1VzYfSA8C5,
https://shopeefood.vn/da-nang/tra-sua-kem-mi-xua-nui-thanh,,,,,,https://shope.ee/1gIyrl9Ur8,
https://shopeefood.vn/da-nang/tra-sua-nguyen-my-cay-xien-que-127-ly-dao-thanh,,,,,,https://shope.ee/1qcP448rWB,
https://shopeefood.vn/da-nang/mi-cay-octopus-le-thanh-nghi,,,,,,https://shope.ee/8fSjCciqeW,
https://shopeefood.vn/da-nang/sui-cao-mi-tron-quan-an-gia-dinh-vinh-hoa-253-le-thanh-nghi,,,,,,https://shope.ee/8pm9OviDJZ,
https://shopeefood.vn/da-nang/bep-nha-le-nguyet-mi-quang-nui-thanh,,,,,,https://shope.ee/905ZbEhZyc,
https://shopeefood.vn/da-nang/banh-mi-ya-ya-le-thanh-nghi,,,,,,https://shope.ee/9AOznXgwdf,
https://shopeefood.vn/da-nang/oc-nuong-be-mi-286-le-thanh-nghi,,,,,,https://shope.ee/80D2POlO0S,
https://shopeefood.vn/da-nang/banh-mi-tot-bung-94-le-thanh-nghi,,,,,,https://shope.ee/8AWSbhkkfV,
https://shopeefood.vn/da-nang/khanh-garden-lau-noi-da-dai-loan-com-chien-my-xao-lap-xuong-vo-nghia.zkb5wm,,,,,,https://shope.ee/8Kpso0k7KY,
https://shopeefood.vn/da-nang/bun-dau-da-gion-chan-ga-sach-my-xao-rumrum,,,,,,https://shope.ee/8V9J0JjTzb,
https://shopeefood.vn/da-nang/bep-ngo-banh-trang-thit-heo-com-ga-phu-yen-bun-mam-nam-ky-khoi-nghia,,,,,,https://shope.ee/9zy6n4dlwu,
https://shopeefood.vn/da-nang/com-ga-di-ba-2-to-huu,,,,,,https://shope.ee/AAHWzNd8bx,
https://shopeefood.vn/da-nang/tiem-ca-phe-hanh-phuc-ca-phe-muoi-com-ga-ngon-255-yen-khe-2,,,,,,https://shope.ee/AKaxBgcVH0,
https://shopeefood.vn/da-nang/pho-ga-ta-trung-chay-com-suon-nuong-met-ga-ta-139-ngo-huy-dien,,,,,,https://shope.ee/AUuNNzbrw3,
https://shopeefood.vn/da-nang/com-ga-xoi-mo-com-chien-bo-suon-trung-pham-the-hien,,,,,,https://shope.ee/9KiPzqgJIq,
https://shopeefood.vn/da-nang/tiem-an-bubu-com-my-chan-ga-trung-nu-vuong,,,,,,https://shope.ee/9V1qC9ffxt,
https://shopeefood.vn/da-nang/nem-nuong-nha-trang-my-cay-han-quoc-trung-vit-lon-vo-van-kiet,,,,,,https://shope.ee/qjrsEAwzs,
https://shopeefood.vn/da-nang/cora-coffee-tra-gao-han-quoc-tra-trai-cay-nhiet-doi,,,,,,https://shope.ee/gQRfvBaKr,
https://shopeefood.vn/da-nang/tanna-my-cay-my-tuong-den-com-tam,,,,,,https://shope.ee/1BMiGq9gJy,
https://shopeefood.vn/da-nang/hanh-an-cook-banh-mi-pate-cot-den-hai-phong,,,,,,https://shope.ee/113I4XAJex,
https://shopeefood.vn/da-nang/tuong-ky-2-banh-mi-banh-ngot-167-luong-nhu-hoc,,,,,,https://shope.ee/1VzYfS8Pe4,
https://shopeefood.vn/da-nang/pho-hong-huy-pho-mien-com-chien,,,,,,https://shope.ee/1Lg8T992z3,
https://shopeefood.vn/da-nang/pho-gia-truyen-nam-dinh-com-chien-thanh-nam,,,,,,https://shope.ee/1qcP4478yA,
https://shopeefood.vn/da-nang/com-chien-gion-au-thanh,,,,,,https://shope.ee/1gIyrl7mJ9,
https://shopeefood.vn/da-nang/pho-co-thanh-pho-com-chien-51-phan-dang-luu,,,,,,https://shope.ee/2BFFSg5sIG,
https://shopeefood.vn/da-nang/com-ga-le-nguyen,,,,,,https://shope.ee/20vpGN6VdF,
https://shopeefood.vn/da-nang/quan-lien-com-chien-mi,,,,,,https://shope.ee/2Vs5rI4bcM,
https://shopeefood.vn/da-nang/bep-nha-tep-my-quang-oc-lau-1-nguoi-39k,,,,,,https://shope.ee/2LYfez5ExL,
https://shopeefood.vn/da-nang/banh-ca-taiyaki-lyli-an-vat-do-an-nhanh,,,,,,https://shope.ee/8Kpso0iOmW,
https://shopeefood.vn/da-nang/ca-phe-tra-do-an-duoi-hien-nha-115a-tran-van-du,,,,,,https://shope.ee/8V9J0JhlRZ,
https://shopeefood.vn/da-nang/banh-ca-taiyaki-lyli-an-vat-do-an-nhanh-150-van-tien-dung,,,,,,https://shope.ee/80D2POjfSU,
https://shopeefood.vn/da-nang/ri-s-handmade-yogurt-sua-chua-do-an-ca-phe,,,,,,https://shope.ee/8AWSbhj27X,
https://shopeefood.vn/da-nang/thang-ca-phe-tra-do-an-vat-my-thi.vfnszb,,,,,,https://shope.ee/905ZbEfrQi,
https://shopeefood.vn/da-nang/goc-nham-nhi-ba-ri-an-vat-do-uong-dac-san,,,,,,https://shope.ee/9AOznXfE5l,
https://shopeefood.vn/da-nang/quan-van-banh-xeo-my-quang-bun-mam,,,,,,https://shope.ee/8fSjCch86g,
https://shopeefood.vn/da-nang/quan-quynh-anh-banh-beo-nong-banh-xeo-banh-uot,,,,,,https://shope.ee/8pm9OvgUlj,
https://shopeefood.vn/da-nang/banh-canh-ghe-quan-nhat-co-so-2-duong-2-9,,,,,,https://shope.ee/9fLGOSdK4u,
https://shopeefood.vn/da-nang/banh-ep-deo-hue-thanh-khe,,,,,,https://shope.ee/9pegalcgjx,
https://shopeefood.vn/da-nang/a-ty-banh-crepe-sau-rieng-dung-si-thanh-khe,,,,,,https://shope.ee/9KiPzqeaks,
https://shopeefood.vn/da-nang/nhat-quyen-banh-trang-tron-sai-gon-ca-phe-muoi-matcha-latte-212-bac-son,,,,,,https://shope.ee/9V1qC9dxPv,
https://shopeefood.vn/da-nang/tiem-banh-duck-tra-sua-kem-pizza-dinh-nhat-tan,,,,,,https://shope.ee/AKaxBgamj6,
https://shopeefood.vn/da-nang/anh-map-fast-food-49-nguyen-quy-duc,,,,,,https://shope.ee/AUuNNza9O9,
https://shopeefood.vn/da-nang/bep-me-tao-my-tron-indomi-sandwich-com-nam,,,,,,https://shope.ee/9zy6n4c3P4,
https://shopeefood.vn/da-nang/moon-sandwich-coffee-milk-tea,,,,,,https://shope.ee/AAHWzNbQ47,
https://shopeefood.vn/da-nang/moon-coffee-milk-tea-sandwich,,,,,,https://shope.ee/5fp7d6sYCG,
https://shopeefood.vn/da-nang/kiki-food-kimbab-mi-tron-sandwich,,,,,,https://shope.ee/5q8XpPrurJ,
https://shopeefood.vn/da-nang/aussie-grill-burger-sandwich-smoothies,,,,,,https://shope.ee/5LCHEUtosE,
https://shopeefood.vn/da-nang/sandi-sandwich-burger-my-y-ngo-van-so,,,,,,https://shope.ee/5VVhQntBXH,
https://shopeefood.vn/da-nang/tafu-mini-breakfast-sandwich-com-nam-com-tron-303-to-hieu,,,,,,https://shope.ee/6L4oQKq0qS,
https://shopeefood.vn/da-nang/putin-fastfood-com-nam-onigiri-com-cuon-sandwich,,,,,,https://shope.ee/6VOEcdpNVV,
https://shopeefood.vn/da-nang/gina-s-burger-hamburger-hotdog-sandwich-tien-son-18.kcg2fw,,,,,,https://shope.ee/60Ry1irHWQ,
https://shopeefood.vn/da-nang/lo-banh-mi-quoc-toan-kebab-banh-mi-muoi-ot-banh-mi-thit-nuong,,,,,,https://shope.ee/6AlOE1qeBT,
https://shopeefood.vn/da-nang/doner-kebab-banh-mi-kebab-kem-nuop-ep,,,,,,https://shope.ee/70KVDYnTUe,
https://shopeefood.vn/da-nang/kim-anh-food-banh-my-kebab-coffee-nuoc-ep,,,,,,https://shope.ee/7AdvPrmq9h,
https://shopeefood.vn/da-nang/family1-kebab-burger-banh-mi-le-van-hien,,,,,,https://shope.ee/6fheowokAc,
https://shopeefood.vn/da-nang/banh-mi-xoi-kebab-ba-noi,,,,,,https://shope.ee/6q151Fo6pf,
https://shopeefood.vn/da-nang/kingdish-banh-mi-hamburger-hotdog-kebab-pham-cu-luong,,,,,,https://shope.ee/7faC0mkw8q,
https://shopeefood.vn/da-nang/banh-mi-mi-cay-com-cuon-143-do-doc-lan,,,,,,https://shope.ee/7ptcD5kInt,
https://shopeefood.vn/da-nang/be-vy-quan-my-quang-ga-da-bun-mam-thit-heo-muoi-cuon-banh-trang,,,,,,https://shope.ee/7KxLcAmCoo,
https://shopeefood.vn/da-nang/banh-cuon-tay-son-an-vat-chan-ga-ut-nau,,,,,,https://shope.ee/7VGloTlZTr,
https://shopeefood.vn/da-nang/tokbokki-ram-cuon-cai-chan-ga-sot-thai-chau-thi-vinh-te,,,,,,https://shope.ee/30oMSD2hc0,
https://shopeefood.vn/da-nang/banh-ga-than-thanh-co-phuong-hoang-dieu,,,,,,https://shope.ee/3B7meW24H3,
https://shopeefood.vn/da-nang/banh-cuon-tay-son-dac-san-binh-dinh-nguyen-cong-tru,,,,,,https://shope.ee/2gBW3b3yHy,
https://shopeefood.vn/da-nang/an-vat-minao-chan-ga-banh-trang-tron-bun-tron-cho-hoa-cam,,,,,,https://shope.ee/2qUwFu3Kx1,
https://shopeefood.vn/da-nang/chan-ga-banh-trang-cam-thao,,,,,,https://shope.ee/3g43FR0AGC,
https://shopeefood.vn/da-nang/burritos-nha-h-o-tacos-burritos-hamburger,,,,,,https://shope.ee/3qNTRjzWvF,
https://shopeefood.vn/da-nang/tiem-banh-mi-mexico-tacos-hamburger-va-an-vat-k113-hoang-van-thai,,,,,,https://shope.ee/3LRCqp1QwA,
https://shopeefood.vn/da-nang/mia-food-drink-breakfast-pizza-burger,,,,,,https://shope.ee/3Vkd380nbD,
https://shopeefood.vn/da-nang/ga-nuong-kem-xoi-bao-ngon-a-huy-114-nguyen-huy-tuong,,,,,,https://shope.ee/4LJk2excuO,
https://shopeefood.vn/da-nang/ga-nuong-ngon-kem-xoi-anhhuy,,,,,,https://shope.ee/4VdAExwzZR,
https://shopeefood.vn/da-nang/co-rim-banh-my-muoi-ot-lap-xuong-nuong-da-khoai-tay-loc-xoay,,,,,,https://shope.ee/40gte2ytaM,
https://shopeefood.vn/da-nang/bam-ga-ran-hamburger-khoai-tay-chien-trung-nu-vuong,,,,,,https://shope.ee/4B0JqLyGFP,
https://shopeefood.vn/da-nang/zzeytun-11-an-thuong-2,,,,,,https://shope.ee/50ZQpsv5Ya,
https://shopeefood.vn/da-nang/ga-nuong-com-lam-tay-nguyen,,,,,,https://shope.ee/5Asr2BuSDd,
https://shopeefood.vn/da-nang/nhim-kammui-ga-ran-khoai-lang-lac-khoai-tay-chien,,,,,,https://shope.ee/4fwaRGwMEY,
https://shopeefood.vn/da-nang/ga-nuong-tay-ninh-quang-lam-ngo-quyen,,,,,,https://shope.ee/4qG0dZvitb,
https://shopeefood.vn/da-nang/namsan-s-kitchen-com-my-y,,,,,,https://shope.ee/LnbHJCr1k,
https://shopeefood.vn/da-nang/citron-85-pizza-mi-y-ca-phe,,,,,,https://shope.ee/W71TcCDgn,
https://shopeefood.vn/da-nang/haven-ga-ran-com-ga-my-y,,,,,,https://shope.ee/1AkshE7hi,
https://shopeefood.vn/da-nang/n-food-my-tron-my-y-my-indomie-chu-manh-trinh,,,,,,https://shope.ee/BUB50DUMl,
https://shopeefood.vn/da-nang/chao-dinh-duong-sup-mi-y-thanh-nga,,,,,,https://shope.ee/113I4XAJfw,
https://shopeefood.vn/da-nang/an-nha-ha-my-y-tra-sua-150-29-nguyen-nhu-hanh,,,,,,https://shope.ee/1BMiGq9gKz,
https://shopeefood.vn/da-nang/chu-no-mi-y-mi-tron-tokbokki-k89-45-le-van-huu,,,,,,https://shope.ee/gQRfvBaLu,
https://shopeefood.vn/da-nang/shinn-foood-mi-y-mi-tron-and-drink-9-le-van-duc,,,,,,https://shope.ee/qjrsEAx0x,
https://shopeefood.vn/da-nang/juice-salad-heylife-50-an-thuong-24,,,,,,https://shope.ee/1gIyrl7mK8,
https://shopeefood.vn/da-nang/heylife-healthy-office-lunch-52-an-thuong-24,,,,,,https://shope.ee/1qcP4478zB,
https://shopeefood.vn/da-nang/mona-trai-cay-ca-phe-my-y,,,,,,https://shope.ee/1Lg8T99306,
https://shopeefood.vn/da-nang/bun-bo-thuy-405-nui-thanh.tzszh5,,,,,,https://shope.ee/1VzYfS8Pf9,
https://shopeefood.vn/da-nang/bun-bo-co-diep-nui-thanh,,,,,,https://shope.ee/2LYfez5EyK,
https://shopeefood.vn/da-nang/bun-bo-a-ty-522-01-nui-thanh,,,,,,https://shope.ee/2Vs5rI4bdN,
https://shopeefood.vn/da-nang/nuong-bo-ha-noi-2-401-nui-thanh,,,,,,https://shope.ee/20vpGN6VeI,
https://shopeefood.vn/da-nang/bo-gung-milo-ca-phe-lao-sieu-ngon-nuoc-uong-231-nui-thanh.qrdain,,,,,,https://shope.ee/2BFFSg5sJL,
https://shopeefood.vn/da-nang/trung-lon-ngon-trung-vit-lon-cut-lon-xao-me-233-nui-thanh,,,,,,https://shope.ee/8V9J0JhlSa,
https://shopeefood.vn/da-nang/bep-quoang-ga-ac-tiem-thuoc-bac-chao-com-chien,,,,,,https://shope.ee/8Kpso0iOnZ,
https://shopeefood.vn/da-nang/chao-nhung-huou-ga-ac-bo-cau-xi-trum-quan,,,,,,https://shope.ee/8AWSbhj28Y,
https://shopeefood.vn/da-nang/chao-hai-san-ga-u-muoi-an-hai-tay,,,,,,https://shope.ee/80D2POjfTX,
https://shopeefood.vn/da-nang/dung-hai-lang-chao-bot-ca-ram-cuon-cai-chan-ga-sa-tac-bau-nang-1,,,,,,https://shope.ee/9AOznXfE6m,
https://shopeefood.vn/da-nang/bo-kho-banh-mi-xoi-nuoc-ep-184-nguyen-luong-bang,,,,,,https://shope.ee/905ZbEfrRl,
https://shopeefood.vn/da-nang/th-juice-food-banh-my-bo-kho-nuoc-ep-sinh-to-nguyen-luong-bang.lswobk,,,,,,https://shope.ee/8pm9OvgUmk,
https://shopeefood.vn/da-nang/banh-canh-bo-kho-banh-beo-a-chin,,,,,,https://shope.ee/8fSjCch87j,
https://shopeefood.vn/da-nang/tiem-an-co-duyen-com-bo-kho-mi-xa-xiu,,,,,,https://shope.ee/9pegalcgky,
https://shopeefood.vn/da-nang/sang-hong-xoi-thit-nuong-bo-kho-banh-mi,,,,,,https://shope.ee/9fLGOSdK5x,
https://shopeefood.vn/da-nang/pho-trang-pho-kho-bo-kho-mi-quang,,,,,,https://shope.ee/9V1qC9dxQw,
https://shopeefood.vn/da-nang/co-ha-banh-canh-xuong-cha-xoi-thit-kho-trung-banh-mi-nuong-muoi-ot,,,,,,https://shope.ee/9KiPzqealv,
https://shopeefood.vn/da-nang/banh-can-bo-kho-bo-kho-duong-ray,,,,,,https://shope.ee/AUuNNza9PA,
https://shopeefood.vn/da-nang/chi-phuong-bo-kho-banh-mi-sup-cua-sai-gon-xoi-trung-nhi,,,,,,https://shope.ee/AKaxBgamk9,
https://shopeefood.vn/da-nang/bep-hue-banh-canh-bo-kho-bun-mam,,,,,,https://shope.ee/AAHWzNbQ58,
https://shopeefood.vn/da-nang/kk88-banh-mi-chao-bo-kho-bun-mam,,,,,,https://shope.ee/9zy6n4c3Q7,
https://shopeefood.vn/da-nang/my-xiu-bo-kho-nuoc-ep-thu-my-xiu-dinh-tien-hoang.jfd9ej,,,,,,https://shope.ee/5q8XpPrusK,
https://shopeefood.vn/da-nang/com-tu-chon-bun-thai-hu-tieu-mi-bo-kho-long-lan-quan-dong-da,,,,,,https://shope.ee/5fp7d6sYDJ,
https://shopeefood.vn/da-nang/quan-co-thoa-banh-hoi-thit-nuong-banh-cuon-cha-lua-bo-kho,,,,,,https://shope.ee/5VVhQntBYI,
https://shopeefood.vn/da-nang/tiem-an-98-banh-canh-bun-cha-ha-noi-bo-kho-thanh-thuy,,,,,,https://shope.ee/5LCHEUtotH,
https://shopeefood.vn/da-nang/bo-kho-op-la-mi-xiu-banh-cuon-nong-quan-co-tam,,,,,,https://shope.ee/6VOEcdpNWW,
https://shopeefood.vn/da-nang/bo-kho-banh-my-com-mi-quang-pham-cu-luong,,,,,,https://shope.ee/6L4oQKq0rV,
https://shopeefood.vn/da-nang/tam-bakery-banh-mi-bo-pate-xoi-ngon-2-vi,,,,,,https://shope.ee/6AlOE1qeCU,
https://shopeefood.vn/da-nang/tam-bakery-banh-mi-bo-pate-phan-thanh,,,,,,https://shope.ee/60Ry1irHXT,
https://shopeefood.vn/da-nang/banh-mi-sai-gon-xoi-man-chu-van-pham-nhu-xuong,,,,,,https://shope.ee/1AkshDzAH,
https://shopeefood.vn/da-nang/xoi-man-ut-mai,,,,,,https://shope.ee/W71TcC59O,
https://shopeefood.vn/da-nang/banh-mi-sai-gon-xoi-man-chu-van,,,,,,https://shope.ee/LnbHJCiUN,
https://shopeefood.vn/da-nang/nuoc-mia-xoi-man-cong-thang,,,,,,https://shope.ee/qjrsEAoTU,
https://shopeefood.vn/da-nang/xoi-man-bep-le,,,,,,https://shope.ee/gQRfvBRoT,
https://shopeefood.vn/da-nang/xoi-man-a-beu,,,,,,https://shope.ee/1BMiGq9Xna,
https://shopeefood.vn/da-nang/xoi-e-xoi-man-xi-gon-tran-cao-van.xieeeg,,,,,,https://shope.ee/113I4XAB8Z,
https://shopeefood.vn/da-nang/xoi-man-sai-gon-ca-phe-146-nguyen-phuoc-lan,,,,,,https://shope.ee/9fLGOSdBYG,
https://shopeefood.vn/da-nang/xoi-xeo-xoi-man-mi-tron-cay-indomie,,,,,,https://shope.ee/9pegalcYDJ,
https://shopeefood.vn/da-nang/xoi-man-sai-gon-ng-139-huynh-thuc-khang,,,,,,https://shope.ee/9KiPzqeSEE,
https://shopeefood.vn/da-nang/quan-duyen-banh-cuon-nong-xoi-man-sai-gon,,,,,,https://shope.ee/9V1qC9dotH,
https://shopeefood.vn/da-nang/tiem-han-banh-mi-xoi-man-nuoc-ep,,,,,,https://shope.ee/AKaxBgaeCS,
https://shopeefood.vn/da-nang/xoi-man-tiem-hai-chi-em,,,,,,https://shope.ee/AUuNNza0rV,
https://shopeefood.vn/da-nang/tiem-xoi-thung-xoi-man-xoi-khuc-banh-gio,,,,,,https://shope.ee/9zy6n4busQ,
https://shopeefood.vn/da-nang/banh-mi-xoi-man-co-khanh-203-ong-ich-khiem,,,,,,https://shope.ee/AAHWzNbHXT,
https://shopeefood.vn/da-nang/bin-q-xoi-man-banh-mi-giai-khat,,,,,,https://shope.ee/8Kpso0iGG8,
https://shopeefood.vn/da-nang/chao-dinh-duong-xoi-man-me-chang,,,,,,https://shope.ee/8V9J0JhcvB,
https://shopeefood.vn/da-nang/vy-vy-xoi-man-bo-kho-mieng-goi-bo,,,,,,https://shope.ee/80D2POjWw6,
https://shopeefood.vn/da-nang/xoi-man-xoi-chien-ga-cuc-tac,,,,,,https://shope.ee/8AWSbhitb9,
https://shopeefood.vn/da-nang/cau-be-ban-xoi-xoi-tra-sua,,,,,,https://shope.ee/905ZbEfiuK,
https://shopeefood.vn/da-nang/banh-mi-xoi-man-k-k-bread,,,,,,https://shope.ee/9AOznXf5ZN,
https://shopeefood.vn/da-nang/xoi-xeo-t1-dong-da,,,,,,https://shope.ee/8fSjCcgzaI,
https://shopeefood.vn/da-nang/xoi-xeo-t1,,,,,,https://shope.ee/8pm9OvgMFL,
https://shopeefood.vn/da-nang/ong-man-2-banh-xoi-tieu,,,,,,https://shope.ee/70KVDYnKy0,
https://shopeefood.vn/da-nang/xoi-xuan,,,,,,https://shope.ee/7AdvPrmhd3,
https://shopeefood.vn/da-nang/xoi-co-hai,,,,,,https://shope.ee/6fheowobdy,
https://shopeefood.vn/da-nang/xuyen-com-nam-com-cuon-xoi-man-59-thanh-luong-9,,,,,,https://shope.ee/6q151FnyJ1,
https://shopeefood.vn/da-nang/xoi-me-nau,,,,,,https://shope.ee/7faC0mkncC,
https://shopeefood.vn/da-nang/ngoc-dung-cake-food,,,,,,https://shope.ee/7ptcD5kAHF,
https://shopeefood.vn/da-nang/ong-hang-bread-banh-mi-que-banh-mi-chao-banh-mi-nuong-muoi-ot-le-van-tam.njprl5,,,,,,https://shope.ee/7KxLcAm4IA,
https://shopeefood.vn/da-nang/chao-food-banh-mi-chao-com-ga-com-suon,,,,,,https://shope.ee/7VGloTlQxD,
https://shopeefood.vn/da-nang/bo-banh-mi-chao-chan-ga-sot-thai-ca-phe,,,,,,https://shope.ee/5fp7d6sPfs,
https://shopeefood.vn/da-nang/banh-my-chao-123-chuong-duong,,,,,,https://shope.ee/5q8XpPrmKv,
https://shopeefood.vn/da-nang/banh-my-chao-208-ly-tu-trong-208-ly-tu-trong.bkwk86,,,,,,https://shope.ee/5LCHEUtgLq,
https://shopeefood.vn/da-nang/banh-my-chao-xoi-ga-com-ga-binh-map,,,,,,https://shope.ee/5VVhQnt30t,
https://shopeefood.vn/da-nang/banh-my-chao-nha-ford-nguyen-hoang,,,,,,https://shope.ee/6L4oQKpsK4,
https://shopeefood.vn/da-nang/banh-mi-fc-bep-chau-chau,,,,,,https://shope.ee/6VOEcdpEz7,
https://shopeefood.vn/da-nang/bep-rong-xoi-banh-mi-com-my-khe-7,,,,,,https://shope.ee/60Ry1ir902,
https://shopeefood.vn/da-nang/banh-my-chao-sup-a-ro,,,,,,https://shope.ee/6AlOE1qVf5,
https://shopeefood.vn/da-nang/mr-binh-banh-mi-chao-tra-trai-cay-tuoi-01-to-huu,,,,,,https://shope.ee/4LJk2exUNk,
https://shopeefood.vn/da-nang/bep-xiu-bun-thit-nuong-bun-mam-mi-xa-xiu,,,,,,https://shope.ee/4VdAExwr2n,
https://shopeefood.vn/da-nang/lo-quay-duy-le-vit-quay-ty-ba-vit-quay-la-moc-mat-heo-quay-no-com,,,,,,https://shope.ee/40gte2yl3i,
https://shopeefood.vn/da-nang/ga-nuong-com-lam-heo-vit-quay-a-man,,,,,,https://shope.ee/4B0JqLy7il,
https://shopeefood.vn/da-nang/vit-quay-ty-ba-vit-quay-la-moc-mat-pham-cu-luong,,,,,,https://shope.ee/50ZQpsux1w,
https://shopeefood.vn/da-nang/ken-vit-quay-ga-nuong-ba-chi-quay-lu-24-24,,,,,,https://shope.ee/5Asr2BuJgz,
https://shopeefood.vn/da-nang/vit-quay-da-thanh-com-tho-ga-nuong-vit-quay-212a-tran-cao-van,,,,,,https://shope.ee/4fwaRGwDhu,
https://shopeefood.vn/da-nang/vit-quay-ty-ba-da-gion-hai-dang,,,,,,https://shope.ee/4qG0dZvaMx,
https://shopeefood.vn/da-nang/hai-van-vit-quay-ty-ba-da-gion,,,,,,https://shope.ee/30oMSD2Z5c,
https://shopeefood.vn/da-nang/vit-quay-lu-la-moc-mat-gia-truyen-that-khe-chau-thi-vinh-te,,,,,,https://shope.ee/3B7meW1vkf,
https://shopeefood.vn/da-nang/vit-quay-ty-ba-da-gion-286a-le-thanh-nghi,,,,,,https://shope.ee/2gBW3b3pla,
https://shopeefood.vn/da-nang/vit-quay-da-gion-da-thanh-cs2-319-trung-nu-vuong,,,,,,https://shope.ee/2qUwFu3CQd,
https://shopeefood.vn/da-nang/vit-quay-ga-nuong-da-thanh,,,,,,https://shope.ee/3g43FR01jo,
https://shopeefood.vn/da-nang/vit-quay-da-gion-de-nhat-da-thanh,,,,,,https://shope.ee/3qNTRjzOOr,
https://shopeefood.vn/da-nang/vit-quay-1991-04-tay-son,,,,,,https://shope.ee/3LRCqp1IPm,
https://shopeefood.vn/da-nang/minh-vit-quay-lang-son-tieu-la,,,,,,https://shope.ee/3Vkd380f4p,
https://shopeefood.vn/da-nang/chef-loc-vit-quay-la-moc-mat-lang-son,,,,,,https://shope.ee/1gIyrl7dnU,
https://shopeefood.vn/da-nang/quan-ngon-vi-bac-heo-quay-vit-quay-lang-son,,,,,,https://shope.ee/1qcP4470SX,
https://shopeefood.vn/da-nang/quan-minh-chien-vit-quay-heo-quay-moc-mat-lang-son,,,,,,https://shope.ee/1Lg8T98uTS,
https://shopeefood.vn/da-nang/vit-quay-la-mac-mat-lang-son-nguyen-cong-tru,,,,,,https://shope.ee/1VzYfS8H8V,
https://shopeefood.vn/da-nang/dac-san-vit-quay-lu-lang-son,,,,,,https://shope.ee/2LYfez56Rg,
https://shopeefood.vn/da-nang/vit-quay-lang-son-da-nang-195-nguyen-hoang,,,,,,https://shope.ee/2Vs5rI4T6j,
https://shopeefood.vn/da-nang/vit-quay-lang-son-ga-nuong-lu-la-chanh-ky-dong,,,,,,https://shope.ee/20vpGN6N7e,
https://shopeefood.vn/da-nang/hoa-son-quan-vit-quay-ga-nuong-tran-van-ky,,,,,,https://shope.ee/2BFFSg5jmh,
https://shopeefood.vn/da-nang/vit-quay-ty-ba-a-hieu-ga-u-muoi-37-le-van-hien,,,,,,https://shope.ee/LnbHJCiVM,
https://shopeefood.vn/da-nang/ga-nuong-heo-quay-vit-nuong-chung-cu-le-van-duc,,,,,,https://shope.ee/W71TcC5AP,
https://shopeefood.vn/da-nang/dung-ga-quay-com-lam-ma-heo-nuong-muoi-ot-le-thanh-nghi,,,,,,https://shope.ee/1AkshDzBK,
https://shopeefood.vn/da-nang/duc-vit-vit-quay-lang-son-le-tan-trung,,,,,,https://shope.ee/BUB50DLqN,
https://shopeefood.vn/da-nang/vit-quay-159-le-dai-hanh.al82bk,,,,,,https://shope.ee/113I4XAB9Y,
https://shopeefood.vn/da-nang/pho-mi-xiu-mi-quang-pho-bao-tran-luong-dinh-cua,,,,,,https://shope.ee/1BMiGq9Xob,
https://shopeefood.vn/da-nang/cao-lau-my-xiu-hu-tieu-quynh-anh,,,,,,https://shope.ee/gQRfvBRpW,
https://shopeefood.vn/da-nang/be-trang-mi-xiu-447-hai-phong,,,,,,https://shope.ee/qjrsEAoUZ,
https://shopeefood.vn/da-nang/quan-nguyen-s-mi-xiu-trieu-chau-tran-hung-dao,,,,,,https://shope.ee/9pegalcYEK,
https://shopeefood.vn/da-nang/mi-xiu-cao-lau-ba-lan-k461-24-hai-phong,,,,,,https://shope.ee/9fLGOSdBZJ,
https://shopeefood.vn/da-nang/mi-xiu-tra-sua-xingfu-house,,,,,,https://shope.ee/9V1qC9douI,
https://shopeefood.vn/da-nang/my-xao-mien-xao-banh-bot-loc-24-24,,,,,,https://shope.ee/9KiPzqeSFH,
